TimeQuest Timing Analyzer report for PROYECTO_TOP
Mon Sep 28 19:24:37 2026
Quartus II 64-Bit Version 13.0.1 Build 232 06/12/2013 Service Pack 1 SJ Web Edition


---------------------
; Table of Contents ;
---------------------
  1. Legal Notice
  2. TimeQuest Timing Analyzer Summary
  3. Parallel Compilation
  4. Clocks
  5. Slow 1200mV 85C Model Fmax Summary
  6. Timing Closure Recommendations
  7. Slow 1200mV 85C Model Setup Summary
  8. Slow 1200mV 85C Model Hold Summary
  9. Slow 1200mV 85C Model Recovery Summary
 10. Slow 1200mV 85C Model Removal Summary
 11. Slow 1200mV 85C Model Minimum Pulse Width Summary
 12. Slow 1200mV 85C Model Setup: 'ANTIRREBOTE:inst7|inst10'
 13. Slow 1200mV 85C Model Setup: 'CLOCK_50'
 14. Slow 1200mV 85C Model Setup: 'CONTADOR_RIZO:inst|FFD:inst1|inst'
 15. Slow 1200mV 85C Model Setup: 'CONTADOR_RIZO:inst|FFD:inst|inst'
 16. Slow 1200mV 85C Model Hold: 'ANTIRREBOTE:inst7|inst10'
 17. Slow 1200mV 85C Model Hold: 'CONTADOR_RIZO:inst|FFD:inst|inst'
 18. Slow 1200mV 85C Model Hold: 'CLOCK_50'
 19. Slow 1200mV 85C Model Hold: 'CONTADOR_RIZO:inst|FFD:inst1|inst'
 20. Slow 1200mV 85C Model Recovery: 'CLOCK_50'
 21. Slow 1200mV 85C Model Removal: 'CLOCK_50'
 22. Slow 1200mV 85C Model Minimum Pulse Width: 'CLOCK_50'
 23. Slow 1200mV 85C Model Minimum Pulse Width: 'ANTIRREBOTE:inst7|inst10'
 24. Slow 1200mV 85C Model Minimum Pulse Width: 'CONTADOR_RIZO:inst|FFD:inst1|inst'
 25. Slow 1200mV 85C Model Minimum Pulse Width: 'CONTADOR_RIZO:inst|FFD:inst|inst'
 26. Setup Times
 27. Hold Times
 28. Clock to Output Times
 29. Minimum Clock to Output Times
 30. Slow 1200mV 85C Model Metastability Report
 31. Slow 1200mV 0C Model Fmax Summary
 32. Slow 1200mV 0C Model Setup Summary
 33. Slow 1200mV 0C Model Hold Summary
 34. Slow 1200mV 0C Model Recovery Summary
 35. Slow 1200mV 0C Model Removal Summary
 36. Slow 1200mV 0C Model Minimum Pulse Width Summary
 37. Slow 1200mV 0C Model Setup: 'ANTIRREBOTE:inst7|inst10'
 38. Slow 1200mV 0C Model Setup: 'CLOCK_50'
 39. Slow 1200mV 0C Model Setup: 'CONTADOR_RIZO:inst|FFD:inst|inst'
 40. Slow 1200mV 0C Model Setup: 'CONTADOR_RIZO:inst|FFD:inst1|inst'
 41. Slow 1200mV 0C Model Hold: 'ANTIRREBOTE:inst7|inst10'
 42. Slow 1200mV 0C Model Hold: 'CLOCK_50'
 43. Slow 1200mV 0C Model Hold: 'CONTADOR_RIZO:inst|FFD:inst|inst'
 44. Slow 1200mV 0C Model Hold: 'CONTADOR_RIZO:inst|FFD:inst1|inst'
 45. Slow 1200mV 0C Model Recovery: 'CLOCK_50'
 46. Slow 1200mV 0C Model Removal: 'CLOCK_50'
 47. Slow 1200mV 0C Model Minimum Pulse Width: 'CLOCK_50'
 48. Slow 1200mV 0C Model Minimum Pulse Width: 'ANTIRREBOTE:inst7|inst10'
 49. Slow 1200mV 0C Model Minimum Pulse Width: 'CONTADOR_RIZO:inst|FFD:inst1|inst'
 50. Slow 1200mV 0C Model Minimum Pulse Width: 'CONTADOR_RIZO:inst|FFD:inst|inst'
 51. Setup Times
 52. Hold Times
 53. Clock to Output Times
 54. Minimum Clock to Output Times
 55. Slow 1200mV 0C Model Metastability Report
 56. Fast 1200mV 0C Model Setup Summary
 57. Fast 1200mV 0C Model Hold Summary
 58. Fast 1200mV 0C Model Recovery Summary
 59. Fast 1200mV 0C Model Removal Summary
 60. Fast 1200mV 0C Model Minimum Pulse Width Summary
 61. Fast 1200mV 0C Model Setup: 'ANTIRREBOTE:inst7|inst10'
 62. Fast 1200mV 0C Model Setup: 'CLOCK_50'
 63. Fast 1200mV 0C Model Setup: 'CONTADOR_RIZO:inst|FFD:inst|inst'
 64. Fast 1200mV 0C Model Setup: 'CONTADOR_RIZO:inst|FFD:inst1|inst'
 65. Fast 1200mV 0C Model Hold: 'ANTIRREBOTE:inst7|inst10'
 66. Fast 1200mV 0C Model Hold: 'CLOCK_50'
 67. Fast 1200mV 0C Model Hold: 'CONTADOR_RIZO:inst|FFD:inst|inst'
 68. Fast 1200mV 0C Model Hold: 'CONTADOR_RIZO:inst|FFD:inst1|inst'
 69. Fast 1200mV 0C Model Recovery: 'CLOCK_50'
 70. Fast 1200mV 0C Model Removal: 'CLOCK_50'
 71. Fast 1200mV 0C Model Minimum Pulse Width: 'CLOCK_50'
 72. Fast 1200mV 0C Model Minimum Pulse Width: 'ANTIRREBOTE:inst7|inst10'
 73. Fast 1200mV 0C Model Minimum Pulse Width: 'CONTADOR_RIZO:inst|FFD:inst1|inst'
 74. Fast 1200mV 0C Model Minimum Pulse Width: 'CONTADOR_RIZO:inst|FFD:inst|inst'
 75. Setup Times
 76. Hold Times
 77. Clock to Output Times
 78. Minimum Clock to Output Times
 79. Fast 1200mV 0C Model Metastability Report
 80. Multicorner Timing Analysis Summary
 81. Setup Times
 82. Hold Times
 83. Clock to Output Times
 84. Minimum Clock to Output Times
 85. Board Trace Model Assignments
 86. Input Transition Times
 87. Slow Corner Signal Integrity Metrics
 88. Fast Corner Signal Integrity Metrics
 89. Setup Transfers
 90. Hold Transfers
 91. Recovery Transfers
 92. Removal Transfers
 93. Report TCCS
 94. Report RSKM
 95. Unconstrained Paths
 96. TimeQuest Timing Analyzer Messages



----------------
; Legal Notice ;
----------------
Copyright (C) 1991-2013 Altera Corporation
Your use of Altera Corporation's design tools, logic functions 
and other software and tools, and its AMPP partner logic 
functions, and any output files from any of the foregoing 
(including device programming or simulation files), and any 
associated documentation or information are expressly subject 
to the terms and conditions of the Altera Program License 
Subscription Agreement, Altera MegaCore Function License 
Agreement, or other applicable license agreement, including, 
without limitation, that your use is for the sole purpose of 
programming logic devices manufactured by Altera and sold by 
Altera or its authorized distributors.  Please refer to the 
applicable agreement for further details.



+----------------------------------------------------------------------------------------+
; TimeQuest Timing Analyzer Summary                                                      ;
+--------------------+-------------------------------------------------------------------+
; Quartus II Version ; Version 13.0.1 Build 232 06/12/2013 Service Pack 1 SJ Web Edition ;
; Revision Name      ; PROYECTO_TOP                                                      ;
; Device Family      ; Cyclone III                                                       ;
; Device Name        ; EP3C16F484C6                                                      ;
; Timing Models      ; Final                                                             ;
; Delay Model        ; Combined                                                          ;
; Rise/Fall Delays   ; Enabled                                                           ;
+--------------------+-------------------------------------------------------------------+


Parallel compilation was disabled, but you have multiple processors available. Enable parallel compilation to reduce compilation time.
+-------------------------------------+
; Parallel Compilation                ;
+----------------------------+--------+
; Processors                 ; Number ;
+----------------------------+--------+
; Number detected on machine ; 16     ;
; Maximum allowed            ; 1      ;
+----------------------------+--------+


+--------------------------------------------------------------------------------------------------------------------------------------------------------------------------------------------------------------------------------------+
; Clocks                                                                                                                                                                                                                               ;
+-----------------------------------+------+--------+------------+-------+-------+------------+-----------+-------------+-------+--------+-----------+------------+----------+--------+--------+---------------------------------------+
; Clock Name                        ; Type ; Period ; Frequency  ; Rise  ; Fall  ; Duty Cycle ; Divide by ; Multiply by ; Phase ; Offset ; Edge List ; Edge Shift ; Inverted ; Master ; Source ; Targets                               ;
+-----------------------------------+------+--------+------------+-------+-------+------------+-----------+-------------+-------+--------+-----------+------------+----------+--------+--------+---------------------------------------+
; ANTIRREBOTE:inst7|inst10          ; Base ; 1.000  ; 1000.0 MHz ; 0.000 ; 0.500 ;            ;           ;             ;       ;        ;           ;            ;          ;        ;        ; { ANTIRREBOTE:inst7|inst10 }          ;
; CLOCK_50                          ; Base ; 1.000  ; 1000.0 MHz ; 0.000 ; 0.500 ;            ;           ;             ;       ;        ;           ;            ;          ;        ;        ; { CLOCK_50 }                          ;
; CONTADOR_RIZO:inst|FFD:inst1|inst ; Base ; 1.000  ; 1000.0 MHz ; 0.000 ; 0.500 ;            ;           ;             ;       ;        ;           ;            ;          ;        ;        ; { CONTADOR_RIZO:inst|FFD:inst1|inst } ;
; CONTADOR_RIZO:inst|FFD:inst|inst  ; Base ; 1.000  ; 1000.0 MHz ; 0.000 ; 0.500 ;            ;           ;             ;       ;        ;           ;            ;          ;        ;        ; { CONTADOR_RIZO:inst|FFD:inst|inst }  ;
+-----------------------------------+------+--------+------------+-------+-------+------------+-----------+-------------+-------+--------+-----------+------------+----------+--------+--------+---------------------------------------+


+-----------------------------------------------------------------------------------------------------------------------------------+
; Slow 1200mV 85C Model Fmax Summary                                                                                                ;
+-------------+-----------------+-----------------------------------+---------------------------------------------------------------+
; Fmax        ; Restricted Fmax ; Clock Name                        ; Note                                                          ;
+-------------+-----------------+-----------------------------------+---------------------------------------------------------------+
; 316.86 MHz  ; 316.86 MHz      ; ANTIRREBOTE:inst7|inst10          ;                                                               ;
; 383.73 MHz  ; 250.0 MHz       ; CLOCK_50                          ; limit due to minimum period restriction (max I/O toggle rate) ;
; 1464.13 MHz ; 500.0 MHz       ; CONTADOR_RIZO:inst|FFD:inst1|inst ; limit due to minimum period restriction (tmin)                ;
+-------------+-----------------+-----------------------------------+---------------------------------------------------------------+
This panel reports FMAX for every clock in the design, regardless of the user-specified clock periods.  FMAX is only computed for paths where the source and destination registers or ports are driven by the same clock.  Paths of different clocks, including generated clocks, are ignored.  For paths between a clock and its inversion, FMAX is computed as if the rising and falling edges are scaled along with FMAX, such that the duty cycle (in terms of a percentage) is maintained. Altera recommends that you always use clock constraints and other slack reports for sign-off analysis.


----------------------------------
; Timing Closure Recommendations ;
----------------------------------
HTML report is unavailable in plain text report export.


+------------------------------------------------------------+
; Slow 1200mV 85C Model Setup Summary                        ;
+-----------------------------------+--------+---------------+
; Clock                             ; Slack  ; End Point TNS ;
+-----------------------------------+--------+---------------+
; ANTIRREBOTE:inst7|inst10          ; -5.264 ; -37.879       ;
; CLOCK_50                          ; -1.606 ; -20.927       ;
; CONTADOR_RIZO:inst|FFD:inst1|inst ; 0.317  ; 0.000         ;
; CONTADOR_RIZO:inst|FFD:inst|inst  ; 0.375  ; 0.000         ;
+-----------------------------------+--------+---------------+


+------------------------------------------------------------+
; Slow 1200mV 85C Model Hold Summary                         ;
+-----------------------------------+--------+---------------+
; Clock                             ; Slack  ; End Point TNS ;
+-----------------------------------+--------+---------------+
; ANTIRREBOTE:inst7|inst10          ; -0.256 ; -0.256        ;
; CONTADOR_RIZO:inst|FFD:inst|inst  ; -0.074 ; -0.074        ;
; CLOCK_50                          ; -0.073 ; -0.118        ;
; CONTADOR_RIZO:inst|FFD:inst1|inst ; 0.384  ; 0.000         ;
+-----------------------------------+--------+---------------+


+----------------------------------------+
; Slow 1200mV 85C Model Recovery Summary ;
+----------+--------+--------------------+
; Clock    ; Slack  ; End Point TNS      ;
+----------+--------+--------------------+
; CLOCK_50 ; -0.717 ; -10.395            ;
+----------+--------+--------------------+


+---------------------------------------+
; Slow 1200mV 85C Model Removal Summary ;
+----------+-------+--------------------+
; Clock    ; Slack ; End Point TNS      ;
+----------+-------+--------------------+
; CLOCK_50 ; 0.799 ; 0.000              ;
+----------+-------+--------------------+


+------------------------------------------------------------+
; Slow 1200mV 85C Model Minimum Pulse Width Summary          ;
+-----------------------------------+--------+---------------+
; Clock                             ; Slack  ; End Point TNS ;
+-----------------------------------+--------+---------------+
; CLOCK_50                          ; -3.000 ; -29.187       ;
; ANTIRREBOTE:inst7|inst10          ; -1.000 ; -9.000        ;
; CONTADOR_RIZO:inst|FFD:inst1|inst ; -1.000 ; -1.000        ;
; CONTADOR_RIZO:inst|FFD:inst|inst  ; -1.000 ; -1.000        ;
+-----------------------------------+--------+---------------+


+------------------------------------------------------------------------------------------------------------------------------------------------------------------------------------------------------------------------------------------------------------------------+
; Slow 1200mV 85C Model Setup: 'ANTIRREBOTE:inst7|inst10'                                                                                                                                                                                                                ;
+--------+---------------------------------------------------------------------------------------------------------------------+----------------------------------+----------------------------------+--------------------------+--------------+------------+------------+
; Slack  ; From Node                                                                                                           ; To Node                          ; Launch Clock                     ; Latch Clock              ; Relationship ; Clock Skew ; Data Delay ;
+--------+---------------------------------------------------------------------------------------------------------------------+----------------------------------+----------------------------------+--------------------------+--------------+------------+------------+
; -5.264 ; ROM:inst1|miROM:inst|altsyncram:altsyncram_component|altsyncram_3nr3:auto_generated|ram_block1a0~porta_address_reg0 ; REG8BIT:inst3|FFD:inst4|inst     ; CLOCK_50                         ; ANTIRREBOTE:inst7|inst10 ; 1.000        ; 0.337      ; 6.586      ;
; -5.070 ; ROM:inst1|miROM:inst|altsyncram:altsyncram_component|altsyncram_3nr3:auto_generated|ram_block1a0~porta_address_reg0 ; REG8BIT:inst3|FFD:inst7|inst     ; CLOCK_50                         ; ANTIRREBOTE:inst7|inst10 ; 1.000        ; 0.337      ; 6.392      ;
; -4.989 ; ROM:inst1|miROM:inst|altsyncram:altsyncram_component|altsyncram_3nr3:auto_generated|ram_block1a0~porta_address_reg0 ; REG8BIT:inst3|FFD:inst2|inst     ; CLOCK_50                         ; ANTIRREBOTE:inst7|inst10 ; 1.000        ; 0.337      ; 6.311      ;
; -4.778 ; ROM:inst1|miROM:inst|altsyncram:altsyncram_component|altsyncram_3nr3:auto_generated|ram_block1a0~porta_address_reg0 ; REG8BIT:inst3|FFD:inst1|inst     ; CLOCK_50                         ; ANTIRREBOTE:inst7|inst10 ; 1.000        ; -0.008     ; 5.755      ;
; -4.756 ; ROM:inst1|miROM:inst|altsyncram:altsyncram_component|altsyncram_3nr3:auto_generated|ram_block1a0~porta_address_reg0 ; REG8BIT:inst3|FFD:inst3|inst     ; CLOCK_50                         ; ANTIRREBOTE:inst7|inst10 ; 1.000        ; 0.337      ; 6.078      ;
; -4.579 ; ROM:inst1|miROM:inst|altsyncram:altsyncram_component|altsyncram_3nr3:auto_generated|ram_block1a0~porta_address_reg0 ; REG8BIT:inst3|FFD:inst8|inst     ; CLOCK_50                         ; ANTIRREBOTE:inst7|inst10 ; 1.000        ; -0.008     ; 5.556      ;
; -4.348 ; ROM:inst1|miROM:inst|altsyncram:altsyncram_component|altsyncram_3nr3:auto_generated|ram_block1a0~porta_address_reg0 ; REG8BIT:inst3|FFD:inst6|inst     ; CLOCK_50                         ; ANTIRREBOTE:inst7|inst10 ; 1.000        ; -0.008     ; 5.325      ;
; -4.095 ; ROM:inst1|miROM:inst|altsyncram:altsyncram_component|altsyncram_3nr3:auto_generated|ram_block1a0~porta_address_reg0 ; REG8BIT:inst3|FFD:inst5|inst     ; CLOCK_50                         ; ANTIRREBOTE:inst7|inst10 ; 1.000        ; -0.011     ; 5.069      ;
; -2.156 ; REG8BIT:inst3|FFD:inst5|inst                                                                                        ; REG8BIT:inst3|FFD:inst4|inst     ; ANTIRREBOTE:inst7|inst10         ; ANTIRREBOTE:inst7|inst10 ; 1.000        ; 0.286      ; 3.437      ;
; -2.014 ; REG8BIT:inst3|FFD:inst6|inst                                                                                        ; REG8BIT:inst3|FFD:inst4|inst     ; ANTIRREBOTE:inst7|inst10         ; ANTIRREBOTE:inst7|inst10 ; 1.000        ; 0.283      ; 3.292      ;
; -1.962 ; REG8BIT:inst3|FFD:inst5|inst                                                                                        ; REG8BIT:inst3|FFD:inst7|inst     ; ANTIRREBOTE:inst7|inst10         ; ANTIRREBOTE:inst7|inst10 ; 1.000        ; 0.286      ; 3.243      ;
; -1.857 ; REG8BIT:inst3|FFD:inst8|inst                                                                                        ; REG8BIT:inst3|FFD:inst4|inst     ; ANTIRREBOTE:inst7|inst10         ; ANTIRREBOTE:inst7|inst10 ; 1.000        ; 0.283      ; 3.135      ;
; -1.820 ; REG8BIT:inst3|FFD:inst6|inst                                                                                        ; REG8BIT:inst3|FFD:inst7|inst     ; ANTIRREBOTE:inst7|inst10         ; ANTIRREBOTE:inst7|inst10 ; 1.000        ; 0.283      ; 3.098      ;
; -1.806 ; REG8BIT:inst3|FFD:inst5|inst                                                                                        ; REG8BIT:inst3|FFD:inst2|inst     ; ANTIRREBOTE:inst7|inst10         ; ANTIRREBOTE:inst7|inst10 ; 1.000        ; 0.286      ; 3.087      ;
; -1.781 ; REG8BIT:inst3|FFD:inst6|inst                                                                                        ; REG8BIT:inst3|FFD:inst2|inst     ; ANTIRREBOTE:inst7|inst10         ; ANTIRREBOTE:inst7|inst10 ; 1.000        ; 0.283      ; 3.059      ;
; -1.663 ; REG8BIT:inst3|FFD:inst8|inst                                                                                        ; REG8BIT:inst3|FFD:inst7|inst     ; ANTIRREBOTE:inst7|inst10         ; ANTIRREBOTE:inst7|inst10 ; 1.000        ; 0.283      ; 2.941      ;
; -1.648 ; REG8BIT:inst3|FFD:inst5|inst                                                                                        ; REG8BIT:inst3|FFD:inst3|inst     ; ANTIRREBOTE:inst7|inst10         ; ANTIRREBOTE:inst7|inst10 ; 1.000        ; 0.286      ; 2.929      ;
; -1.629 ; REG8BIT:inst3|FFD:inst5|inst                                                                                        ; REG8BIT:inst3|FFD:inst1|inst     ; ANTIRREBOTE:inst7|inst10         ; ANTIRREBOTE:inst7|inst10 ; 1.000        ; -0.059     ; 2.565      ;
; -1.624 ; REG8BIT:inst3|FFD:inst8|inst                                                                                        ; REG8BIT:inst3|FFD:inst2|inst     ; ANTIRREBOTE:inst7|inst10         ; ANTIRREBOTE:inst7|inst10 ; 1.000        ; 0.283      ; 2.902      ;
; -1.604 ; REG8BIT:inst3|FFD:inst6|inst                                                                                        ; REG8BIT:inst3|FFD:inst1|inst     ; ANTIRREBOTE:inst7|inst10         ; ANTIRREBOTE:inst7|inst10 ; 1.000        ; -0.062     ; 2.537      ;
; -1.588 ; REG8BIT:inst3|FFD:inst6|inst                                                                                        ; REG8BIT:inst3|FFD:inst8|inst     ; ANTIRREBOTE:inst7|inst10         ; ANTIRREBOTE:inst7|inst10 ; 1.000        ; -0.062     ; 2.521      ;
; -1.535 ; REG8BIT:inst3|FFD:inst1|inst                                                                                        ; REG8BIT:inst3|FFD:inst4|inst     ; ANTIRREBOTE:inst7|inst10         ; ANTIRREBOTE:inst7|inst10 ; 1.000        ; 0.283      ; 2.813      ;
; -1.506 ; REG8BIT:inst3|FFD:inst6|inst                                                                                        ; REG8BIT:inst3|FFD:inst3|inst     ; ANTIRREBOTE:inst7|inst10         ; ANTIRREBOTE:inst7|inst10 ; 1.000        ; 0.283      ; 2.784      ;
; -1.469 ; REG8BIT:inst3|FFD:inst5|inst                                                                                        ; REG8BIT:inst3|FFD:inst8|inst     ; ANTIRREBOTE:inst7|inst10         ; ANTIRREBOTE:inst7|inst10 ; 1.000        ; -0.059     ; 2.405      ;
; -1.459 ; REG8BIT:inst3|FFD:inst2|inst                                                                                        ; REG8BIT:inst3|FFD:inst4|inst     ; ANTIRREBOTE:inst7|inst10         ; ANTIRREBOTE:inst7|inst10 ; 1.000        ; -0.076     ; 2.378      ;
; -1.447 ; REG8BIT:inst3|FFD:inst8|inst                                                                                        ; REG8BIT:inst3|FFD:inst1|inst     ; ANTIRREBOTE:inst7|inst10         ; ANTIRREBOTE:inst7|inst10 ; 1.000        ; -0.062     ; 2.380      ;
; -1.349 ; REG8BIT:inst3|FFD:inst8|inst                                                                                        ; REG8BIT:inst3|FFD:inst3|inst     ; ANTIRREBOTE:inst7|inst10         ; ANTIRREBOTE:inst7|inst10 ; 1.000        ; 0.283      ; 2.627      ;
; -1.341 ; REG8BIT:inst3|FFD:inst1|inst                                                                                        ; REG8BIT:inst3|FFD:inst7|inst     ; ANTIRREBOTE:inst7|inst10         ; ANTIRREBOTE:inst7|inst10 ; 1.000        ; 0.283      ; 2.619      ;
; -1.303 ; REG8BIT:inst3|FFD:inst6|inst                                                                                        ; REG8BIT:inst3|FFD:inst6|inst     ; ANTIRREBOTE:inst7|inst10         ; ANTIRREBOTE:inst7|inst10 ; 1.000        ; -0.062     ; 2.236      ;
; -1.302 ; REG8BIT:inst3|FFD:inst1|inst                                                                                        ; REG8BIT:inst3|FFD:inst2|inst     ; ANTIRREBOTE:inst7|inst10         ; ANTIRREBOTE:inst7|inst10 ; 1.000        ; 0.283      ; 2.580      ;
; -1.283 ; REG8BIT:inst3|FFD:inst4|inst                                                                                        ; REG8BIT:inst3|FFD:inst4|inst     ; ANTIRREBOTE:inst7|inst10         ; ANTIRREBOTE:inst7|inst10 ; 1.000        ; -0.076     ; 2.202      ;
; -1.265 ; REG8BIT:inst3|FFD:inst2|inst                                                                                        ; REG8BIT:inst3|FFD:inst7|inst     ; ANTIRREBOTE:inst7|inst10         ; ANTIRREBOTE:inst7|inst10 ; 1.000        ; -0.076     ; 2.184      ;
; -1.189 ; REG8BIT:inst3|FFD:inst5|inst                                                                                        ; REG8BIT:inst3|FFD:inst6|inst     ; ANTIRREBOTE:inst7|inst10         ; ANTIRREBOTE:inst7|inst10 ; 1.000        ; -0.059     ; 2.125      ;
; -1.027 ; REG8BIT:inst3|FFD:inst1|inst                                                                                        ; REG8BIT:inst3|FFD:inst3|inst     ; ANTIRREBOTE:inst7|inst10         ; ANTIRREBOTE:inst7|inst10 ; 1.000        ; 0.283      ; 2.305      ;
; -1.019 ; REG8BIT:inst3|FFD:inst5|inst                                                                                        ; REG8BIT:inst3|FFD:inst5|inst     ; ANTIRREBOTE:inst7|inst10         ; ANTIRREBOTE:inst7|inst10 ; 1.000        ; -0.062     ; 1.952      ;
; -0.995 ; REG8BIT:inst3|FFD:inst7|inst                                                                                        ; REG8BIT:inst3|FFD:inst7|inst     ; ANTIRREBOTE:inst7|inst10         ; ANTIRREBOTE:inst7|inst10 ; 1.000        ; -0.076     ; 1.914      ;
; -0.951 ; REG8BIT:inst3|FFD:inst2|inst                                                                                        ; REG8BIT:inst3|FFD:inst3|inst     ; ANTIRREBOTE:inst7|inst10         ; ANTIRREBOTE:inst7|inst10 ; 1.000        ; -0.076     ; 1.870      ;
; -0.913 ; REG8BIT:inst3|FFD:inst3|inst                                                                                        ; REG8BIT:inst3|FFD:inst4|inst     ; ANTIRREBOTE:inst7|inst10         ; ANTIRREBOTE:inst7|inst10 ; 1.000        ; -0.076     ; 1.832      ;
; -0.856 ; REG8BIT:inst3|FFD:inst8|inst                                                                                        ; REG8BIT:inst3|FFD:inst8|inst     ; ANTIRREBOTE:inst7|inst10         ; ANTIRREBOTE:inst7|inst10 ; 1.000        ; -0.062     ; 1.789      ;
; -0.770 ; REG8BIT:inst3|FFD:inst7|inst                                                                                        ; REG8BIT:inst3|FFD:inst4|inst     ; ANTIRREBOTE:inst7|inst10         ; ANTIRREBOTE:inst7|inst10 ; 1.000        ; -0.076     ; 1.689      ;
; -0.721 ; REG8BIT:inst3|FFD:inst3|inst                                                                                        ; REG8BIT:inst3|FFD:inst7|inst     ; ANTIRREBOTE:inst7|inst10         ; ANTIRREBOTE:inst7|inst10 ; 1.000        ; -0.076     ; 1.640      ;
; -0.695 ; REG8BIT:inst3|FFD:inst3|inst                                                                                        ; REG8BIT:inst3|FFD:inst3|inst     ; ANTIRREBOTE:inst7|inst10         ; ANTIRREBOTE:inst7|inst10 ; 1.000        ; -0.076     ; 1.614      ;
; -0.673 ; REG8BIT:inst3|FFD:inst1|inst                                                                                        ; REG8BIT:inst3|FFD:inst1|inst     ; ANTIRREBOTE:inst7|inst10         ; ANTIRREBOTE:inst7|inst10 ; 1.000        ; -0.062     ; 1.606      ;
; -0.552 ; REG8BIT:inst3|FFD:inst2|inst                                                                                        ; REG8BIT:inst3|FFD:inst2|inst     ; ANTIRREBOTE:inst7|inst10         ; ANTIRREBOTE:inst7|inst10 ; 1.000        ; -0.076     ; 1.471      ;
; 0.295  ; CONTADOR_RIZO:inst|FFD:inst|inst                                                                                    ; CONTADOR_RIZO:inst|FFD:inst|inst ; CONTADOR_RIZO:inst|FFD:inst|inst ; ANTIRREBOTE:inst7|inst10 ; 0.500        ; 2.675      ; 3.084      ;
; 0.825  ; CONTADOR_RIZO:inst|FFD:inst|inst                                                                                    ; CONTADOR_RIZO:inst|FFD:inst|inst ; CONTADOR_RIZO:inst|FFD:inst|inst ; ANTIRREBOTE:inst7|inst10 ; 1.000        ; 2.675      ; 3.054      ;
+--------+---------------------------------------------------------------------------------------------------------------------+----------------------------------+----------------------------------+--------------------------+--------------+------------+------------+


+--------------------------------------------------------------------------------------------------------------------------------------------------------------------------------------------+
; Slow 1200mV 85C Model Setup: 'CLOCK_50'                                                                                                                                                    ;
+--------+------------------------------------------------------+------------------------------------------------------+--------------+-------------+--------------+------------+------------+
; Slack  ; From Node                                            ; To Node                                              ; Launch Clock ; Latch Clock ; Relationship ; Clock Skew ; Data Delay ;
+--------+------------------------------------------------------+------------------------------------------------------+--------------+-------------+--------------+------------+------------+
; -1.606 ; ANTIRREBOTE:inst7|CONTADOR_ANTIRREBOTE:inst11|inst20 ; ANTIRREBOTE:inst7|CONTADOR_ANTIRREBOTE:inst11|inst50 ; CLOCK_50     ; CLOCK_50    ; 1.000        ; 0.290      ; 2.891      ;
; -1.606 ; ANTIRREBOTE:inst7|CONTADOR_ANTIRREBOTE:inst11|inst20 ; ANTIRREBOTE:inst7|CONTADOR_ANTIRREBOTE:inst11|inst52 ; CLOCK_50     ; CLOCK_50    ; 1.000        ; 0.290      ; 2.891      ;
; -1.598 ; ANTIRREBOTE:inst7|CONTADOR_ANTIRREBOTE:inst11|inst24 ; ANTIRREBOTE:inst7|CONTADOR_ANTIRREBOTE:inst11|inst50 ; CLOCK_50     ; CLOCK_50    ; 1.000        ; 0.290      ; 2.883      ;
; -1.598 ; ANTIRREBOTE:inst7|CONTADOR_ANTIRREBOTE:inst11|inst24 ; ANTIRREBOTE:inst7|CONTADOR_ANTIRREBOTE:inst11|inst52 ; CLOCK_50     ; CLOCK_50    ; 1.000        ; 0.290      ; 2.883      ;
; -1.512 ; ANTIRREBOTE:inst7|CONTADOR_ANTIRREBOTE:inst11|inst52 ; ANTIRREBOTE:inst7|inst10                             ; CLOCK_50     ; CLOCK_50    ; 1.000        ; -0.428     ; 2.079      ;
; -1.507 ; ANTIRREBOTE:inst7|CONTADOR_ANTIRREBOTE:inst11|inst28 ; ANTIRREBOTE:inst7|CONTADOR_ANTIRREBOTE:inst11|inst50 ; CLOCK_50     ; CLOCK_50    ; 1.000        ; -0.076     ; 2.426      ;
; -1.507 ; ANTIRREBOTE:inst7|CONTADOR_ANTIRREBOTE:inst11|inst28 ; ANTIRREBOTE:inst7|CONTADOR_ANTIRREBOTE:inst11|inst52 ; CLOCK_50     ; CLOCK_50    ; 1.000        ; -0.076     ; 2.426      ;
; -1.500 ; ANTIRREBOTE:inst7|CONTADOR_ANTIRREBOTE:inst11|inst26 ; ANTIRREBOTE:inst7|CONTADOR_ANTIRREBOTE:inst11|inst50 ; CLOCK_50     ; CLOCK_50    ; 1.000        ; 0.290      ; 2.785      ;
; -1.500 ; ANTIRREBOTE:inst7|CONTADOR_ANTIRREBOTE:inst11|inst26 ; ANTIRREBOTE:inst7|CONTADOR_ANTIRREBOTE:inst11|inst52 ; CLOCK_50     ; CLOCK_50    ; 1.000        ; 0.290      ; 2.785      ;
; -1.491 ; ANTIRREBOTE:inst7|CONTADOR_ANTIRREBOTE:inst11|inst14 ; ANTIRREBOTE:inst7|CONTADOR_ANTIRREBOTE:inst11|inst50 ; CLOCK_50     ; CLOCK_50    ; 1.000        ; 0.290      ; 2.776      ;
; -1.491 ; ANTIRREBOTE:inst7|CONTADOR_ANTIRREBOTE:inst11|inst14 ; ANTIRREBOTE:inst7|CONTADOR_ANTIRREBOTE:inst11|inst52 ; CLOCK_50     ; CLOCK_50    ; 1.000        ; 0.290      ; 2.776      ;
; -1.471 ; ANTIRREBOTE:inst7|CONTADOR_ANTIRREBOTE:inst11|inst26 ; ANTIRREBOTE:inst7|inst10                             ; CLOCK_50     ; CLOCK_50    ; 1.000        ; -0.062     ; 2.404      ;
; -1.461 ; ANTIRREBOTE:inst7|CONTADOR_ANTIRREBOTE:inst11|inst18 ; ANTIRREBOTE:inst7|CONTADOR_ANTIRREBOTE:inst11|inst50 ; CLOCK_50     ; CLOCK_50    ; 1.000        ; 0.290      ; 2.746      ;
; -1.461 ; ANTIRREBOTE:inst7|CONTADOR_ANTIRREBOTE:inst11|inst18 ; ANTIRREBOTE:inst7|CONTADOR_ANTIRREBOTE:inst11|inst52 ; CLOCK_50     ; CLOCK_50    ; 1.000        ; 0.290      ; 2.746      ;
; -1.383 ; ANTIRREBOTE:inst7|CONTADOR_ANTIRREBOTE:inst11|inst13 ; ANTIRREBOTE:inst7|CONTADOR_ANTIRREBOTE:inst11|inst50 ; CLOCK_50     ; CLOCK_50    ; 1.000        ; 0.290      ; 2.668      ;
; -1.383 ; ANTIRREBOTE:inst7|CONTADOR_ANTIRREBOTE:inst11|inst13 ; ANTIRREBOTE:inst7|CONTADOR_ANTIRREBOTE:inst11|inst52 ; CLOCK_50     ; CLOCK_50    ; 1.000        ; 0.290      ; 2.668      ;
; -1.363 ; ANTIRREBOTE:inst7|CONTADOR_ANTIRREBOTE:inst11|inst22 ; ANTIRREBOTE:inst7|CONTADOR_ANTIRREBOTE:inst11|inst50 ; CLOCK_50     ; CLOCK_50    ; 1.000        ; 0.290      ; 2.648      ;
; -1.363 ; ANTIRREBOTE:inst7|CONTADOR_ANTIRREBOTE:inst11|inst22 ; ANTIRREBOTE:inst7|CONTADOR_ANTIRREBOTE:inst11|inst52 ; CLOCK_50     ; CLOCK_50    ; 1.000        ; 0.290      ; 2.648      ;
; -1.283 ; ANTIRREBOTE:inst7|CONTADOR_ANTIRREBOTE:inst11|inst20 ; ANTIRREBOTE:inst7|CONTADOR_ANTIRREBOTE:inst11|inst44 ; CLOCK_50     ; CLOCK_50    ; 1.000        ; 0.290      ; 2.568      ;
; -1.279 ; ANTIRREBOTE:inst7|CONTADOR_ANTIRREBOTE:inst11|inst20 ; ANTIRREBOTE:inst7|CONTADOR_ANTIRREBOTE:inst11|inst46 ; CLOCK_50     ; CLOCK_50    ; 1.000        ; 0.290      ; 2.564      ;
; -1.279 ; ANTIRREBOTE:inst7|CONTADOR_ANTIRREBOTE:inst11|inst20 ; ANTIRREBOTE:inst7|CONTADOR_ANTIRREBOTE:inst11|inst48 ; CLOCK_50     ; CLOCK_50    ; 1.000        ; 0.290      ; 2.564      ;
; -1.275 ; ANTIRREBOTE:inst7|CONTADOR_ANTIRREBOTE:inst11|inst24 ; ANTIRREBOTE:inst7|CONTADOR_ANTIRREBOTE:inst11|inst44 ; CLOCK_50     ; CLOCK_50    ; 1.000        ; 0.290      ; 2.560      ;
; -1.271 ; ANTIRREBOTE:inst7|CONTADOR_ANTIRREBOTE:inst11|inst24 ; ANTIRREBOTE:inst7|CONTADOR_ANTIRREBOTE:inst11|inst46 ; CLOCK_50     ; CLOCK_50    ; 1.000        ; 0.290      ; 2.556      ;
; -1.271 ; ANTIRREBOTE:inst7|CONTADOR_ANTIRREBOTE:inst11|inst24 ; ANTIRREBOTE:inst7|CONTADOR_ANTIRREBOTE:inst11|inst48 ; CLOCK_50     ; CLOCK_50    ; 1.000        ; 0.290      ; 2.556      ;
; -1.234 ; ANTIRREBOTE:inst7|CONTADOR_ANTIRREBOTE:inst11|inst16 ; ANTIRREBOTE:inst7|CONTADOR_ANTIRREBOTE:inst11|inst50 ; CLOCK_50     ; CLOCK_50    ; 1.000        ; 0.290      ; 2.519      ;
; -1.234 ; ANTIRREBOTE:inst7|CONTADOR_ANTIRREBOTE:inst11|inst16 ; ANTIRREBOTE:inst7|CONTADOR_ANTIRREBOTE:inst11|inst52 ; CLOCK_50     ; CLOCK_50    ; 1.000        ; 0.290      ; 2.519      ;
; -1.184 ; ANTIRREBOTE:inst7|CONTADOR_ANTIRREBOTE:inst11|inst28 ; ANTIRREBOTE:inst7|CONTADOR_ANTIRREBOTE:inst11|inst44 ; CLOCK_50     ; CLOCK_50    ; 1.000        ; -0.076     ; 2.103      ;
; -1.180 ; ANTIRREBOTE:inst7|CONTADOR_ANTIRREBOTE:inst11|inst28 ; ANTIRREBOTE:inst7|CONTADOR_ANTIRREBOTE:inst11|inst46 ; CLOCK_50     ; CLOCK_50    ; 1.000        ; -0.076     ; 2.099      ;
; -1.180 ; ANTIRREBOTE:inst7|CONTADOR_ANTIRREBOTE:inst11|inst28 ; ANTIRREBOTE:inst7|CONTADOR_ANTIRREBOTE:inst11|inst48 ; CLOCK_50     ; CLOCK_50    ; 1.000        ; -0.076     ; 2.099      ;
; -1.177 ; ANTIRREBOTE:inst7|CONTADOR_ANTIRREBOTE:inst11|inst26 ; ANTIRREBOTE:inst7|CONTADOR_ANTIRREBOTE:inst11|inst44 ; CLOCK_50     ; CLOCK_50    ; 1.000        ; 0.290      ; 2.462      ;
; -1.173 ; ANTIRREBOTE:inst7|CONTADOR_ANTIRREBOTE:inst11|inst26 ; ANTIRREBOTE:inst7|CONTADOR_ANTIRREBOTE:inst11|inst46 ; CLOCK_50     ; CLOCK_50    ; 1.000        ; 0.290      ; 2.458      ;
; -1.173 ; ANTIRREBOTE:inst7|CONTADOR_ANTIRREBOTE:inst11|inst26 ; ANTIRREBOTE:inst7|CONTADOR_ANTIRREBOTE:inst11|inst48 ; CLOCK_50     ; CLOCK_50    ; 1.000        ; 0.290      ; 2.458      ;
; -1.168 ; ANTIRREBOTE:inst7|CONTADOR_ANTIRREBOTE:inst11|inst14 ; ANTIRREBOTE:inst7|CONTADOR_ANTIRREBOTE:inst11|inst44 ; CLOCK_50     ; CLOCK_50    ; 1.000        ; 0.290      ; 2.453      ;
; -1.164 ; ANTIRREBOTE:inst7|CONTADOR_ANTIRREBOTE:inst11|inst14 ; ANTIRREBOTE:inst7|CONTADOR_ANTIRREBOTE:inst11|inst46 ; CLOCK_50     ; CLOCK_50    ; 1.000        ; 0.290      ; 2.449      ;
; -1.164 ; ANTIRREBOTE:inst7|CONTADOR_ANTIRREBOTE:inst11|inst14 ; ANTIRREBOTE:inst7|CONTADOR_ANTIRREBOTE:inst11|inst48 ; CLOCK_50     ; CLOCK_50    ; 1.000        ; 0.290      ; 2.449      ;
; -1.139 ; ANTIRREBOTE:inst7|CONTADOR_ANTIRREBOTE:inst11|inst30 ; ANTIRREBOTE:inst7|CONTADOR_ANTIRREBOTE:inst11|inst50 ; CLOCK_50     ; CLOCK_50    ; 1.000        ; 0.290      ; 2.424      ;
; -1.139 ; ANTIRREBOTE:inst7|CONTADOR_ANTIRREBOTE:inst11|inst30 ; ANTIRREBOTE:inst7|CONTADOR_ANTIRREBOTE:inst11|inst52 ; CLOCK_50     ; CLOCK_50    ; 1.000        ; 0.290      ; 2.424      ;
; -1.138 ; ANTIRREBOTE:inst7|CONTADOR_ANTIRREBOTE:inst11|inst18 ; ANTIRREBOTE:inst7|CONTADOR_ANTIRREBOTE:inst11|inst44 ; CLOCK_50     ; CLOCK_50    ; 1.000        ; 0.290      ; 2.423      ;
; -1.134 ; ANTIRREBOTE:inst7|CONTADOR_ANTIRREBOTE:inst11|inst18 ; ANTIRREBOTE:inst7|CONTADOR_ANTIRREBOTE:inst11|inst46 ; CLOCK_50     ; CLOCK_50    ; 1.000        ; 0.290      ; 2.419      ;
; -1.134 ; ANTIRREBOTE:inst7|CONTADOR_ANTIRREBOTE:inst11|inst18 ; ANTIRREBOTE:inst7|CONTADOR_ANTIRREBOTE:inst11|inst48 ; CLOCK_50     ; CLOCK_50    ; 1.000        ; 0.290      ; 2.419      ;
; -1.085 ; ANTIRREBOTE:inst7|CONTADOR_ANTIRREBOTE:inst11|inst14 ; ANTIRREBOTE:inst7|CONTADOR_ANTIRREBOTE:inst11|inst26 ; CLOCK_50     ; CLOCK_50    ; 1.000        ; -0.062     ; 2.018      ;
; -1.083 ; ANTIRREBOTE:inst7|CONTADOR_ANTIRREBOTE:inst11|inst14 ; ANTIRREBOTE:inst7|CONTADOR_ANTIRREBOTE:inst11|inst30 ; CLOCK_50     ; CLOCK_50    ; 1.000        ; -0.062     ; 2.016      ;
; -1.060 ; ANTIRREBOTE:inst7|CONTADOR_ANTIRREBOTE:inst11|inst13 ; ANTIRREBOTE:inst7|CONTADOR_ANTIRREBOTE:inst11|inst44 ; CLOCK_50     ; CLOCK_50    ; 1.000        ; 0.290      ; 2.345      ;
; -1.056 ; ANTIRREBOTE:inst7|CONTADOR_ANTIRREBOTE:inst11|inst13 ; ANTIRREBOTE:inst7|CONTADOR_ANTIRREBOTE:inst11|inst46 ; CLOCK_50     ; CLOCK_50    ; 1.000        ; 0.290      ; 2.341      ;
; -1.056 ; ANTIRREBOTE:inst7|CONTADOR_ANTIRREBOTE:inst11|inst13 ; ANTIRREBOTE:inst7|CONTADOR_ANTIRREBOTE:inst11|inst48 ; CLOCK_50     ; CLOCK_50    ; 1.000        ; 0.290      ; 2.341      ;
; -1.055 ; ANTIRREBOTE:inst7|CONTADOR_ANTIRREBOTE:inst11|inst18 ; ANTIRREBOTE:inst7|CONTADOR_ANTIRREBOTE:inst11|inst26 ; CLOCK_50     ; CLOCK_50    ; 1.000        ; -0.062     ; 1.988      ;
; -1.054 ; ANTIRREBOTE:inst7|CONTADOR_ANTIRREBOTE:inst11|inst32 ; ANTIRREBOTE:inst7|CONTADOR_ANTIRREBOTE:inst11|inst50 ; CLOCK_50     ; CLOCK_50    ; 1.000        ; -0.076     ; 1.973      ;
; -1.054 ; ANTIRREBOTE:inst7|CONTADOR_ANTIRREBOTE:inst11|inst32 ; ANTIRREBOTE:inst7|CONTADOR_ANTIRREBOTE:inst11|inst52 ; CLOCK_50     ; CLOCK_50    ; 1.000        ; -0.076     ; 1.973      ;
; -1.053 ; ANTIRREBOTE:inst7|CONTADOR_ANTIRREBOTE:inst11|inst18 ; ANTIRREBOTE:inst7|CONTADOR_ANTIRREBOTE:inst11|inst30 ; CLOCK_50     ; CLOCK_50    ; 1.000        ; -0.062     ; 1.986      ;
; -1.040 ; ANTIRREBOTE:inst7|CONTADOR_ANTIRREBOTE:inst11|inst22 ; ANTIRREBOTE:inst7|CONTADOR_ANTIRREBOTE:inst11|inst44 ; CLOCK_50     ; CLOCK_50    ; 1.000        ; 0.290      ; 2.325      ;
; -1.036 ; ANTIRREBOTE:inst7|CONTADOR_ANTIRREBOTE:inst11|inst22 ; ANTIRREBOTE:inst7|CONTADOR_ANTIRREBOTE:inst11|inst46 ; CLOCK_50     ; CLOCK_50    ; 1.000        ; 0.290      ; 2.321      ;
; -1.036 ; ANTIRREBOTE:inst7|CONTADOR_ANTIRREBOTE:inst11|inst22 ; ANTIRREBOTE:inst7|CONTADOR_ANTIRREBOTE:inst11|inst48 ; CLOCK_50     ; CLOCK_50    ; 1.000        ; 0.290      ; 2.321      ;
; -0.977 ; ANTIRREBOTE:inst7|CONTADOR_ANTIRREBOTE:inst11|inst13 ; ANTIRREBOTE:inst7|CONTADOR_ANTIRREBOTE:inst11|inst26 ; CLOCK_50     ; CLOCK_50    ; 1.000        ; -0.062     ; 1.910      ;
; -0.975 ; ANTIRREBOTE:inst7|CONTADOR_ANTIRREBOTE:inst11|inst13 ; ANTIRREBOTE:inst7|CONTADOR_ANTIRREBOTE:inst11|inst30 ; CLOCK_50     ; CLOCK_50    ; 1.000        ; -0.062     ; 1.908      ;
; -0.949 ; ANTIRREBOTE:inst7|CONTADOR_ANTIRREBOTE:inst11|inst20 ; ANTIRREBOTE:inst7|CONTADOR_ANTIRREBOTE:inst11|inst36 ; CLOCK_50     ; CLOCK_50    ; 1.000        ; -0.062     ; 1.882      ;
; -0.943 ; ANTIRREBOTE:inst7|CONTADOR_ANTIRREBOTE:inst11|inst20 ; ANTIRREBOTE:inst7|CONTADOR_ANTIRREBOTE:inst11|inst38 ; CLOCK_50     ; CLOCK_50    ; 1.000        ; 0.290      ; 2.228      ;
; -0.941 ; ANTIRREBOTE:inst7|CONTADOR_ANTIRREBOTE:inst11|inst20 ; ANTIRREBOTE:inst7|CONTADOR_ANTIRREBOTE:inst11|inst40 ; CLOCK_50     ; CLOCK_50    ; 1.000        ; 0.290      ; 2.226      ;
; -0.941 ; ANTIRREBOTE:inst7|CONTADOR_ANTIRREBOTE:inst11|inst24 ; ANTIRREBOTE:inst7|CONTADOR_ANTIRREBOTE:inst11|inst36 ; CLOCK_50     ; CLOCK_50    ; 1.000        ; -0.062     ; 1.874      ;
; -0.939 ; ANTIRREBOTE:inst7|CONTADOR_ANTIRREBOTE:inst11|inst20 ; ANTIRREBOTE:inst7|CONTADOR_ANTIRREBOTE:inst11|inst42 ; CLOCK_50     ; CLOCK_50    ; 1.000        ; 0.290      ; 2.224      ;
; -0.935 ; ANTIRREBOTE:inst7|CONTADOR_ANTIRREBOTE:inst11|inst24 ; ANTIRREBOTE:inst7|CONTADOR_ANTIRREBOTE:inst11|inst38 ; CLOCK_50     ; CLOCK_50    ; 1.000        ; 0.290      ; 2.220      ;
; -0.933 ; ANTIRREBOTE:inst7|CONTADOR_ANTIRREBOTE:inst11|inst24 ; ANTIRREBOTE:inst7|CONTADOR_ANTIRREBOTE:inst11|inst40 ; CLOCK_50     ; CLOCK_50    ; 1.000        ; 0.290      ; 2.218      ;
; -0.931 ; ANTIRREBOTE:inst7|CONTADOR_ANTIRREBOTE:inst11|inst24 ; ANTIRREBOTE:inst7|CONTADOR_ANTIRREBOTE:inst11|inst42 ; CLOCK_50     ; CLOCK_50    ; 1.000        ; 0.290      ; 2.216      ;
; -0.925 ; ANTIRREBOTE:inst7|CONTADOR_ANTIRREBOTE:inst11|inst34 ; ANTIRREBOTE:inst7|CONTADOR_ANTIRREBOTE:inst11|inst50 ; CLOCK_50     ; CLOCK_50    ; 1.000        ; -0.076     ; 1.844      ;
; -0.925 ; ANTIRREBOTE:inst7|CONTADOR_ANTIRREBOTE:inst11|inst34 ; ANTIRREBOTE:inst7|CONTADOR_ANTIRREBOTE:inst11|inst52 ; CLOCK_50     ; CLOCK_50    ; 1.000        ; -0.076     ; 1.844      ;
; -0.911 ; ANTIRREBOTE:inst7|CONTADOR_ANTIRREBOTE:inst11|inst16 ; ANTIRREBOTE:inst7|CONTADOR_ANTIRREBOTE:inst11|inst44 ; CLOCK_50     ; CLOCK_50    ; 1.000        ; 0.290      ; 2.196      ;
; -0.907 ; ANTIRREBOTE:inst7|CONTADOR_ANTIRREBOTE:inst11|inst16 ; ANTIRREBOTE:inst7|CONTADOR_ANTIRREBOTE:inst11|inst46 ; CLOCK_50     ; CLOCK_50    ; 1.000        ; 0.290      ; 2.192      ;
; -0.907 ; ANTIRREBOTE:inst7|CONTADOR_ANTIRREBOTE:inst11|inst16 ; ANTIRREBOTE:inst7|CONTADOR_ANTIRREBOTE:inst11|inst48 ; CLOCK_50     ; CLOCK_50    ; 1.000        ; 0.290      ; 2.192      ;
; -0.850 ; ANTIRREBOTE:inst7|CONTADOR_ANTIRREBOTE:inst11|inst28 ; ANTIRREBOTE:inst7|CONTADOR_ANTIRREBOTE:inst11|inst36 ; CLOCK_50     ; CLOCK_50    ; 1.000        ; -0.428     ; 1.417      ;
; -0.844 ; ANTIRREBOTE:inst7|CONTADOR_ANTIRREBOTE:inst11|inst28 ; ANTIRREBOTE:inst7|CONTADOR_ANTIRREBOTE:inst11|inst38 ; CLOCK_50     ; CLOCK_50    ; 1.000        ; -0.076     ; 1.763      ;
; -0.843 ; ANTIRREBOTE:inst7|CONTADOR_ANTIRREBOTE:inst11|inst26 ; ANTIRREBOTE:inst7|CONTADOR_ANTIRREBOTE:inst11|inst36 ; CLOCK_50     ; CLOCK_50    ; 1.000        ; -0.062     ; 1.776      ;
; -0.842 ; ANTIRREBOTE:inst7|CONTADOR_ANTIRREBOTE:inst11|inst28 ; ANTIRREBOTE:inst7|CONTADOR_ANTIRREBOTE:inst11|inst40 ; CLOCK_50     ; CLOCK_50    ; 1.000        ; -0.076     ; 1.761      ;
; -0.840 ; ANTIRREBOTE:inst7|CONTADOR_ANTIRREBOTE:inst11|inst28 ; ANTIRREBOTE:inst7|CONTADOR_ANTIRREBOTE:inst11|inst42 ; CLOCK_50     ; CLOCK_50    ; 1.000        ; -0.076     ; 1.759      ;
; -0.837 ; ANTIRREBOTE:inst7|CONTADOR_ANTIRREBOTE:inst11|inst26 ; ANTIRREBOTE:inst7|CONTADOR_ANTIRREBOTE:inst11|inst38 ; CLOCK_50     ; CLOCK_50    ; 1.000        ; 0.290      ; 2.122      ;
; -0.835 ; ANTIRREBOTE:inst7|CONTADOR_ANTIRREBOTE:inst11|inst26 ; ANTIRREBOTE:inst7|CONTADOR_ANTIRREBOTE:inst11|inst40 ; CLOCK_50     ; CLOCK_50    ; 1.000        ; 0.290      ; 2.120      ;
; -0.834 ; ANTIRREBOTE:inst7|CONTADOR_ANTIRREBOTE:inst11|inst14 ; ANTIRREBOTE:inst7|CONTADOR_ANTIRREBOTE:inst11|inst36 ; CLOCK_50     ; CLOCK_50    ; 1.000        ; -0.062     ; 1.767      ;
; -0.833 ; ANTIRREBOTE:inst7|CONTADOR_ANTIRREBOTE:inst11|inst26 ; ANTIRREBOTE:inst7|CONTADOR_ANTIRREBOTE:inst11|inst42 ; CLOCK_50     ; CLOCK_50    ; 1.000        ; 0.290      ; 2.118      ;
; -0.828 ; ANTIRREBOTE:inst7|CONTADOR_ANTIRREBOTE:inst11|inst16 ; ANTIRREBOTE:inst7|CONTADOR_ANTIRREBOTE:inst11|inst26 ; CLOCK_50     ; CLOCK_50    ; 1.000        ; -0.062     ; 1.761      ;
; -0.828 ; ANTIRREBOTE:inst7|CONTADOR_ANTIRREBOTE:inst11|inst14 ; ANTIRREBOTE:inst7|CONTADOR_ANTIRREBOTE:inst11|inst38 ; CLOCK_50     ; CLOCK_50    ; 1.000        ; 0.290      ; 2.113      ;
; -0.826 ; ANTIRREBOTE:inst7|CONTADOR_ANTIRREBOTE:inst11|inst16 ; ANTIRREBOTE:inst7|CONTADOR_ANTIRREBOTE:inst11|inst30 ; CLOCK_50     ; CLOCK_50    ; 1.000        ; -0.062     ; 1.759      ;
; -0.826 ; ANTIRREBOTE:inst7|CONTADOR_ANTIRREBOTE:inst11|inst14 ; ANTIRREBOTE:inst7|CONTADOR_ANTIRREBOTE:inst11|inst40 ; CLOCK_50     ; CLOCK_50    ; 1.000        ; 0.290      ; 2.111      ;
; -0.824 ; ANTIRREBOTE:inst7|CONTADOR_ANTIRREBOTE:inst11|inst14 ; ANTIRREBOTE:inst7|CONTADOR_ANTIRREBOTE:inst11|inst42 ; CLOCK_50     ; CLOCK_50    ; 1.000        ; 0.290      ; 2.109      ;
; -0.817 ; ANTIRREBOTE:inst7|CONTADOR_ANTIRREBOTE:inst11|inst14 ; ANTIRREBOTE:inst7|CONTADOR_ANTIRREBOTE:inst11|inst22 ; CLOCK_50     ; CLOCK_50    ; 1.000        ; -0.062     ; 1.750      ;
; -0.816 ; ANTIRREBOTE:inst7|CONTADOR_ANTIRREBOTE:inst11|inst30 ; ANTIRREBOTE:inst7|CONTADOR_ANTIRREBOTE:inst11|inst44 ; CLOCK_50     ; CLOCK_50    ; 1.000        ; 0.290      ; 2.101      ;
; -0.814 ; ANTIRREBOTE:inst7|CONTADOR_ANTIRREBOTE:inst11|inst14 ; ANTIRREBOTE:inst7|CONTADOR_ANTIRREBOTE:inst11|inst20 ; CLOCK_50     ; CLOCK_50    ; 1.000        ; -0.062     ; 1.747      ;
; -0.812 ; ANTIRREBOTE:inst7|CONTADOR_ANTIRREBOTE:inst11|inst30 ; ANTIRREBOTE:inst7|CONTADOR_ANTIRREBOTE:inst11|inst46 ; CLOCK_50     ; CLOCK_50    ; 1.000        ; 0.290      ; 2.097      ;
; -0.812 ; ANTIRREBOTE:inst7|CONTADOR_ANTIRREBOTE:inst11|inst30 ; ANTIRREBOTE:inst7|CONTADOR_ANTIRREBOTE:inst11|inst48 ; CLOCK_50     ; CLOCK_50    ; 1.000        ; 0.290      ; 2.097      ;
; -0.804 ; ANTIRREBOTE:inst7|CONTADOR_ANTIRREBOTE:inst11|inst18 ; ANTIRREBOTE:inst7|CONTADOR_ANTIRREBOTE:inst11|inst36 ; CLOCK_50     ; CLOCK_50    ; 1.000        ; -0.062     ; 1.737      ;
; -0.798 ; ANTIRREBOTE:inst7|CONTADOR_ANTIRREBOTE:inst11|inst18 ; ANTIRREBOTE:inst7|CONTADOR_ANTIRREBOTE:inst11|inst38 ; CLOCK_50     ; CLOCK_50    ; 1.000        ; 0.290      ; 2.083      ;
; -0.796 ; ANTIRREBOTE:inst7|CONTADOR_ANTIRREBOTE:inst11|inst18 ; ANTIRREBOTE:inst7|CONTADOR_ANTIRREBOTE:inst11|inst40 ; CLOCK_50     ; CLOCK_50    ; 1.000        ; 0.290      ; 2.081      ;
; -0.794 ; ANTIRREBOTE:inst7|CONTADOR_ANTIRREBOTE:inst11|inst18 ; ANTIRREBOTE:inst7|CONTADOR_ANTIRREBOTE:inst11|inst42 ; CLOCK_50     ; CLOCK_50    ; 1.000        ; 0.290      ; 2.079      ;
; -0.787 ; ANTIRREBOTE:inst7|CONTADOR_ANTIRREBOTE:inst11|inst18 ; ANTIRREBOTE:inst7|CONTADOR_ANTIRREBOTE:inst11|inst22 ; CLOCK_50     ; CLOCK_50    ; 1.000        ; -0.062     ; 1.720      ;
; -0.784 ; ANTIRREBOTE:inst7|CONTADOR_ANTIRREBOTE:inst11|inst18 ; ANTIRREBOTE:inst7|CONTADOR_ANTIRREBOTE:inst11|inst20 ; CLOCK_50     ; CLOCK_50    ; 1.000        ; -0.062     ; 1.717      ;
; -0.774 ; ANTIRREBOTE:inst7|CONTADOR_ANTIRREBOTE:inst11|inst36 ; ANTIRREBOTE:inst7|CONTADOR_ANTIRREBOTE:inst11|inst50 ; CLOCK_50     ; CLOCK_50    ; 1.000        ; 0.291      ; 2.060      ;
; -0.774 ; ANTIRREBOTE:inst7|CONTADOR_ANTIRREBOTE:inst11|inst36 ; ANTIRREBOTE:inst7|CONTADOR_ANTIRREBOTE:inst11|inst52 ; CLOCK_50     ; CLOCK_50    ; 1.000        ; 0.291      ; 2.060      ;
; -0.761 ; ANTIRREBOTE:inst7|CONTADOR_ANTIRREBOTE:inst11|inst14 ; ANTIRREBOTE:inst7|CONTADOR_ANTIRREBOTE:inst11|inst24 ; CLOCK_50     ; CLOCK_50    ; 1.000        ; -0.062     ; 1.694      ;
; -0.737 ; ANTIRREBOTE:inst7|CONTADOR_ANTIRREBOTE:inst11|inst14 ; ANTIRREBOTE:inst7|CONTADOR_ANTIRREBOTE:inst11|inst16 ; CLOCK_50     ; CLOCK_50    ; 1.000        ; -0.062     ; 1.670      ;
; -0.735 ; ANTIRREBOTE:inst7|CONTADOR_ANTIRREBOTE:inst11|inst14 ; ANTIRREBOTE:inst7|CONTADOR_ANTIRREBOTE:inst11|inst28 ; CLOCK_50     ; CLOCK_50    ; 1.000        ; 0.290      ; 2.020      ;
; -0.731 ; ANTIRREBOTE:inst7|CONTADOR_ANTIRREBOTE:inst11|inst32 ; ANTIRREBOTE:inst7|CONTADOR_ANTIRREBOTE:inst11|inst44 ; CLOCK_50     ; CLOCK_50    ; 1.000        ; -0.076     ; 1.650      ;
; -0.731 ; ANTIRREBOTE:inst7|CONTADOR_ANTIRREBOTE:inst11|inst18 ; ANTIRREBOTE:inst7|CONTADOR_ANTIRREBOTE:inst11|inst24 ; CLOCK_50     ; CLOCK_50    ; 1.000        ; -0.062     ; 1.664      ;
; -0.727 ; ANTIRREBOTE:inst7|CONTADOR_ANTIRREBOTE:inst11|inst32 ; ANTIRREBOTE:inst7|CONTADOR_ANTIRREBOTE:inst11|inst46 ; CLOCK_50     ; CLOCK_50    ; 1.000        ; -0.076     ; 1.646      ;
+--------+------------------------------------------------------+------------------------------------------------------+--------------+-------------+--------------+------------+------------+


+------------------------------------------------------------------------------------------------------------------------------------------------------------------------------------------------+
; Slow 1200mV 85C Model Setup: 'CONTADOR_RIZO:inst|FFD:inst1|inst'                                                                                                                               ;
+-------+-----------------------------------+-----------------------------------+-----------------------------------+-----------------------------------+--------------+------------+------------+
; Slack ; From Node                         ; To Node                           ; Launch Clock                      ; Latch Clock                       ; Relationship ; Clock Skew ; Data Delay ;
+-------+-----------------------------------+-----------------------------------+-----------------------------------+-----------------------------------+--------------+------------+------------+
; 0.317 ; CONTADOR_RIZO:inst|FFD:inst2|inst ; CONTADOR_RIZO:inst|FFD:inst2|inst ; CONTADOR_RIZO:inst|FFD:inst1|inst ; CONTADOR_RIZO:inst|FFD:inst1|inst ; 1.000        ; -0.039     ; 0.659      ;
+-------+-----------------------------------+-----------------------------------+-----------------------------------+-----------------------------------+--------------+------------+------------+


+-----------------------------------------------------------------------------------------------------------------------------------------------------------------------------------------------+
; Slow 1200mV 85C Model Setup: 'CONTADOR_RIZO:inst|FFD:inst|inst'                                                                                                                               ;
+-------+-----------------------------------+-----------------------------------+-----------------------------------+----------------------------------+--------------+------------+------------+
; Slack ; From Node                         ; To Node                           ; Launch Clock                      ; Latch Clock                      ; Relationship ; Clock Skew ; Data Delay ;
+-------+-----------------------------------+-----------------------------------+-----------------------------------+----------------------------------+--------------+------------+------------+
; 0.375 ; CONTADOR_RIZO:inst|FFD:inst1|inst ; CONTADOR_RIZO:inst|FFD:inst1|inst ; CONTADOR_RIZO:inst|FFD:inst1|inst ; CONTADOR_RIZO:inst|FFD:inst|inst ; 0.500        ; 0.897      ; 1.236      ;
; 0.820 ; CONTADOR_RIZO:inst|FFD:inst1|inst ; CONTADOR_RIZO:inst|FFD:inst1|inst ; CONTADOR_RIZO:inst|FFD:inst1|inst ; CONTADOR_RIZO:inst|FFD:inst|inst ; 1.000        ; 0.897      ; 1.291      ;
+-------+-----------------------------------+-----------------------------------+-----------------------------------+----------------------------------+--------------+------------+------------+


+------------------------------------------------------------------------------------------------------------------------------------------------------------------------------------------------------------------------------------------------------------------------+
; Slow 1200mV 85C Model Hold: 'ANTIRREBOTE:inst7|inst10'                                                                                                                                                                                                                 ;
+--------+---------------------------------------------------------------------------------------------------------------------+----------------------------------+----------------------------------+--------------------------+--------------+------------+------------+
; Slack  ; From Node                                                                                                           ; To Node                          ; Launch Clock                     ; Latch Clock              ; Relationship ; Clock Skew ; Data Delay ;
+--------+---------------------------------------------------------------------------------------------------------------------+----------------------------------+----------------------------------+--------------------------+--------------+------------+------------+
; -0.256 ; CONTADOR_RIZO:inst|FFD:inst|inst                                                                                    ; CONTADOR_RIZO:inst|FFD:inst|inst ; CONTADOR_RIZO:inst|FFD:inst|inst ; ANTIRREBOTE:inst7|inst10 ; 0.000        ; 2.804      ; 2.914      ;
; 0.284  ; CONTADOR_RIZO:inst|FFD:inst|inst                                                                                    ; CONTADOR_RIZO:inst|FFD:inst|inst ; CONTADOR_RIZO:inst|FFD:inst|inst ; ANTIRREBOTE:inst7|inst10 ; -0.500       ; 2.804      ; 2.954      ;
; 0.860  ; REG8BIT:inst3|FFD:inst2|inst                                                                                        ; REG8BIT:inst3|FFD:inst2|inst     ; ANTIRREBOTE:inst7|inst10         ; ANTIRREBOTE:inst7|inst10 ; 0.000        ; 0.076      ; 1.093      ;
; 0.875  ; REG8BIT:inst3|FFD:inst1|inst                                                                                        ; REG8BIT:inst3|FFD:inst1|inst     ; ANTIRREBOTE:inst7|inst10         ; ANTIRREBOTE:inst7|inst10 ; 0.000        ; 0.062      ; 1.094      ;
; 0.977  ; REG8BIT:inst3|FFD:inst3|inst                                                                                        ; REG8BIT:inst3|FFD:inst3|inst     ; ANTIRREBOTE:inst7|inst10         ; ANTIRREBOTE:inst7|inst10 ; 0.000        ; 0.076      ; 1.210      ;
; 1.036  ; REG8BIT:inst3|FFD:inst8|inst                                                                                        ; REG8BIT:inst3|FFD:inst8|inst     ; ANTIRREBOTE:inst7|inst10         ; ANTIRREBOTE:inst7|inst10 ; 0.000        ; 0.062      ; 1.255      ;
; 1.142  ; REG8BIT:inst3|FFD:inst3|inst                                                                                        ; REG8BIT:inst3|FFD:inst7|inst     ; ANTIRREBOTE:inst7|inst10         ; ANTIRREBOTE:inst7|inst10 ; 0.000        ; 0.076      ; 1.375      ;
; 1.156  ; REG8BIT:inst3|FFD:inst7|inst                                                                                        ; REG8BIT:inst3|FFD:inst7|inst     ; ANTIRREBOTE:inst7|inst10         ; ANTIRREBOTE:inst7|inst10 ; 0.000        ; 0.076      ; 1.389      ;
; 1.230  ; REG8BIT:inst3|FFD:inst7|inst                                                                                        ; REG8BIT:inst3|FFD:inst4|inst     ; ANTIRREBOTE:inst7|inst10         ; ANTIRREBOTE:inst7|inst10 ; 0.000        ; 0.076      ; 1.463      ;
; 1.349  ; REG8BIT:inst3|FFD:inst3|inst                                                                                        ; REG8BIT:inst3|FFD:inst4|inst     ; ANTIRREBOTE:inst7|inst10         ; ANTIRREBOTE:inst7|inst10 ; 0.000        ; 0.076      ; 1.582      ;
; 1.375  ; REG8BIT:inst3|FFD:inst5|inst                                                                                        ; REG8BIT:inst3|FFD:inst5|inst     ; ANTIRREBOTE:inst7|inst10         ; ANTIRREBOTE:inst7|inst10 ; 0.000        ; 0.062      ; 1.594      ;
; 1.404  ; REG8BIT:inst3|FFD:inst2|inst                                                                                        ; REG8BIT:inst3|FFD:inst3|inst     ; ANTIRREBOTE:inst7|inst10         ; ANTIRREBOTE:inst7|inst10 ; 0.000        ; 0.076      ; 1.637      ;
; 1.416  ; REG8BIT:inst3|FFD:inst8|inst                                                                                        ; REG8BIT:inst3|FFD:inst2|inst     ; ANTIRREBOTE:inst7|inst10         ; ANTIRREBOTE:inst7|inst10 ; 0.000        ; 0.421      ; 1.994      ;
; 1.452  ; REG8BIT:inst3|FFD:inst1|inst                                                                                        ; REG8BIT:inst3|FFD:inst3|inst     ; ANTIRREBOTE:inst7|inst10         ; ANTIRREBOTE:inst7|inst10 ; 0.000        ; 0.421      ; 2.030      ;
; 1.479  ; REG8BIT:inst3|FFD:inst5|inst                                                                                        ; REG8BIT:inst3|FFD:inst2|inst     ; ANTIRREBOTE:inst7|inst10         ; ANTIRREBOTE:inst7|inst10 ; 0.000        ; 0.424      ; 2.060      ;
; 1.515  ; REG8BIT:inst3|FFD:inst4|inst                                                                                        ; REG8BIT:inst3|FFD:inst4|inst     ; ANTIRREBOTE:inst7|inst10         ; ANTIRREBOTE:inst7|inst10 ; 0.000        ; 0.076      ; 1.748      ;
; 1.567  ; REG8BIT:inst3|FFD:inst8|inst                                                                                        ; REG8BIT:inst3|FFD:inst3|inst     ; ANTIRREBOTE:inst7|inst10         ; ANTIRREBOTE:inst7|inst10 ; 0.000        ; 0.421      ; 2.145      ;
; 1.630  ; REG8BIT:inst3|FFD:inst6|inst                                                                                        ; REG8BIT:inst3|FFD:inst6|inst     ; ANTIRREBOTE:inst7|inst10         ; ANTIRREBOTE:inst7|inst10 ; 0.000        ; 0.062      ; 1.849      ;
; 1.630  ; REG8BIT:inst3|FFD:inst5|inst                                                                                        ; REG8BIT:inst3|FFD:inst3|inst     ; ANTIRREBOTE:inst7|inst10         ; ANTIRREBOTE:inst7|inst10 ; 0.000        ; 0.424      ; 2.211      ;
; 1.642  ; REG8BIT:inst3|FFD:inst5|inst                                                                                        ; REG8BIT:inst3|FFD:inst6|inst     ; ANTIRREBOTE:inst7|inst10         ; ANTIRREBOTE:inst7|inst10 ; 0.000        ; 0.065      ; 1.864      ;
; 1.659  ; REG8BIT:inst3|FFD:inst2|inst                                                                                        ; REG8BIT:inst3|FFD:inst7|inst     ; ANTIRREBOTE:inst7|inst10         ; ANTIRREBOTE:inst7|inst10 ; 0.000        ; 0.076      ; 1.892      ;
; 1.666  ; REG8BIT:inst3|FFD:inst1|inst                                                                                        ; REG8BIT:inst3|FFD:inst2|inst     ; ANTIRREBOTE:inst7|inst10         ; ANTIRREBOTE:inst7|inst10 ; 0.000        ; 0.421      ; 2.244      ;
; 1.687  ; REG8BIT:inst3|FFD:inst6|inst                                                                                        ; REG8BIT:inst3|FFD:inst2|inst     ; ANTIRREBOTE:inst7|inst10         ; ANTIRREBOTE:inst7|inst10 ; 0.000        ; 0.421      ; 2.265      ;
; 1.707  ; REG8BIT:inst3|FFD:inst1|inst                                                                                        ; REG8BIT:inst3|FFD:inst7|inst     ; ANTIRREBOTE:inst7|inst10         ; ANTIRREBOTE:inst7|inst10 ; 0.000        ; 0.421      ; 2.285      ;
; 1.822  ; REG8BIT:inst3|FFD:inst8|inst                                                                                        ; REG8BIT:inst3|FFD:inst7|inst     ; ANTIRREBOTE:inst7|inst10         ; ANTIRREBOTE:inst7|inst10 ; 0.000        ; 0.421      ; 2.400      ;
; 1.838  ; REG8BIT:inst3|FFD:inst6|inst                                                                                        ; REG8BIT:inst3|FFD:inst3|inst     ; ANTIRREBOTE:inst7|inst10         ; ANTIRREBOTE:inst7|inst10 ; 0.000        ; 0.421      ; 2.416      ;
; 1.843  ; REG8BIT:inst3|FFD:inst5|inst                                                                                        ; REG8BIT:inst3|FFD:inst8|inst     ; ANTIRREBOTE:inst7|inst10         ; ANTIRREBOTE:inst7|inst10 ; 0.000        ; 0.065      ; 2.065      ;
; 1.868  ; REG8BIT:inst3|FFD:inst2|inst                                                                                        ; REG8BIT:inst3|FFD:inst4|inst     ; ANTIRREBOTE:inst7|inst10         ; ANTIRREBOTE:inst7|inst10 ; 0.000        ; 0.076      ; 2.101      ;
; 1.879  ; REG8BIT:inst3|FFD:inst8|inst                                                                                        ; REG8BIT:inst3|FFD:inst1|inst     ; ANTIRREBOTE:inst7|inst10         ; ANTIRREBOTE:inst7|inst10 ; 0.000        ; 0.062      ; 2.098      ;
; 1.885  ; REG8BIT:inst3|FFD:inst5|inst                                                                                        ; REG8BIT:inst3|FFD:inst7|inst     ; ANTIRREBOTE:inst7|inst10         ; ANTIRREBOTE:inst7|inst10 ; 0.000        ; 0.424      ; 2.466      ;
; 1.916  ; REG8BIT:inst3|FFD:inst1|inst                                                                                        ; REG8BIT:inst3|FFD:inst4|inst     ; ANTIRREBOTE:inst7|inst10         ; ANTIRREBOTE:inst7|inst10 ; 0.000        ; 0.421      ; 2.494      ;
; 1.959  ; REG8BIT:inst3|FFD:inst5|inst                                                                                        ; REG8BIT:inst3|FFD:inst1|inst     ; ANTIRREBOTE:inst7|inst10         ; ANTIRREBOTE:inst7|inst10 ; 0.000        ; 0.065      ; 2.181      ;
; 2.031  ; REG8BIT:inst3|FFD:inst8|inst                                                                                        ; REG8BIT:inst3|FFD:inst4|inst     ; ANTIRREBOTE:inst7|inst10         ; ANTIRREBOTE:inst7|inst10 ; 0.000        ; 0.421      ; 2.609      ;
; 2.074  ; REG8BIT:inst3|FFD:inst6|inst                                                                                        ; REG8BIT:inst3|FFD:inst8|inst     ; ANTIRREBOTE:inst7|inst10         ; ANTIRREBOTE:inst7|inst10 ; 0.000        ; 0.062      ; 2.293      ;
; 2.089  ; REG8BIT:inst3|FFD:inst6|inst                                                                                        ; REG8BIT:inst3|FFD:inst1|inst     ; ANTIRREBOTE:inst7|inst10         ; ANTIRREBOTE:inst7|inst10 ; 0.000        ; 0.062      ; 2.308      ;
; 2.093  ; REG8BIT:inst3|FFD:inst6|inst                                                                                        ; REG8BIT:inst3|FFD:inst7|inst     ; ANTIRREBOTE:inst7|inst10         ; ANTIRREBOTE:inst7|inst10 ; 0.000        ; 0.421      ; 2.671      ;
; 2.094  ; REG8BIT:inst3|FFD:inst5|inst                                                                                        ; REG8BIT:inst3|FFD:inst4|inst     ; ANTIRREBOTE:inst7|inst10         ; ANTIRREBOTE:inst7|inst10 ; 0.000        ; 0.424      ; 2.675      ;
; 2.302  ; REG8BIT:inst3|FFD:inst6|inst                                                                                        ; REG8BIT:inst3|FFD:inst4|inst     ; ANTIRREBOTE:inst7|inst10         ; ANTIRREBOTE:inst7|inst10 ; 0.000        ; 0.421      ; 2.880      ;
; 2.586  ; ROM:inst1|miROM:inst|altsyncram:altsyncram_component|altsyncram_3nr3:auto_generated|ram_block1a0~porta_address_reg0 ; REG8BIT:inst3|FFD:inst4|inst     ; CLOCK_50                         ; ANTIRREBOTE:inst7|inst10 ; 0.000        ; 0.563      ; 3.336      ;
; 2.602  ; ROM:inst1|miROM:inst|altsyncram:altsyncram_component|altsyncram_3nr3:auto_generated|ram_block1a0~porta_address_reg0 ; REG8BIT:inst3|FFD:inst7|inst     ; CLOCK_50                         ; ANTIRREBOTE:inst7|inst10 ; 0.000        ; 0.563      ; 3.352      ;
; 2.808  ; ROM:inst1|miROM:inst|altsyncram:altsyncram_component|altsyncram_3nr3:auto_generated|ram_block1a0~porta_address_reg0 ; REG8BIT:inst3|FFD:inst3|inst     ; CLOCK_50                         ; ANTIRREBOTE:inst7|inst10 ; 0.000        ; 0.563      ; 3.558      ;
; 2.812  ; ROM:inst1|miROM:inst|altsyncram:altsyncram_component|altsyncram_3nr3:auto_generated|ram_block1a0~porta_address_reg0 ; REG8BIT:inst3|FFD:inst2|inst     ; CLOCK_50                         ; ANTIRREBOTE:inst7|inst10 ; 0.000        ; 0.563      ; 3.562      ;
; 3.014  ; ROM:inst1|miROM:inst|altsyncram:altsyncram_component|altsyncram_3nr3:auto_generated|ram_block1a0~porta_address_reg0 ; REG8BIT:inst3|FFD:inst5|inst     ; CLOCK_50                         ; ANTIRREBOTE:inst7|inst10 ; 0.000        ; 0.201      ; 3.402      ;
; 3.059  ; ROM:inst1|miROM:inst|altsyncram:altsyncram_component|altsyncram_3nr3:auto_generated|ram_block1a0~porta_address_reg0 ; REG8BIT:inst3|FFD:inst1|inst     ; CLOCK_50                         ; ANTIRREBOTE:inst7|inst10 ; 0.000        ; 0.204      ; 3.450      ;
; 3.118  ; ROM:inst1|miROM:inst|altsyncram:altsyncram_component|altsyncram_3nr3:auto_generated|ram_block1a0~porta_address_reg0 ; REG8BIT:inst3|FFD:inst6|inst     ; CLOCK_50                         ; ANTIRREBOTE:inst7|inst10 ; 0.000        ; 0.204      ; 3.509      ;
; 3.122  ; ROM:inst1|miROM:inst|altsyncram:altsyncram_component|altsyncram_3nr3:auto_generated|ram_block1a0~porta_address_reg0 ; REG8BIT:inst3|FFD:inst8|inst     ; CLOCK_50                         ; ANTIRREBOTE:inst7|inst10 ; 0.000        ; 0.204      ; 3.513      ;
+--------+---------------------------------------------------------------------------------------------------------------------+----------------------------------+----------------------------------+--------------------------+--------------+------------+------------+


+------------------------------------------------------------------------------------------------------------------------------------------------------------------------------------------------+
; Slow 1200mV 85C Model Hold: 'CONTADOR_RIZO:inst|FFD:inst|inst'                                                                                                                                 ;
+--------+-----------------------------------+-----------------------------------+-----------------------------------+----------------------------------+--------------+------------+------------+
; Slack  ; From Node                         ; To Node                           ; Launch Clock                      ; Latch Clock                      ; Relationship ; Clock Skew ; Data Delay ;
+--------+-----------------------------------+-----------------------------------+-----------------------------------+----------------------------------+--------------+------------+------------+
; -0.074 ; CONTADOR_RIZO:inst|FFD:inst1|inst ; CONTADOR_RIZO:inst|FFD:inst1|inst ; CONTADOR_RIZO:inst|FFD:inst1|inst ; CONTADOR_RIZO:inst|FFD:inst|inst ; 0.000        ; 0.953      ; 1.235      ;
; 0.363  ; CONTADOR_RIZO:inst|FFD:inst1|inst ; CONTADOR_RIZO:inst|FFD:inst1|inst ; CONTADOR_RIZO:inst|FFD:inst1|inst ; CONTADOR_RIZO:inst|FFD:inst|inst ; -0.500       ; 0.953      ; 1.172      ;
+--------+-----------------------------------+-----------------------------------+-----------------------------------+----------------------------------+--------------+------------+------------+


+--------------------------------------------------------------------------------------------------------------------------------------------------------------------------------------------------------------------------------------------------------------------------------+
; Slow 1200mV 85C Model Hold: 'CLOCK_50'                                                                                                                                                                                                                                         ;
+--------+------------------------------------------------------+---------------------------------------------------------------------------------------------------------------------+-----------------------------------+-------------+--------------+------------+------------+
; Slack  ; From Node                                            ; To Node                                                                                                             ; Launch Clock                      ; Latch Clock ; Relationship ; Clock Skew ; Data Delay ;
+--------+------------------------------------------------------+---------------------------------------------------------------------------------------------------------------------+-----------------------------------+-------------+--------------+------------+------------+
; -0.073 ; ANTIRREBOTE:inst7|inst10                             ; ANTIRREBOTE:inst7|inst10                                                                                            ; ANTIRREBOTE:inst7|inst10          ; CLOCK_50    ; 0.000        ; 2.377      ; 2.690      ;
; -0.045 ; CONTADOR_RIZO:inst|FFD:inst|inst                     ; ROM:inst1|miROM:inst|altsyncram:altsyncram_component|altsyncram_3nr3:auto_generated|ram_block1a0~porta_address_reg0 ; CONTADOR_RIZO:inst|FFD:inst|inst  ; CLOCK_50    ; 0.000        ; 2.681      ; 3.042      ;
; -0.017 ; CONTADOR_RIZO:inst|FFD:inst1|inst                    ; ROM:inst1|miROM:inst|altsyncram:altsyncram_component|altsyncram_3nr3:auto_generated|ram_block1a0~porta_address_reg0 ; CONTADOR_RIZO:inst|FFD:inst1|inst ; CLOCK_50    ; 0.000        ; 2.681      ; 3.070      ;
; 0.344  ; ANTIRREBOTE:inst7|CONTADOR_ANTIRREBOTE:inst11|inst28 ; ANTIRREBOTE:inst7|CONTADOR_ANTIRREBOTE:inst11|inst28                                                                ; CLOCK_50                          ; CLOCK_50    ; 0.000        ; 0.076      ; 0.577      ;
; 0.344  ; ANTIRREBOTE:inst7|CONTADOR_ANTIRREBOTE:inst11|inst32 ; ANTIRREBOTE:inst7|CONTADOR_ANTIRREBOTE:inst11|inst32                                                                ; CLOCK_50                          ; CLOCK_50    ; 0.000        ; 0.076      ; 0.577      ;
; 0.344  ; ANTIRREBOTE:inst7|CONTADOR_ANTIRREBOTE:inst11|inst34 ; ANTIRREBOTE:inst7|CONTADOR_ANTIRREBOTE:inst11|inst34                                                                ; CLOCK_50                          ; CLOCK_50    ; 0.000        ; 0.076      ; 0.577      ;
; 0.344  ; ANTIRREBOTE:inst7|CONTADOR_ANTIRREBOTE:inst11|inst38 ; ANTIRREBOTE:inst7|CONTADOR_ANTIRREBOTE:inst11|inst38                                                                ; CLOCK_50                          ; CLOCK_50    ; 0.000        ; 0.076      ; 0.577      ;
; 0.344  ; ANTIRREBOTE:inst7|CONTADOR_ANTIRREBOTE:inst11|inst40 ; ANTIRREBOTE:inst7|CONTADOR_ANTIRREBOTE:inst11|inst40                                                                ; CLOCK_50                          ; CLOCK_50    ; 0.000        ; 0.076      ; 0.577      ;
; 0.344  ; ANTIRREBOTE:inst7|CONTADOR_ANTIRREBOTE:inst11|inst42 ; ANTIRREBOTE:inst7|CONTADOR_ANTIRREBOTE:inst11|inst42                                                                ; CLOCK_50                          ; CLOCK_50    ; 0.000        ; 0.076      ; 0.577      ;
; 0.344  ; ANTIRREBOTE:inst7|CONTADOR_ANTIRREBOTE:inst11|inst44 ; ANTIRREBOTE:inst7|CONTADOR_ANTIRREBOTE:inst11|inst44                                                                ; CLOCK_50                          ; CLOCK_50    ; 0.000        ; 0.076      ; 0.577      ;
; 0.344  ; ANTIRREBOTE:inst7|CONTADOR_ANTIRREBOTE:inst11|inst46 ; ANTIRREBOTE:inst7|CONTADOR_ANTIRREBOTE:inst11|inst46                                                                ; CLOCK_50                          ; CLOCK_50    ; 0.000        ; 0.076      ; 0.577      ;
; 0.344  ; ANTIRREBOTE:inst7|CONTADOR_ANTIRREBOTE:inst11|inst48 ; ANTIRREBOTE:inst7|CONTADOR_ANTIRREBOTE:inst11|inst48                                                                ; CLOCK_50                          ; CLOCK_50    ; 0.000        ; 0.076      ; 0.577      ;
; 0.344  ; ANTIRREBOTE:inst7|CONTADOR_ANTIRREBOTE:inst11|inst50 ; ANTIRREBOTE:inst7|CONTADOR_ANTIRREBOTE:inst11|inst50                                                                ; CLOCK_50                          ; CLOCK_50    ; 0.000        ; 0.076      ; 0.577      ;
; 0.344  ; ANTIRREBOTE:inst7|CONTADOR_ANTIRREBOTE:inst11|inst52 ; ANTIRREBOTE:inst7|CONTADOR_ANTIRREBOTE:inst11|inst52                                                                ; CLOCK_50                          ; CLOCK_50    ; 0.000        ; 0.076      ; 0.577      ;
; 0.358  ; ANTIRREBOTE:inst7|CONTADOR_ANTIRREBOTE:inst11|inst14 ; ANTIRREBOTE:inst7|CONTADOR_ANTIRREBOTE:inst11|inst14                                                                ; CLOCK_50                          ; CLOCK_50    ; 0.000        ; 0.062      ; 0.577      ;
; 0.358  ; ANTIRREBOTE:inst7|CONTADOR_ANTIRREBOTE:inst11|inst16 ; ANTIRREBOTE:inst7|CONTADOR_ANTIRREBOTE:inst11|inst16                                                                ; CLOCK_50                          ; CLOCK_50    ; 0.000        ; 0.062      ; 0.577      ;
; 0.358  ; ANTIRREBOTE:inst7|CONTADOR_ANTIRREBOTE:inst11|inst18 ; ANTIRREBOTE:inst7|CONTADOR_ANTIRREBOTE:inst11|inst18                                                                ; CLOCK_50                          ; CLOCK_50    ; 0.000        ; 0.062      ; 0.577      ;
; 0.358  ; ANTIRREBOTE:inst7|CONTADOR_ANTIRREBOTE:inst11|inst20 ; ANTIRREBOTE:inst7|CONTADOR_ANTIRREBOTE:inst11|inst20                                                                ; CLOCK_50                          ; CLOCK_50    ; 0.000        ; 0.062      ; 0.577      ;
; 0.358  ; ANTIRREBOTE:inst7|CONTADOR_ANTIRREBOTE:inst11|inst22 ; ANTIRREBOTE:inst7|CONTADOR_ANTIRREBOTE:inst11|inst22                                                                ; CLOCK_50                          ; CLOCK_50    ; 0.000        ; 0.062      ; 0.577      ;
; 0.358  ; ANTIRREBOTE:inst7|CONTADOR_ANTIRREBOTE:inst11|inst24 ; ANTIRREBOTE:inst7|CONTADOR_ANTIRREBOTE:inst11|inst24                                                                ; CLOCK_50                          ; CLOCK_50    ; 0.000        ; 0.062      ; 0.577      ;
; 0.358  ; ANTIRREBOTE:inst7|CONTADOR_ANTIRREBOTE:inst11|inst26 ; ANTIRREBOTE:inst7|CONTADOR_ANTIRREBOTE:inst11|inst26                                                                ; CLOCK_50                          ; CLOCK_50    ; 0.000        ; 0.062      ; 0.577      ;
; 0.358  ; ANTIRREBOTE:inst7|CONTADOR_ANTIRREBOTE:inst11|inst30 ; ANTIRREBOTE:inst7|CONTADOR_ANTIRREBOTE:inst11|inst30                                                                ; CLOCK_50                          ; CLOCK_50    ; 0.000        ; 0.062      ; 0.577      ;
; 0.359  ; ANTIRREBOTE:inst7|CONTADOR_ANTIRREBOTE:inst11|inst36 ; ANTIRREBOTE:inst7|CONTADOR_ANTIRREBOTE:inst11|inst36                                                                ; CLOCK_50                          ; CLOCK_50    ; 0.000        ; 0.061      ; 0.577      ;
; 0.359  ; ANTIRREBOTE:inst7|CONTADOR_ANTIRREBOTE:inst11|inst26 ; ANTIRREBOTE:inst7|CONTADOR_ANTIRREBOTE:inst11|inst28                                                                ; CLOCK_50                          ; CLOCK_50    ; 0.000        ; 0.428      ; 0.944      ;
; 0.361  ; ANTIRREBOTE:inst7|CONTADOR_ANTIRREBOTE:inst11|inst13 ; ANTIRREBOTE:inst7|CONTADOR_ANTIRREBOTE:inst11|inst13                                                                ; CLOCK_50                          ; CLOCK_50    ; 0.000        ; 0.062      ; 0.580      ;
; 0.379  ; ANTIRREBOTE:inst7|CONTADOR_ANTIRREBOTE:inst11|inst16 ; ANTIRREBOTE:inst7|CONTADOR_ANTIRREBOTE:inst11|inst18                                                                ; CLOCK_50                          ; CLOCK_50    ; 0.000        ; 0.062      ; 0.598      ;
; 0.383  ; CONTADOR_RIZO:inst|FFD:inst2|inst                    ; ROM:inst1|miROM:inst|altsyncram:altsyncram_component|altsyncram_3nr3:auto_generated|ram_block1a0~porta_address_reg0 ; CONTADOR_RIZO:inst|FFD:inst1|inst ; CLOCK_50    ; -0.500       ; 1.852      ; 1.942      ;
; 0.478  ; CONTADOR_RIZO:inst|FFD:inst|inst                     ; ROM:inst1|miROM:inst|altsyncram:altsyncram_component|altsyncram_3nr3:auto_generated|ram_block1a0~porta_address_reg0 ; CONTADOR_RIZO:inst|FFD:inst|inst  ; CLOCK_50    ; -0.500       ; 2.681      ; 3.065      ;
; 0.485  ; ANTIRREBOTE:inst7|inst10                             ; ANTIRREBOTE:inst7|inst10                                                                                            ; ANTIRREBOTE:inst7|inst10          ; CLOCK_50    ; -0.500       ; 2.377      ; 2.748      ;
; 0.519  ; CONTADOR_RIZO:inst|FFD:inst1|inst                    ; ROM:inst1|miROM:inst|altsyncram:altsyncram_component|altsyncram_3nr3:auto_generated|ram_block1a0~porta_address_reg0 ; CONTADOR_RIZO:inst|FFD:inst1|inst ; CLOCK_50    ; -0.500       ; 2.681      ; 3.106      ;
; 0.544  ; ANTIRREBOTE:inst7|CONTADOR_ANTIRREBOTE:inst11|inst46 ; ANTIRREBOTE:inst7|CONTADOR_ANTIRREBOTE:inst11|inst48                                                                ; CLOCK_50                          ; CLOCK_50    ; 0.000        ; 0.076      ; 0.777      ;
; 0.547  ; ANTIRREBOTE:inst7|CONTADOR_ANTIRREBOTE:inst11|inst40 ; ANTIRREBOTE:inst7|CONTADOR_ANTIRREBOTE:inst11|inst42                                                                ; CLOCK_50                          ; CLOCK_50    ; 0.000        ; 0.076      ; 0.780      ;
; 0.552  ; ANTIRREBOTE:inst7|CONTADOR_ANTIRREBOTE:inst11|inst38 ; ANTIRREBOTE:inst7|CONTADOR_ANTIRREBOTE:inst11|inst42                                                                ; CLOCK_50                          ; CLOCK_50    ; 0.000        ; 0.076      ; 0.785      ;
; 0.554  ; ANTIRREBOTE:inst7|CONTADOR_ANTIRREBOTE:inst11|inst38 ; ANTIRREBOTE:inst7|CONTADOR_ANTIRREBOTE:inst11|inst40                                                                ; CLOCK_50                          ; CLOCK_50    ; 0.000        ; 0.076      ; 0.787      ;
; 0.567  ; ANTIRREBOTE:inst7|CONTADOR_ANTIRREBOTE:inst11|inst32 ; ANTIRREBOTE:inst7|CONTADOR_ANTIRREBOTE:inst11|inst34                                                                ; CLOCK_50                          ; CLOCK_50    ; 0.000        ; 0.076      ; 0.800      ;
; 0.641  ; ANTIRREBOTE:inst7|CONTADOR_ANTIRREBOTE:inst11|inst36 ; ANTIRREBOTE:inst7|CONTADOR_ANTIRREBOTE:inst11|inst42                                                                ; CLOCK_50                          ; CLOCK_50    ; 0.000        ; 0.428      ; 1.226      ;
; 0.642  ; ANTIRREBOTE:inst7|CONTADOR_ANTIRREBOTE:inst11|inst36 ; ANTIRREBOTE:inst7|CONTADOR_ANTIRREBOTE:inst11|inst40                                                                ; CLOCK_50                          ; CLOCK_50    ; 0.000        ; 0.428      ; 1.227      ;
; 0.643  ; ANTIRREBOTE:inst7|CONTADOR_ANTIRREBOTE:inst11|inst36 ; ANTIRREBOTE:inst7|CONTADOR_ANTIRREBOTE:inst11|inst38                                                                ; CLOCK_50                          ; CLOCK_50    ; 0.000        ; 0.428      ; 1.228      ;
; 0.645  ; ANTIRREBOTE:inst7|CONTADOR_ANTIRREBOTE:inst11|inst30 ; ANTIRREBOTE:inst7|CONTADOR_ANTIRREBOTE:inst11|inst32                                                                ; CLOCK_50                          ; CLOCK_50    ; 0.000        ; 0.428      ; 1.230      ;
; 0.646  ; ANTIRREBOTE:inst7|CONTADOR_ANTIRREBOTE:inst11|inst30 ; ANTIRREBOTE:inst7|CONTADOR_ANTIRREBOTE:inst11|inst34                                                                ; CLOCK_50                          ; CLOCK_50    ; 0.000        ; 0.428      ; 1.231      ;
; 0.652  ; ANTIRREBOTE:inst7|CONTADOR_ANTIRREBOTE:inst11|inst24 ; ANTIRREBOTE:inst7|CONTADOR_ANTIRREBOTE:inst11|inst28                                                                ; CLOCK_50                          ; CLOCK_50    ; 0.000        ; 0.428      ; 1.237      ;
; 0.676  ; ANTIRREBOTE:inst7|CONTADOR_ANTIRREBOTE:inst11|inst50 ; ANTIRREBOTE:inst7|CONTADOR_ANTIRREBOTE:inst11|inst52                                                                ; CLOCK_50                          ; CLOCK_50    ; 0.000        ; 0.076      ; 0.909      ;
; 0.690  ; ANTIRREBOTE:inst7|CONTADOR_ANTIRREBOTE:inst11|inst22 ; ANTIRREBOTE:inst7|CONTADOR_ANTIRREBOTE:inst11|inst28                                                                ; CLOCK_50                          ; CLOCK_50    ; 0.000        ; 0.428      ; 1.275      ;
; 0.698  ; ANTIRREBOTE:inst7|CONTADOR_ANTIRREBOTE:inst11|inst44 ; ANTIRREBOTE:inst7|CONTADOR_ANTIRREBOTE:inst11|inst46                                                                ; CLOCK_50                          ; CLOCK_50    ; 0.000        ; 0.076      ; 0.931      ;
; 0.698  ; ANTIRREBOTE:inst7|CONTADOR_ANTIRREBOTE:inst11|inst44 ; ANTIRREBOTE:inst7|CONTADOR_ANTIRREBOTE:inst11|inst48                                                                ; CLOCK_50                          ; CLOCK_50    ; 0.000        ; 0.076      ; 0.931      ;
; 0.730  ; ANTIRREBOTE:inst7|CONTADOR_ANTIRREBOTE:inst11|inst26 ; ANTIRREBOTE:inst7|CONTADOR_ANTIRREBOTE:inst11|inst30                                                                ; CLOCK_50                          ; CLOCK_50    ; 0.000        ; 0.062      ; 0.949      ;
; 0.747  ; ANTIRREBOTE:inst7|CONTADOR_ANTIRREBOTE:inst11|inst22 ; ANTIRREBOTE:inst7|CONTADOR_ANTIRREBOTE:inst11|inst24                                                                ; CLOCK_50                          ; CLOCK_50    ; 0.000        ; 0.062      ; 0.966      ;
; 0.772  ; ANTIRREBOTE:inst7|CONTADOR_ANTIRREBOTE:inst11|inst42 ; ANTIRREBOTE:inst7|CONTADOR_ANTIRREBOTE:inst11|inst48                                                                ; CLOCK_50                          ; CLOCK_50    ; 0.000        ; 0.076      ; 1.005      ;
; 0.773  ; ANTIRREBOTE:inst7|CONTADOR_ANTIRREBOTE:inst11|inst42 ; ANTIRREBOTE:inst7|CONTADOR_ANTIRREBOTE:inst11|inst46                                                                ; CLOCK_50                          ; CLOCK_50    ; 0.000        ; 0.076      ; 1.006      ;
; 0.775  ; ANTIRREBOTE:inst7|CONTADOR_ANTIRREBOTE:inst11|inst42 ; ANTIRREBOTE:inst7|CONTADOR_ANTIRREBOTE:inst11|inst44                                                                ; CLOCK_50                          ; CLOCK_50    ; 0.000        ; 0.076      ; 1.008      ;
; 0.779  ; ANTIRREBOTE:inst7|CONTADOR_ANTIRREBOTE:inst11|inst34 ; ANTIRREBOTE:inst7|CONTADOR_ANTIRREBOTE:inst11|inst42                                                                ; CLOCK_50                          ; CLOCK_50    ; 0.000        ; 0.076      ; 1.012      ;
; 0.780  ; ANTIRREBOTE:inst7|CONTADOR_ANTIRREBOTE:inst11|inst34 ; ANTIRREBOTE:inst7|CONTADOR_ANTIRREBOTE:inst11|inst40                                                                ; CLOCK_50                          ; CLOCK_50    ; 0.000        ; 0.076      ; 1.013      ;
; 0.781  ; ANTIRREBOTE:inst7|CONTADOR_ANTIRREBOTE:inst11|inst34 ; ANTIRREBOTE:inst7|CONTADOR_ANTIRREBOTE:inst11|inst38                                                                ; CLOCK_50                          ; CLOCK_50    ; 0.000        ; 0.076      ; 1.014      ;
; 0.784  ; ANTIRREBOTE:inst7|CONTADOR_ANTIRREBOTE:inst11|inst16 ; ANTIRREBOTE:inst7|CONTADOR_ANTIRREBOTE:inst11|inst32                                                                ; CLOCK_50                          ; CLOCK_50    ; 0.000        ; 0.428      ; 1.369      ;
; 0.785  ; ANTIRREBOTE:inst7|CONTADOR_ANTIRREBOTE:inst11|inst16 ; ANTIRREBOTE:inst7|CONTADOR_ANTIRREBOTE:inst11|inst34                                                                ; CLOCK_50                          ; CLOCK_50    ; 0.000        ; 0.428      ; 1.370      ;
; 0.790  ; ANTIRREBOTE:inst7|CONTADOR_ANTIRREBOTE:inst11|inst20 ; ANTIRREBOTE:inst7|CONTADOR_ANTIRREBOTE:inst11|inst28                                                                ; CLOCK_50                          ; CLOCK_50    ; 0.000        ; 0.428      ; 1.375      ;
; 0.846  ; ANTIRREBOTE:inst7|CONTADOR_ANTIRREBOTE:inst11|inst46 ; ANTIRREBOTE:inst7|CONTADOR_ANTIRREBOTE:inst11|inst50                                                                ; CLOCK_50                          ; CLOCK_50    ; 0.000        ; 0.076      ; 1.079      ;
; 0.846  ; ANTIRREBOTE:inst7|CONTADOR_ANTIRREBOTE:inst11|inst46 ; ANTIRREBOTE:inst7|CONTADOR_ANTIRREBOTE:inst11|inst52                                                                ; CLOCK_50                          ; CLOCK_50    ; 0.000        ; 0.076      ; 1.079      ;
; 0.857  ; ANTIRREBOTE:inst7|CONTADOR_ANTIRREBOTE:inst11|inst40 ; ANTIRREBOTE:inst7|CONTADOR_ANTIRREBOTE:inst11|inst48                                                                ; CLOCK_50                          ; CLOCK_50    ; 0.000        ; 0.076      ; 1.090      ;
; 0.858  ; ANTIRREBOTE:inst7|CONTADOR_ANTIRREBOTE:inst11|inst40 ; ANTIRREBOTE:inst7|CONTADOR_ANTIRREBOTE:inst11|inst46                                                                ; CLOCK_50                          ; CLOCK_50    ; 0.000        ; 0.076      ; 1.091      ;
; 0.860  ; ANTIRREBOTE:inst7|CONTADOR_ANTIRREBOTE:inst11|inst40 ; ANTIRREBOTE:inst7|CONTADOR_ANTIRREBOTE:inst11|inst44                                                                ; CLOCK_50                          ; CLOCK_50    ; 0.000        ; 0.076      ; 1.093      ;
; 0.861  ; ANTIRREBOTE:inst7|CONTADOR_ANTIRREBOTE:inst11|inst38 ; ANTIRREBOTE:inst7|CONTADOR_ANTIRREBOTE:inst11|inst48                                                                ; CLOCK_50                          ; CLOCK_50    ; 0.000        ; 0.076      ; 1.094      ;
; 0.862  ; ANTIRREBOTE:inst7|CONTADOR_ANTIRREBOTE:inst11|inst38 ; ANTIRREBOTE:inst7|CONTADOR_ANTIRREBOTE:inst11|inst46                                                                ; CLOCK_50                          ; CLOCK_50    ; 0.000        ; 0.076      ; 1.095      ;
; 0.864  ; ANTIRREBOTE:inst7|CONTADOR_ANTIRREBOTE:inst11|inst38 ; ANTIRREBOTE:inst7|CONTADOR_ANTIRREBOTE:inst11|inst44                                                                ; CLOCK_50                          ; CLOCK_50    ; 0.000        ; 0.076      ; 1.097      ;
; 0.871  ; ANTIRREBOTE:inst7|inst1                              ; ANTIRREBOTE:inst7|inst2                                                                                             ; CLOCK_50                          ; CLOCK_50    ; 0.000        ; -0.291     ; 0.737      ;
; 0.875  ; ANTIRREBOTE:inst7|CONTADOR_ANTIRREBOTE:inst11|inst32 ; ANTIRREBOTE:inst7|CONTADOR_ANTIRREBOTE:inst11|inst42                                                                ; CLOCK_50                          ; CLOCK_50    ; 0.000        ; 0.076      ; 1.108      ;
; 0.876  ; ANTIRREBOTE:inst7|CONTADOR_ANTIRREBOTE:inst11|inst32 ; ANTIRREBOTE:inst7|CONTADOR_ANTIRREBOTE:inst11|inst40                                                                ; CLOCK_50                          ; CLOCK_50    ; 0.000        ; 0.076      ; 1.109      ;
; 0.877  ; ANTIRREBOTE:inst7|CONTADOR_ANTIRREBOTE:inst11|inst32 ; ANTIRREBOTE:inst7|CONTADOR_ANTIRREBOTE:inst11|inst38                                                                ; CLOCK_50                          ; CLOCK_50    ; 0.000        ; 0.076      ; 1.110      ;
; 0.882  ; ANTIRREBOTE:inst7|CONTADOR_ANTIRREBOTE:inst11|inst22 ; ANTIRREBOTE:inst7|CONTADOR_ANTIRREBOTE:inst11|inst32                                                                ; CLOCK_50                          ; CLOCK_50    ; 0.000        ; 0.428      ; 1.467      ;
; 0.883  ; ANTIRREBOTE:inst7|CONTADOR_ANTIRREBOTE:inst11|inst22 ; ANTIRREBOTE:inst7|CONTADOR_ANTIRREBOTE:inst11|inst34                                                                ; CLOCK_50                          ; CLOCK_50    ; 0.000        ; 0.428      ; 1.468      ;
; 0.902  ; ANTIRREBOTE:inst7|CONTADOR_ANTIRREBOTE:inst11|inst13 ; ANTIRREBOTE:inst7|CONTADOR_ANTIRREBOTE:inst11|inst32                                                                ; CLOCK_50                          ; CLOCK_50    ; 0.000        ; 0.428      ; 1.487      ;
; 0.903  ; ANTIRREBOTE:inst7|CONTADOR_ANTIRREBOTE:inst11|inst13 ; ANTIRREBOTE:inst7|CONTADOR_ANTIRREBOTE:inst11|inst34                                                                ; CLOCK_50                          ; CLOCK_50    ; 0.000        ; 0.428      ; 1.488      ;
; 0.906  ; ANTIRREBOTE:inst7|CONTADOR_ANTIRREBOTE:inst11|inst48 ; ANTIRREBOTE:inst7|CONTADOR_ANTIRREBOTE:inst11|inst50                                                                ; CLOCK_50                          ; CLOCK_50    ; 0.000        ; 0.076      ; 1.139      ;
; 0.906  ; ANTIRREBOTE:inst7|CONTADOR_ANTIRREBOTE:inst11|inst48 ; ANTIRREBOTE:inst7|CONTADOR_ANTIRREBOTE:inst11|inst52                                                                ; CLOCK_50                          ; CLOCK_50    ; 0.000        ; 0.076      ; 1.139      ;
; 0.915  ; ANTIRREBOTE:inst7|CONTADOR_ANTIRREBOTE:inst11|inst34 ; ANTIRREBOTE:inst7|CONTADOR_ANTIRREBOTE:inst11|inst36                                                                ; CLOCK_50                          ; CLOCK_50    ; 0.000        ; -0.291     ; 0.781      ;
; 0.916  ; ANTIRREBOTE:inst7|CONTADOR_ANTIRREBOTE:inst11|inst28 ; ANTIRREBOTE:inst7|CONTADOR_ANTIRREBOTE:inst11|inst30                                                                ; CLOCK_50                          ; CLOCK_50    ; 0.000        ; -0.290     ; 0.783      ;
; 0.925  ; ANTIRREBOTE:inst7|CONTADOR_ANTIRREBOTE:inst11|inst20 ; ANTIRREBOTE:inst7|CONTADOR_ANTIRREBOTE:inst11|inst24                                                                ; CLOCK_50                          ; CLOCK_50    ; 0.000        ; 0.062      ; 1.144      ;
; 0.926  ; ANTIRREBOTE:inst7|CONTADOR_ANTIRREBOTE:inst11|inst20 ; ANTIRREBOTE:inst7|CONTADOR_ANTIRREBOTE:inst11|inst22                                                                ; CLOCK_50                          ; CLOCK_50    ; 0.000        ; 0.062      ; 1.145      ;
; 0.932  ; ANTIRREBOTE:inst7|CONTADOR_ANTIRREBOTE:inst11|inst13 ; ANTIRREBOTE:inst7|CONTADOR_ANTIRREBOTE:inst11|inst16                                                                ; CLOCK_50                          ; CLOCK_50    ; 0.000        ; 0.062      ; 1.151      ;
; 0.935  ; ANTIRREBOTE:inst7|CONTADOR_ANTIRREBOTE:inst11|inst13 ; ANTIRREBOTE:inst7|CONTADOR_ANTIRREBOTE:inst11|inst14                                                                ; CLOCK_50                          ; CLOCK_50    ; 0.000        ; 0.062      ; 1.154      ;
; 0.935  ; ANTIRREBOTE:inst7|CONTADOR_ANTIRREBOTE:inst11|inst13 ; ANTIRREBOTE:inst7|CONTADOR_ANTIRREBOTE:inst11|inst18                                                                ; CLOCK_50                          ; CLOCK_50    ; 0.000        ; 0.062      ; 1.154      ;
; 0.953  ; ANTIRREBOTE:inst7|CONTADOR_ANTIRREBOTE:inst11|inst36 ; ANTIRREBOTE:inst7|CONTADOR_ANTIRREBOTE:inst11|inst48                                                                ; CLOCK_50                          ; CLOCK_50    ; 0.000        ; 0.428      ; 1.538      ;
; 0.954  ; ANTIRREBOTE:inst7|CONTADOR_ANTIRREBOTE:inst11|inst36 ; ANTIRREBOTE:inst7|CONTADOR_ANTIRREBOTE:inst11|inst46                                                                ; CLOCK_50                          ; CLOCK_50    ; 0.000        ; 0.428      ; 1.539      ;
; 0.956  ; ANTIRREBOTE:inst7|CONTADOR_ANTIRREBOTE:inst11|inst30 ; ANTIRREBOTE:inst7|CONTADOR_ANTIRREBOTE:inst11|inst42                                                                ; CLOCK_50                          ; CLOCK_50    ; 0.000        ; 0.428      ; 1.541      ;
; 0.956  ; ANTIRREBOTE:inst7|CONTADOR_ANTIRREBOTE:inst11|inst36 ; ANTIRREBOTE:inst7|CONTADOR_ANTIRREBOTE:inst11|inst44                                                                ; CLOCK_50                          ; CLOCK_50    ; 0.000        ; 0.428      ; 1.541      ;
; 0.957  ; ANTIRREBOTE:inst7|CONTADOR_ANTIRREBOTE:inst11|inst30 ; ANTIRREBOTE:inst7|CONTADOR_ANTIRREBOTE:inst11|inst40                                                                ; CLOCK_50                          ; CLOCK_50    ; 0.000        ; 0.428      ; 1.542      ;
; 0.958  ; ANTIRREBOTE:inst7|CONTADOR_ANTIRREBOTE:inst11|inst30 ; ANTIRREBOTE:inst7|CONTADOR_ANTIRREBOTE:inst11|inst38                                                                ; CLOCK_50                          ; CLOCK_50    ; 0.000        ; 0.428      ; 1.543      ;
; 0.961  ; ANTIRREBOTE:inst7|CONTADOR_ANTIRREBOTE:inst11|inst18 ; ANTIRREBOTE:inst7|CONTADOR_ANTIRREBOTE:inst11|inst32                                                                ; CLOCK_50                          ; CLOCK_50    ; 0.000        ; 0.428      ; 1.546      ;
; 0.962  ; ANTIRREBOTE:inst7|CONTADOR_ANTIRREBOTE:inst11|inst18 ; ANTIRREBOTE:inst7|CONTADOR_ANTIRREBOTE:inst11|inst34                                                                ; CLOCK_50                          ; CLOCK_50    ; 0.000        ; 0.428      ; 1.547      ;
; 0.977  ; ANTIRREBOTE:inst7|CONTADOR_ANTIRREBOTE:inst11|inst14 ; ANTIRREBOTE:inst7|CONTADOR_ANTIRREBOTE:inst11|inst32                                                                ; CLOCK_50                          ; CLOCK_50    ; 0.000        ; 0.428      ; 1.562      ;
; 0.978  ; ANTIRREBOTE:inst7|CONTADOR_ANTIRREBOTE:inst11|inst14 ; ANTIRREBOTE:inst7|CONTADOR_ANTIRREBOTE:inst11|inst34                                                                ; CLOCK_50                          ; CLOCK_50    ; 0.000        ; 0.428      ; 1.563      ;
; 0.980  ; ANTIRREBOTE:inst7|CONTADOR_ANTIRREBOTE:inst11|inst16 ; ANTIRREBOTE:inst7|CONTADOR_ANTIRREBOTE:inst11|inst28                                                                ; CLOCK_50                          ; CLOCK_50    ; 0.000        ; 0.428      ; 1.565      ;
; 0.985  ; ANTIRREBOTE:inst7|CONTADOR_ANTIRREBOTE:inst11|inst26 ; ANTIRREBOTE:inst7|CONTADOR_ANTIRREBOTE:inst11|inst32                                                                ; CLOCK_50                          ; CLOCK_50    ; 0.000        ; 0.428      ; 1.570      ;
; 0.986  ; ANTIRREBOTE:inst7|CONTADOR_ANTIRREBOTE:inst11|inst26 ; ANTIRREBOTE:inst7|CONTADOR_ANTIRREBOTE:inst11|inst34                                                                ; CLOCK_50                          ; CLOCK_50    ; 0.000        ; 0.428      ; 1.571      ;
; 0.997  ; ANTIRREBOTE:inst7|CONTADOR_ANTIRREBOTE:inst11|inst44 ; ANTIRREBOTE:inst7|CONTADOR_ANTIRREBOTE:inst11|inst50                                                                ; CLOCK_50                          ; CLOCK_50    ; 0.000        ; 0.076      ; 1.230      ;
; 0.997  ; ANTIRREBOTE:inst7|CONTADOR_ANTIRREBOTE:inst11|inst44 ; ANTIRREBOTE:inst7|CONTADOR_ANTIRREBOTE:inst11|inst52                                                                ; CLOCK_50                          ; CLOCK_50    ; 0.000        ; 0.076      ; 1.230      ;
; 1.007  ; ANTIRREBOTE:inst7|CONTADOR_ANTIRREBOTE:inst11|inst28 ; ANTIRREBOTE:inst7|CONTADOR_ANTIRREBOTE:inst11|inst32                                                                ; CLOCK_50                          ; CLOCK_50    ; 0.000        ; 0.076      ; 1.240      ;
; 1.008  ; ANTIRREBOTE:inst7|CONTADOR_ANTIRREBOTE:inst11|inst28 ; ANTIRREBOTE:inst7|CONTADOR_ANTIRREBOTE:inst11|inst34                                                                ; CLOCK_50                          ; CLOCK_50    ; 0.000        ; 0.076      ; 1.241      ;
; 1.013  ; ANTIRREBOTE:inst7|CONTADOR_ANTIRREBOTE:inst11|inst30 ; ANTIRREBOTE:inst7|CONTADOR_ANTIRREBOTE:inst11|inst36                                                                ; CLOCK_50                          ; CLOCK_50    ; 0.000        ; 0.061      ; 1.231      ;
; 1.015  ; ANTIRREBOTE:inst7|CONTADOR_ANTIRREBOTE:inst11|inst24 ; ANTIRREBOTE:inst7|CONTADOR_ANTIRREBOTE:inst11|inst26                                                                ; CLOCK_50                          ; CLOCK_50    ; 0.000        ; 0.062      ; 1.234      ;
+--------+------------------------------------------------------+---------------------------------------------------------------------------------------------------------------------+-----------------------------------+-------------+--------------+------------+------------+


+------------------------------------------------------------------------------------------------------------------------------------------------------------------------------------------------+
; Slow 1200mV 85C Model Hold: 'CONTADOR_RIZO:inst|FFD:inst1|inst'                                                                                                                                ;
+-------+-----------------------------------+-----------------------------------+-----------------------------------+-----------------------------------+--------------+------------+------------+
; Slack ; From Node                         ; To Node                           ; Launch Clock                      ; Latch Clock                       ; Relationship ; Clock Skew ; Data Delay ;
+-------+-----------------------------------+-----------------------------------+-----------------------------------+-----------------------------------+--------------+------------+------------+
; 0.384 ; CONTADOR_RIZO:inst|FFD:inst2|inst ; CONTADOR_RIZO:inst|FFD:inst2|inst ; CONTADOR_RIZO:inst|FFD:inst1|inst ; CONTADOR_RIZO:inst|FFD:inst1|inst ; 0.000        ; 0.039      ; 0.580      ;
+-------+-----------------------------------+-----------------------------------+-----------------------------------+-----------------------------------+--------------+------------+------------+


+---------------------------------------------------------------------------------------------------------------------------------------------------------------+
; Slow 1200mV 85C Model Recovery: 'CLOCK_50'                                                                                                                    ;
+--------+-------------------------+------------------------------------------------------+--------------+-------------+--------------+------------+------------+
; Slack  ; From Node               ; To Node                                              ; Launch Clock ; Latch Clock ; Relationship ; Clock Skew ; Data Delay ;
+--------+-------------------------+------------------------------------------------------+--------------+-------------+--------------+------------+------------+
; -0.717 ; ANTIRREBOTE:inst7|inst2 ; ANTIRREBOTE:inst7|CONTADOR_ANTIRREBOTE:inst11|inst13 ; CLOCK_50     ; CLOCK_50    ; 1.000        ; -0.061     ; 1.651      ;
; -0.717 ; ANTIRREBOTE:inst7|inst2 ; ANTIRREBOTE:inst7|CONTADOR_ANTIRREBOTE:inst11|inst14 ; CLOCK_50     ; CLOCK_50    ; 1.000        ; -0.061     ; 1.651      ;
; -0.717 ; ANTIRREBOTE:inst7|inst2 ; ANTIRREBOTE:inst7|CONTADOR_ANTIRREBOTE:inst11|inst16 ; CLOCK_50     ; CLOCK_50    ; 1.000        ; -0.061     ; 1.651      ;
; -0.717 ; ANTIRREBOTE:inst7|inst2 ; ANTIRREBOTE:inst7|CONTADOR_ANTIRREBOTE:inst11|inst18 ; CLOCK_50     ; CLOCK_50    ; 1.000        ; -0.061     ; 1.651      ;
; -0.717 ; ANTIRREBOTE:inst7|inst2 ; ANTIRREBOTE:inst7|CONTADOR_ANTIRREBOTE:inst11|inst20 ; CLOCK_50     ; CLOCK_50    ; 1.000        ; -0.061     ; 1.651      ;
; -0.717 ; ANTIRREBOTE:inst7|inst2 ; ANTIRREBOTE:inst7|CONTADOR_ANTIRREBOTE:inst11|inst22 ; CLOCK_50     ; CLOCK_50    ; 1.000        ; -0.061     ; 1.651      ;
; -0.717 ; ANTIRREBOTE:inst7|inst2 ; ANTIRREBOTE:inst7|CONTADOR_ANTIRREBOTE:inst11|inst24 ; CLOCK_50     ; CLOCK_50    ; 1.000        ; -0.061     ; 1.651      ;
; -0.717 ; ANTIRREBOTE:inst7|inst2 ; ANTIRREBOTE:inst7|CONTADOR_ANTIRREBOTE:inst11|inst26 ; CLOCK_50     ; CLOCK_50    ; 1.000        ; -0.061     ; 1.651      ;
; -0.717 ; ANTIRREBOTE:inst7|inst2 ; ANTIRREBOTE:inst7|CONTADOR_ANTIRREBOTE:inst11|inst30 ; CLOCK_50     ; CLOCK_50    ; 1.000        ; -0.061     ; 1.651      ;
; -0.717 ; ANTIRREBOTE:inst7|inst2 ; ANTIRREBOTE:inst7|inst10                             ; CLOCK_50     ; CLOCK_50    ; 1.000        ; -0.061     ; 1.651      ;
; -0.580 ; ANTIRREBOTE:inst7|inst2 ; ANTIRREBOTE:inst7|CONTADOR_ANTIRREBOTE:inst11|inst36 ; CLOCK_50     ; CLOCK_50    ; 1.000        ; -0.061     ; 1.514      ;
; -0.365 ; ANTIRREBOTE:inst7|inst2 ; ANTIRREBOTE:inst7|CONTADOR_ANTIRREBOTE:inst11|inst28 ; CLOCK_50     ; CLOCK_50    ; 1.000        ; 0.291      ; 1.651      ;
; -0.228 ; ANTIRREBOTE:inst7|inst2 ; ANTIRREBOTE:inst7|CONTADOR_ANTIRREBOTE:inst11|inst32 ; CLOCK_50     ; CLOCK_50    ; 1.000        ; 0.291      ; 1.514      ;
; -0.228 ; ANTIRREBOTE:inst7|inst2 ; ANTIRREBOTE:inst7|CONTADOR_ANTIRREBOTE:inst11|inst34 ; CLOCK_50     ; CLOCK_50    ; 1.000        ; 0.291      ; 1.514      ;
; -0.228 ; ANTIRREBOTE:inst7|inst2 ; ANTIRREBOTE:inst7|CONTADOR_ANTIRREBOTE:inst11|inst38 ; CLOCK_50     ; CLOCK_50    ; 1.000        ; 0.291      ; 1.514      ;
; -0.228 ; ANTIRREBOTE:inst7|inst2 ; ANTIRREBOTE:inst7|CONTADOR_ANTIRREBOTE:inst11|inst40 ; CLOCK_50     ; CLOCK_50    ; 1.000        ; 0.291      ; 1.514      ;
; -0.228 ; ANTIRREBOTE:inst7|inst2 ; ANTIRREBOTE:inst7|CONTADOR_ANTIRREBOTE:inst11|inst42 ; CLOCK_50     ; CLOCK_50    ; 1.000        ; 0.291      ; 1.514      ;
; -0.228 ; ANTIRREBOTE:inst7|inst2 ; ANTIRREBOTE:inst7|CONTADOR_ANTIRREBOTE:inst11|inst44 ; CLOCK_50     ; CLOCK_50    ; 1.000        ; 0.291      ; 1.514      ;
; -0.228 ; ANTIRREBOTE:inst7|inst2 ; ANTIRREBOTE:inst7|CONTADOR_ANTIRREBOTE:inst11|inst46 ; CLOCK_50     ; CLOCK_50    ; 1.000        ; 0.291      ; 1.514      ;
; -0.228 ; ANTIRREBOTE:inst7|inst2 ; ANTIRREBOTE:inst7|CONTADOR_ANTIRREBOTE:inst11|inst48 ; CLOCK_50     ; CLOCK_50    ; 1.000        ; 0.291      ; 1.514      ;
; -0.228 ; ANTIRREBOTE:inst7|inst2 ; ANTIRREBOTE:inst7|CONTADOR_ANTIRREBOTE:inst11|inst50 ; CLOCK_50     ; CLOCK_50    ; 1.000        ; 0.291      ; 1.514      ;
; -0.228 ; ANTIRREBOTE:inst7|inst2 ; ANTIRREBOTE:inst7|CONTADOR_ANTIRREBOTE:inst11|inst52 ; CLOCK_50     ; CLOCK_50    ; 1.000        ; 0.291      ; 1.514      ;
+--------+-------------------------+------------------------------------------------------+--------------+-------------+--------------+------------+------------+


+--------------------------------------------------------------------------------------------------------------------------------------------------------------+
; Slow 1200mV 85C Model Removal: 'CLOCK_50'                                                                                                                    ;
+-------+-------------------------+------------------------------------------------------+--------------+-------------+--------------+------------+------------+
; Slack ; From Node               ; To Node                                              ; Launch Clock ; Latch Clock ; Relationship ; Clock Skew ; Data Delay ;
+-------+-------------------------+------------------------------------------------------+--------------+-------------+--------------+------------+------------+
; 0.799 ; ANTIRREBOTE:inst7|inst2 ; ANTIRREBOTE:inst7|CONTADOR_ANTIRREBOTE:inst11|inst32 ; CLOCK_50     ; CLOCK_50    ; 0.000        ; 0.428      ; 1.384      ;
; 0.799 ; ANTIRREBOTE:inst7|inst2 ; ANTIRREBOTE:inst7|CONTADOR_ANTIRREBOTE:inst11|inst34 ; CLOCK_50     ; CLOCK_50    ; 0.000        ; 0.428      ; 1.384      ;
; 0.799 ; ANTIRREBOTE:inst7|inst2 ; ANTIRREBOTE:inst7|CONTADOR_ANTIRREBOTE:inst11|inst38 ; CLOCK_50     ; CLOCK_50    ; 0.000        ; 0.428      ; 1.384      ;
; 0.799 ; ANTIRREBOTE:inst7|inst2 ; ANTIRREBOTE:inst7|CONTADOR_ANTIRREBOTE:inst11|inst40 ; CLOCK_50     ; CLOCK_50    ; 0.000        ; 0.428      ; 1.384      ;
; 0.799 ; ANTIRREBOTE:inst7|inst2 ; ANTIRREBOTE:inst7|CONTADOR_ANTIRREBOTE:inst11|inst42 ; CLOCK_50     ; CLOCK_50    ; 0.000        ; 0.428      ; 1.384      ;
; 0.799 ; ANTIRREBOTE:inst7|inst2 ; ANTIRREBOTE:inst7|CONTADOR_ANTIRREBOTE:inst11|inst44 ; CLOCK_50     ; CLOCK_50    ; 0.000        ; 0.428      ; 1.384      ;
; 0.799 ; ANTIRREBOTE:inst7|inst2 ; ANTIRREBOTE:inst7|CONTADOR_ANTIRREBOTE:inst11|inst46 ; CLOCK_50     ; CLOCK_50    ; 0.000        ; 0.428      ; 1.384      ;
; 0.799 ; ANTIRREBOTE:inst7|inst2 ; ANTIRREBOTE:inst7|CONTADOR_ANTIRREBOTE:inst11|inst48 ; CLOCK_50     ; CLOCK_50    ; 0.000        ; 0.428      ; 1.384      ;
; 0.799 ; ANTIRREBOTE:inst7|inst2 ; ANTIRREBOTE:inst7|CONTADOR_ANTIRREBOTE:inst11|inst50 ; CLOCK_50     ; CLOCK_50    ; 0.000        ; 0.428      ; 1.384      ;
; 0.799 ; ANTIRREBOTE:inst7|inst2 ; ANTIRREBOTE:inst7|CONTADOR_ANTIRREBOTE:inst11|inst52 ; CLOCK_50     ; CLOCK_50    ; 0.000        ; 0.428      ; 1.384      ;
; 0.937 ; ANTIRREBOTE:inst7|inst2 ; ANTIRREBOTE:inst7|CONTADOR_ANTIRREBOTE:inst11|inst28 ; CLOCK_50     ; CLOCK_50    ; 0.000        ; 0.428      ; 1.522      ;
; 1.166 ; ANTIRREBOTE:inst7|inst2 ; ANTIRREBOTE:inst7|CONTADOR_ANTIRREBOTE:inst11|inst36 ; CLOCK_50     ; CLOCK_50    ; 0.000        ; 0.061      ; 1.384      ;
; 1.303 ; ANTIRREBOTE:inst7|inst2 ; ANTIRREBOTE:inst7|CONTADOR_ANTIRREBOTE:inst11|inst13 ; CLOCK_50     ; CLOCK_50    ; 0.000        ; 0.062      ; 1.522      ;
; 1.303 ; ANTIRREBOTE:inst7|inst2 ; ANTIRREBOTE:inst7|CONTADOR_ANTIRREBOTE:inst11|inst14 ; CLOCK_50     ; CLOCK_50    ; 0.000        ; 0.062      ; 1.522      ;
; 1.303 ; ANTIRREBOTE:inst7|inst2 ; ANTIRREBOTE:inst7|CONTADOR_ANTIRREBOTE:inst11|inst16 ; CLOCK_50     ; CLOCK_50    ; 0.000        ; 0.062      ; 1.522      ;
; 1.303 ; ANTIRREBOTE:inst7|inst2 ; ANTIRREBOTE:inst7|CONTADOR_ANTIRREBOTE:inst11|inst18 ; CLOCK_50     ; CLOCK_50    ; 0.000        ; 0.062      ; 1.522      ;
; 1.303 ; ANTIRREBOTE:inst7|inst2 ; ANTIRREBOTE:inst7|CONTADOR_ANTIRREBOTE:inst11|inst20 ; CLOCK_50     ; CLOCK_50    ; 0.000        ; 0.062      ; 1.522      ;
; 1.303 ; ANTIRREBOTE:inst7|inst2 ; ANTIRREBOTE:inst7|CONTADOR_ANTIRREBOTE:inst11|inst22 ; CLOCK_50     ; CLOCK_50    ; 0.000        ; 0.062      ; 1.522      ;
; 1.303 ; ANTIRREBOTE:inst7|inst2 ; ANTIRREBOTE:inst7|CONTADOR_ANTIRREBOTE:inst11|inst24 ; CLOCK_50     ; CLOCK_50    ; 0.000        ; 0.062      ; 1.522      ;
; 1.303 ; ANTIRREBOTE:inst7|inst2 ; ANTIRREBOTE:inst7|CONTADOR_ANTIRREBOTE:inst11|inst26 ; CLOCK_50     ; CLOCK_50    ; 0.000        ; 0.062      ; 1.522      ;
; 1.303 ; ANTIRREBOTE:inst7|inst2 ; ANTIRREBOTE:inst7|CONTADOR_ANTIRREBOTE:inst11|inst30 ; CLOCK_50     ; CLOCK_50    ; 0.000        ; 0.062      ; 1.522      ;
; 1.303 ; ANTIRREBOTE:inst7|inst2 ; ANTIRREBOTE:inst7|inst10                             ; CLOCK_50     ; CLOCK_50    ; 0.000        ; 0.062      ; 1.522      ;
+-------+-------------------------+------------------------------------------------------+--------------+-------------+--------------+------------+------------+


+---------------------------------------------------------------------------------------------------------------------------------------------------------------------------------------------------------+
; Slow 1200mV 85C Model Minimum Pulse Width: 'CLOCK_50'                                                                                                                                                   ;
+--------+--------------+----------------+------------------+----------+------------+---------------------------------------------------------------------------------------------------------------------+
; Slack  ; Actual Width ; Required Width ; Type             ; Clock    ; Clock Edge ; Target                                                                                                              ;
+--------+--------------+----------------+------------------+----------+------------+---------------------------------------------------------------------------------------------------------------------+
; -3.000 ; 1.000        ; 4.000          ; Port Rate        ; CLOCK_50 ; Rise       ; CLOCK_50                                                                                                            ;
; -2.174 ; 1.000        ; 3.174          ; Min Period       ; CLOCK_50 ; Rise       ; ROM:inst1|miROM:inst|altsyncram:altsyncram_component|altsyncram_3nr3:auto_generated|ram_block1a0~porta_address_reg0 ;
; -1.000 ; 1.000        ; 2.000          ; Min Period       ; CLOCK_50 ; Rise       ; ANTIRREBOTE:inst7|CONTADOR_ANTIRREBOTE:inst11|inst13                                                                ;
; -1.000 ; 1.000        ; 2.000          ; Min Period       ; CLOCK_50 ; Rise       ; ANTIRREBOTE:inst7|CONTADOR_ANTIRREBOTE:inst11|inst14                                                                ;
; -1.000 ; 1.000        ; 2.000          ; Min Period       ; CLOCK_50 ; Rise       ; ANTIRREBOTE:inst7|CONTADOR_ANTIRREBOTE:inst11|inst16                                                                ;
; -1.000 ; 1.000        ; 2.000          ; Min Period       ; CLOCK_50 ; Rise       ; ANTIRREBOTE:inst7|CONTADOR_ANTIRREBOTE:inst11|inst18                                                                ;
; -1.000 ; 1.000        ; 2.000          ; Min Period       ; CLOCK_50 ; Rise       ; ANTIRREBOTE:inst7|CONTADOR_ANTIRREBOTE:inst11|inst20                                                                ;
; -1.000 ; 1.000        ; 2.000          ; Min Period       ; CLOCK_50 ; Rise       ; ANTIRREBOTE:inst7|CONTADOR_ANTIRREBOTE:inst11|inst22                                                                ;
; -1.000 ; 1.000        ; 2.000          ; Min Period       ; CLOCK_50 ; Rise       ; ANTIRREBOTE:inst7|CONTADOR_ANTIRREBOTE:inst11|inst24                                                                ;
; -1.000 ; 1.000        ; 2.000          ; Min Period       ; CLOCK_50 ; Rise       ; ANTIRREBOTE:inst7|CONTADOR_ANTIRREBOTE:inst11|inst26                                                                ;
; -1.000 ; 1.000        ; 2.000          ; Min Period       ; CLOCK_50 ; Rise       ; ANTIRREBOTE:inst7|CONTADOR_ANTIRREBOTE:inst11|inst28                                                                ;
; -1.000 ; 1.000        ; 2.000          ; Min Period       ; CLOCK_50 ; Rise       ; ANTIRREBOTE:inst7|CONTADOR_ANTIRREBOTE:inst11|inst30                                                                ;
; -1.000 ; 1.000        ; 2.000          ; Min Period       ; CLOCK_50 ; Rise       ; ANTIRREBOTE:inst7|CONTADOR_ANTIRREBOTE:inst11|inst32                                                                ;
; -1.000 ; 1.000        ; 2.000          ; Min Period       ; CLOCK_50 ; Rise       ; ANTIRREBOTE:inst7|CONTADOR_ANTIRREBOTE:inst11|inst34                                                                ;
; -1.000 ; 1.000        ; 2.000          ; Min Period       ; CLOCK_50 ; Rise       ; ANTIRREBOTE:inst7|CONTADOR_ANTIRREBOTE:inst11|inst36                                                                ;
; -1.000 ; 1.000        ; 2.000          ; Min Period       ; CLOCK_50 ; Rise       ; ANTIRREBOTE:inst7|CONTADOR_ANTIRREBOTE:inst11|inst38                                                                ;
; -1.000 ; 1.000        ; 2.000          ; Min Period       ; CLOCK_50 ; Rise       ; ANTIRREBOTE:inst7|CONTADOR_ANTIRREBOTE:inst11|inst40                                                                ;
; -1.000 ; 1.000        ; 2.000          ; Min Period       ; CLOCK_50 ; Rise       ; ANTIRREBOTE:inst7|CONTADOR_ANTIRREBOTE:inst11|inst42                                                                ;
; -1.000 ; 1.000        ; 2.000          ; Min Period       ; CLOCK_50 ; Rise       ; ANTIRREBOTE:inst7|CONTADOR_ANTIRREBOTE:inst11|inst44                                                                ;
; -1.000 ; 1.000        ; 2.000          ; Min Period       ; CLOCK_50 ; Rise       ; ANTIRREBOTE:inst7|CONTADOR_ANTIRREBOTE:inst11|inst46                                                                ;
; -1.000 ; 1.000        ; 2.000          ; Min Period       ; CLOCK_50 ; Rise       ; ANTIRREBOTE:inst7|CONTADOR_ANTIRREBOTE:inst11|inst48                                                                ;
; -1.000 ; 1.000        ; 2.000          ; Min Period       ; CLOCK_50 ; Rise       ; ANTIRREBOTE:inst7|CONTADOR_ANTIRREBOTE:inst11|inst50                                                                ;
; -1.000 ; 1.000        ; 2.000          ; Min Period       ; CLOCK_50 ; Rise       ; ANTIRREBOTE:inst7|CONTADOR_ANTIRREBOTE:inst11|inst52                                                                ;
; -1.000 ; 1.000        ; 2.000          ; Min Period       ; CLOCK_50 ; Rise       ; ANTIRREBOTE:inst7|inst1                                                                                             ;
; -1.000 ; 1.000        ; 2.000          ; Min Period       ; CLOCK_50 ; Rise       ; ANTIRREBOTE:inst7|inst10                                                                                            ;
; -1.000 ; 1.000        ; 2.000          ; Min Period       ; CLOCK_50 ; Rise       ; ANTIRREBOTE:inst7|inst2                                                                                             ;
; -0.013 ; 0.217        ; 0.230          ; Low Pulse Width  ; CLOCK_50 ; Rise       ; ROM:inst1|miROM:inst|altsyncram:altsyncram_component|altsyncram_3nr3:auto_generated|ram_block1a0~porta_address_reg0 ;
; 0.075  ; 0.259        ; 0.184          ; Low Pulse Width  ; CLOCK_50 ; Rise       ; ANTIRREBOTE:inst7|CONTADOR_ANTIRREBOTE:inst11|inst32                                                                ;
; 0.075  ; 0.259        ; 0.184          ; Low Pulse Width  ; CLOCK_50 ; Rise       ; ANTIRREBOTE:inst7|CONTADOR_ANTIRREBOTE:inst11|inst34                                                                ;
; 0.075  ; 0.259        ; 0.184          ; Low Pulse Width  ; CLOCK_50 ; Rise       ; ANTIRREBOTE:inst7|CONTADOR_ANTIRREBOTE:inst11|inst38                                                                ;
; 0.075  ; 0.259        ; 0.184          ; Low Pulse Width  ; CLOCK_50 ; Rise       ; ANTIRREBOTE:inst7|CONTADOR_ANTIRREBOTE:inst11|inst40                                                                ;
; 0.075  ; 0.259        ; 0.184          ; Low Pulse Width  ; CLOCK_50 ; Rise       ; ANTIRREBOTE:inst7|CONTADOR_ANTIRREBOTE:inst11|inst42                                                                ;
; 0.075  ; 0.259        ; 0.184          ; Low Pulse Width  ; CLOCK_50 ; Rise       ; ANTIRREBOTE:inst7|CONTADOR_ANTIRREBOTE:inst11|inst44                                                                ;
; 0.075  ; 0.259        ; 0.184          ; Low Pulse Width  ; CLOCK_50 ; Rise       ; ANTIRREBOTE:inst7|CONTADOR_ANTIRREBOTE:inst11|inst46                                                                ;
; 0.075  ; 0.259        ; 0.184          ; Low Pulse Width  ; CLOCK_50 ; Rise       ; ANTIRREBOTE:inst7|CONTADOR_ANTIRREBOTE:inst11|inst48                                                                ;
; 0.075  ; 0.259        ; 0.184          ; Low Pulse Width  ; CLOCK_50 ; Rise       ; ANTIRREBOTE:inst7|CONTADOR_ANTIRREBOTE:inst11|inst50                                                                ;
; 0.075  ; 0.259        ; 0.184          ; Low Pulse Width  ; CLOCK_50 ; Rise       ; ANTIRREBOTE:inst7|CONTADOR_ANTIRREBOTE:inst11|inst52                                                                ;
; 0.075  ; 0.259        ; 0.184          ; Low Pulse Width  ; CLOCK_50 ; Rise       ; ANTIRREBOTE:inst7|inst1                                                                                             ;
; 0.076  ; 0.260        ; 0.184          ; Low Pulse Width  ; CLOCK_50 ; Rise       ; ANTIRREBOTE:inst7|CONTADOR_ANTIRREBOTE:inst11|inst28                                                                ;
; 0.094  ; 0.278        ; 0.184          ; Low Pulse Width  ; CLOCK_50 ; Rise       ; ANTIRREBOTE:inst7|CONTADOR_ANTIRREBOTE:inst11|inst13                                                                ;
; 0.094  ; 0.278        ; 0.184          ; Low Pulse Width  ; CLOCK_50 ; Rise       ; ANTIRREBOTE:inst7|CONTADOR_ANTIRREBOTE:inst11|inst14                                                                ;
; 0.094  ; 0.278        ; 0.184          ; Low Pulse Width  ; CLOCK_50 ; Rise       ; ANTIRREBOTE:inst7|CONTADOR_ANTIRREBOTE:inst11|inst16                                                                ;
; 0.094  ; 0.278        ; 0.184          ; Low Pulse Width  ; CLOCK_50 ; Rise       ; ANTIRREBOTE:inst7|CONTADOR_ANTIRREBOTE:inst11|inst18                                                                ;
; 0.094  ; 0.278        ; 0.184          ; Low Pulse Width  ; CLOCK_50 ; Rise       ; ANTIRREBOTE:inst7|CONTADOR_ANTIRREBOTE:inst11|inst20                                                                ;
; 0.094  ; 0.278        ; 0.184          ; Low Pulse Width  ; CLOCK_50 ; Rise       ; ANTIRREBOTE:inst7|CONTADOR_ANTIRREBOTE:inst11|inst22                                                                ;
; 0.094  ; 0.278        ; 0.184          ; Low Pulse Width  ; CLOCK_50 ; Rise       ; ANTIRREBOTE:inst7|CONTADOR_ANTIRREBOTE:inst11|inst24                                                                ;
; 0.094  ; 0.278        ; 0.184          ; Low Pulse Width  ; CLOCK_50 ; Rise       ; ANTIRREBOTE:inst7|CONTADOR_ANTIRREBOTE:inst11|inst26                                                                ;
; 0.094  ; 0.278        ; 0.184          ; Low Pulse Width  ; CLOCK_50 ; Rise       ; ANTIRREBOTE:inst7|CONTADOR_ANTIRREBOTE:inst11|inst30                                                                ;
; 0.094  ; 0.278        ; 0.184          ; Low Pulse Width  ; CLOCK_50 ; Rise       ; ANTIRREBOTE:inst7|CONTADOR_ANTIRREBOTE:inst11|inst36                                                                ;
; 0.094  ; 0.278        ; 0.184          ; Low Pulse Width  ; CLOCK_50 ; Rise       ; ANTIRREBOTE:inst7|inst10                                                                                            ;
; 0.094  ; 0.278        ; 0.184          ; Low Pulse Width  ; CLOCK_50 ; Rise       ; ANTIRREBOTE:inst7|inst2                                                                                             ;
; 0.237  ; 0.237        ; 0.000          ; Low Pulse Width  ; CLOCK_50 ; Rise       ; inst7|inst11|inst32|clk                                                                                             ;
; 0.237  ; 0.237        ; 0.000          ; Low Pulse Width  ; CLOCK_50 ; Rise       ; inst7|inst11|inst34|clk                                                                                             ;
; 0.237  ; 0.237        ; 0.000          ; Low Pulse Width  ; CLOCK_50 ; Rise       ; inst7|inst11|inst38|clk                                                                                             ;
; 0.237  ; 0.237        ; 0.000          ; Low Pulse Width  ; CLOCK_50 ; Rise       ; inst7|inst11|inst40|clk                                                                                             ;
; 0.237  ; 0.237        ; 0.000          ; Low Pulse Width  ; CLOCK_50 ; Rise       ; inst7|inst11|inst42|clk                                                                                             ;
; 0.237  ; 0.237        ; 0.000          ; Low Pulse Width  ; CLOCK_50 ; Rise       ; inst7|inst11|inst44|clk                                                                                             ;
; 0.237  ; 0.237        ; 0.000          ; Low Pulse Width  ; CLOCK_50 ; Rise       ; inst7|inst11|inst46|clk                                                                                             ;
; 0.237  ; 0.237        ; 0.000          ; Low Pulse Width  ; CLOCK_50 ; Rise       ; inst7|inst11|inst48|clk                                                                                             ;
; 0.237  ; 0.237        ; 0.000          ; Low Pulse Width  ; CLOCK_50 ; Rise       ; inst7|inst11|inst50|clk                                                                                             ;
; 0.237  ; 0.237        ; 0.000          ; Low Pulse Width  ; CLOCK_50 ; Rise       ; inst7|inst11|inst52|clk                                                                                             ;
; 0.237  ; 0.237        ; 0.000          ; Low Pulse Width  ; CLOCK_50 ; Rise       ; inst7|inst1|clk                                                                                                     ;
; 0.238  ; 0.238        ; 0.000          ; Low Pulse Width  ; CLOCK_50 ; Rise       ; inst7|inst11|inst28|clk                                                                                             ;
; 0.245  ; 0.245        ; 0.000          ; Low Pulse Width  ; CLOCK_50 ; Rise       ; CLOCK_50~input|o                                                                                                    ;
; 0.255  ; 0.255        ; 0.000          ; Low Pulse Width  ; CLOCK_50 ; Rise       ; inst1|inst|altsyncram_component|auto_generated|ram_block1a0|clk0                                                    ;
; 0.255  ; 0.255        ; 0.000          ; Low Pulse Width  ; CLOCK_50 ; Rise       ; inst7|inst10|clk                                                                                                    ;
; 0.255  ; 0.255        ; 0.000          ; Low Pulse Width  ; CLOCK_50 ; Rise       ; inst7|inst11|inst13|clk                                                                                             ;
; 0.255  ; 0.255        ; 0.000          ; Low Pulse Width  ; CLOCK_50 ; Rise       ; inst7|inst11|inst14|clk                                                                                             ;
; 0.255  ; 0.255        ; 0.000          ; Low Pulse Width  ; CLOCK_50 ; Rise       ; inst7|inst11|inst16|clk                                                                                             ;
; 0.255  ; 0.255        ; 0.000          ; Low Pulse Width  ; CLOCK_50 ; Rise       ; inst7|inst11|inst18|clk                                                                                             ;
; 0.255  ; 0.255        ; 0.000          ; Low Pulse Width  ; CLOCK_50 ; Rise       ; inst7|inst11|inst20|clk                                                                                             ;
; 0.255  ; 0.255        ; 0.000          ; Low Pulse Width  ; CLOCK_50 ; Rise       ; inst7|inst11|inst22|clk                                                                                             ;
; 0.255  ; 0.255        ; 0.000          ; Low Pulse Width  ; CLOCK_50 ; Rise       ; inst7|inst11|inst24|clk                                                                                             ;
; 0.255  ; 0.255        ; 0.000          ; Low Pulse Width  ; CLOCK_50 ; Rise       ; inst7|inst11|inst26|clk                                                                                             ;
; 0.255  ; 0.255        ; 0.000          ; Low Pulse Width  ; CLOCK_50 ; Rise       ; inst7|inst11|inst30|clk                                                                                             ;
; 0.255  ; 0.255        ; 0.000          ; Low Pulse Width  ; CLOCK_50 ; Rise       ; inst7|inst11|inst36|clk                                                                                             ;
; 0.255  ; 0.255        ; 0.000          ; Low Pulse Width  ; CLOCK_50 ; Rise       ; inst7|inst2|clk                                                                                                     ;
; 0.262  ; 0.262        ; 0.000          ; Low Pulse Width  ; CLOCK_50 ; Rise       ; CLOCK_50~inputclkctrl|inclk[0]                                                                                      ;
; 0.262  ; 0.262        ; 0.000          ; Low Pulse Width  ; CLOCK_50 ; Rise       ; CLOCK_50~inputclkctrl|outclk                                                                                        ;
; 0.500  ; 0.500        ; 0.000          ; High Pulse Width ; CLOCK_50 ; Rise       ; CLOCK_50~input|i                                                                                                    ;
; 0.500  ; 0.500        ; 0.000          ; Low Pulse Width  ; CLOCK_50 ; Rise       ; CLOCK_50~input|i                                                                                                    ;
; 0.505  ; 0.721        ; 0.216          ; High Pulse Width ; CLOCK_50 ; Rise       ; ANTIRREBOTE:inst7|CONTADOR_ANTIRREBOTE:inst11|inst13                                                                ;
; 0.505  ; 0.721        ; 0.216          ; High Pulse Width ; CLOCK_50 ; Rise       ; ANTIRREBOTE:inst7|CONTADOR_ANTIRREBOTE:inst11|inst14                                                                ;
; 0.505  ; 0.721        ; 0.216          ; High Pulse Width ; CLOCK_50 ; Rise       ; ANTIRREBOTE:inst7|CONTADOR_ANTIRREBOTE:inst11|inst16                                                                ;
; 0.505  ; 0.721        ; 0.216          ; High Pulse Width ; CLOCK_50 ; Rise       ; ANTIRREBOTE:inst7|CONTADOR_ANTIRREBOTE:inst11|inst18                                                                ;
; 0.505  ; 0.721        ; 0.216          ; High Pulse Width ; CLOCK_50 ; Rise       ; ANTIRREBOTE:inst7|CONTADOR_ANTIRREBOTE:inst11|inst20                                                                ;
; 0.505  ; 0.721        ; 0.216          ; High Pulse Width ; CLOCK_50 ; Rise       ; ANTIRREBOTE:inst7|CONTADOR_ANTIRREBOTE:inst11|inst22                                                                ;
; 0.505  ; 0.721        ; 0.216          ; High Pulse Width ; CLOCK_50 ; Rise       ; ANTIRREBOTE:inst7|CONTADOR_ANTIRREBOTE:inst11|inst24                                                                ;
; 0.505  ; 0.721        ; 0.216          ; High Pulse Width ; CLOCK_50 ; Rise       ; ANTIRREBOTE:inst7|CONTADOR_ANTIRREBOTE:inst11|inst26                                                                ;
; 0.505  ; 0.721        ; 0.216          ; High Pulse Width ; CLOCK_50 ; Rise       ; ANTIRREBOTE:inst7|CONTADOR_ANTIRREBOTE:inst11|inst30                                                                ;
; 0.505  ; 0.721        ; 0.216          ; High Pulse Width ; CLOCK_50 ; Rise       ; ANTIRREBOTE:inst7|CONTADOR_ANTIRREBOTE:inst11|inst36                                                                ;
; 0.505  ; 0.721        ; 0.216          ; High Pulse Width ; CLOCK_50 ; Rise       ; ANTIRREBOTE:inst7|inst10                                                                                            ;
; 0.505  ; 0.721        ; 0.216          ; High Pulse Width ; CLOCK_50 ; Rise       ; ANTIRREBOTE:inst7|inst2                                                                                             ;
; 0.522  ; 0.738        ; 0.216          ; High Pulse Width ; CLOCK_50 ; Rise       ; ANTIRREBOTE:inst7|CONTADOR_ANTIRREBOTE:inst11|inst28                                                                ;
; 0.523  ; 0.739        ; 0.216          ; High Pulse Width ; CLOCK_50 ; Rise       ; ANTIRREBOTE:inst7|CONTADOR_ANTIRREBOTE:inst11|inst32                                                                ;
; 0.523  ; 0.739        ; 0.216          ; High Pulse Width ; CLOCK_50 ; Rise       ; ANTIRREBOTE:inst7|CONTADOR_ANTIRREBOTE:inst11|inst34                                                                ;
; 0.523  ; 0.739        ; 0.216          ; High Pulse Width ; CLOCK_50 ; Rise       ; ANTIRREBOTE:inst7|CONTADOR_ANTIRREBOTE:inst11|inst38                                                                ;
; 0.523  ; 0.739        ; 0.216          ; High Pulse Width ; CLOCK_50 ; Rise       ; ANTIRREBOTE:inst7|CONTADOR_ANTIRREBOTE:inst11|inst40                                                                ;
; 0.523  ; 0.739        ; 0.216          ; High Pulse Width ; CLOCK_50 ; Rise       ; ANTIRREBOTE:inst7|CONTADOR_ANTIRREBOTE:inst11|inst42                                                                ;
; 0.523  ; 0.739        ; 0.216          ; High Pulse Width ; CLOCK_50 ; Rise       ; ANTIRREBOTE:inst7|CONTADOR_ANTIRREBOTE:inst11|inst44                                                                ;
+--------+--------------+----------------+------------------+----------+------------+---------------------------------------------------------------------------------------------------------------------+


+--------------------------------------------------------------------------------------------------------------------------------------+
; Slow 1200mV 85C Model Minimum Pulse Width: 'ANTIRREBOTE:inst7|inst10'                                                                ;
+--------+--------------+----------------+------------------+--------------------------+------------+----------------------------------+
; Slack  ; Actual Width ; Required Width ; Type             ; Clock                    ; Clock Edge ; Target                           ;
+--------+--------------+----------------+------------------+--------------------------+------------+----------------------------------+
; -1.000 ; 1.000        ; 2.000          ; Min Period       ; ANTIRREBOTE:inst7|inst10 ; Rise       ; CONTADOR_RIZO:inst|FFD:inst|inst ;
; -1.000 ; 1.000        ; 2.000          ; Min Period       ; ANTIRREBOTE:inst7|inst10 ; Rise       ; REG8BIT:inst3|FFD:inst1|inst     ;
; -1.000 ; 1.000        ; 2.000          ; Min Period       ; ANTIRREBOTE:inst7|inst10 ; Rise       ; REG8BIT:inst3|FFD:inst2|inst     ;
; -1.000 ; 1.000        ; 2.000          ; Min Period       ; ANTIRREBOTE:inst7|inst10 ; Rise       ; REG8BIT:inst3|FFD:inst3|inst     ;
; -1.000 ; 1.000        ; 2.000          ; Min Period       ; ANTIRREBOTE:inst7|inst10 ; Rise       ; REG8BIT:inst3|FFD:inst4|inst     ;
; -1.000 ; 1.000        ; 2.000          ; Min Period       ; ANTIRREBOTE:inst7|inst10 ; Rise       ; REG8BIT:inst3|FFD:inst5|inst     ;
; -1.000 ; 1.000        ; 2.000          ; Min Period       ; ANTIRREBOTE:inst7|inst10 ; Rise       ; REG8BIT:inst3|FFD:inst6|inst     ;
; -1.000 ; 1.000        ; 2.000          ; Min Period       ; ANTIRREBOTE:inst7|inst10 ; Rise       ; REG8BIT:inst3|FFD:inst7|inst     ;
; -1.000 ; 1.000        ; 2.000          ; Min Period       ; ANTIRREBOTE:inst7|inst10 ; Rise       ; REG8BIT:inst3|FFD:inst8|inst     ;
; 0.228  ; 0.412        ; 0.184          ; Low Pulse Width  ; ANTIRREBOTE:inst7|inst10 ; Rise       ; REG8BIT:inst3|FFD:inst2|inst     ;
; 0.228  ; 0.412        ; 0.184          ; Low Pulse Width  ; ANTIRREBOTE:inst7|inst10 ; Rise       ; REG8BIT:inst3|FFD:inst3|inst     ;
; 0.228  ; 0.412        ; 0.184          ; Low Pulse Width  ; ANTIRREBOTE:inst7|inst10 ; Rise       ; REG8BIT:inst3|FFD:inst4|inst     ;
; 0.228  ; 0.412        ; 0.184          ; Low Pulse Width  ; ANTIRREBOTE:inst7|inst10 ; Rise       ; REG8BIT:inst3|FFD:inst7|inst     ;
; 0.249  ; 0.433        ; 0.184          ; Low Pulse Width  ; ANTIRREBOTE:inst7|inst10 ; Rise       ; CONTADOR_RIZO:inst|FFD:inst|inst ;
; 0.249  ; 0.433        ; 0.184          ; Low Pulse Width  ; ANTIRREBOTE:inst7|inst10 ; Rise       ; REG8BIT:inst3|FFD:inst1|inst     ;
; 0.249  ; 0.433        ; 0.184          ; Low Pulse Width  ; ANTIRREBOTE:inst7|inst10 ; Rise       ; REG8BIT:inst3|FFD:inst5|inst     ;
; 0.249  ; 0.433        ; 0.184          ; Low Pulse Width  ; ANTIRREBOTE:inst7|inst10 ; Rise       ; REG8BIT:inst3|FFD:inst6|inst     ;
; 0.249  ; 0.433        ; 0.184          ; Low Pulse Width  ; ANTIRREBOTE:inst7|inst10 ; Rise       ; REG8BIT:inst3|FFD:inst8|inst     ;
; 0.346  ; 0.562        ; 0.216          ; High Pulse Width ; ANTIRREBOTE:inst7|inst10 ; Rise       ; CONTADOR_RIZO:inst|FFD:inst|inst ;
; 0.346  ; 0.562        ; 0.216          ; High Pulse Width ; ANTIRREBOTE:inst7|inst10 ; Rise       ; REG8BIT:inst3|FFD:inst1|inst     ;
; 0.346  ; 0.562        ; 0.216          ; High Pulse Width ; ANTIRREBOTE:inst7|inst10 ; Rise       ; REG8BIT:inst3|FFD:inst6|inst     ;
; 0.346  ; 0.562        ; 0.216          ; High Pulse Width ; ANTIRREBOTE:inst7|inst10 ; Rise       ; REG8BIT:inst3|FFD:inst8|inst     ;
; 0.347  ; 0.563        ; 0.216          ; High Pulse Width ; ANTIRREBOTE:inst7|inst10 ; Rise       ; REG8BIT:inst3|FFD:inst5|inst     ;
; 0.366  ; 0.582        ; 0.216          ; High Pulse Width ; ANTIRREBOTE:inst7|inst10 ; Rise       ; REG8BIT:inst3|FFD:inst4|inst     ;
; 0.366  ; 0.582        ; 0.216          ; High Pulse Width ; ANTIRREBOTE:inst7|inst10 ; Rise       ; REG8BIT:inst3|FFD:inst7|inst     ;
; 0.367  ; 0.583        ; 0.216          ; High Pulse Width ; ANTIRREBOTE:inst7|inst10 ; Rise       ; REG8BIT:inst3|FFD:inst2|inst     ;
; 0.367  ; 0.583        ; 0.216          ; High Pulse Width ; ANTIRREBOTE:inst7|inst10 ; Rise       ; REG8BIT:inst3|FFD:inst3|inst     ;
; 0.390  ; 0.390        ; 0.000          ; Low Pulse Width  ; ANTIRREBOTE:inst7|inst10 ; Rise       ; inst3|inst2|inst|clk             ;
; 0.390  ; 0.390        ; 0.000          ; Low Pulse Width  ; ANTIRREBOTE:inst7|inst10 ; Rise       ; inst3|inst3|inst|clk             ;
; 0.390  ; 0.390        ; 0.000          ; Low Pulse Width  ; ANTIRREBOTE:inst7|inst10 ; Rise       ; inst3|inst4|inst|clk             ;
; 0.390  ; 0.390        ; 0.000          ; Low Pulse Width  ; ANTIRREBOTE:inst7|inst10 ; Rise       ; inst3|inst7|inst|clk             ;
; 0.411  ; 0.411        ; 0.000          ; Low Pulse Width  ; ANTIRREBOTE:inst7|inst10 ; Rise       ; inst3|inst1|inst|clk             ;
; 0.411  ; 0.411        ; 0.000          ; Low Pulse Width  ; ANTIRREBOTE:inst7|inst10 ; Rise       ; inst3|inst5|inst|clk             ;
; 0.411  ; 0.411        ; 0.000          ; Low Pulse Width  ; ANTIRREBOTE:inst7|inst10 ; Rise       ; inst3|inst6|inst|clk             ;
; 0.411  ; 0.411        ; 0.000          ; Low Pulse Width  ; ANTIRREBOTE:inst7|inst10 ; Rise       ; inst3|inst8|inst|clk             ;
; 0.411  ; 0.411        ; 0.000          ; Low Pulse Width  ; ANTIRREBOTE:inst7|inst10 ; Rise       ; inst|inst|inst|clk               ;
; 0.422  ; 0.422        ; 0.000          ; Low Pulse Width  ; ANTIRREBOTE:inst7|inst10 ; Rise       ; inst7|inst10~clkctrl|inclk[0]    ;
; 0.422  ; 0.422        ; 0.000          ; Low Pulse Width  ; ANTIRREBOTE:inst7|inst10 ; Rise       ; inst7|inst10~clkctrl|outclk      ;
; 0.500  ; 0.500        ; 0.000          ; High Pulse Width ; ANTIRREBOTE:inst7|inst10 ; Rise       ; inst7|inst10|q                   ;
; 0.500  ; 0.500        ; 0.000          ; Low Pulse Width  ; ANTIRREBOTE:inst7|inst10 ; Rise       ; inst7|inst10|q                   ;
; 0.576  ; 0.576        ; 0.000          ; High Pulse Width ; ANTIRREBOTE:inst7|inst10 ; Rise       ; inst7|inst10~clkctrl|inclk[0]    ;
; 0.576  ; 0.576        ; 0.000          ; High Pulse Width ; ANTIRREBOTE:inst7|inst10 ; Rise       ; inst7|inst10~clkctrl|outclk      ;
; 0.586  ; 0.586        ; 0.000          ; High Pulse Width ; ANTIRREBOTE:inst7|inst10 ; Rise       ; inst3|inst1|inst|clk             ;
; 0.586  ; 0.586        ; 0.000          ; High Pulse Width ; ANTIRREBOTE:inst7|inst10 ; Rise       ; inst3|inst6|inst|clk             ;
; 0.586  ; 0.586        ; 0.000          ; High Pulse Width ; ANTIRREBOTE:inst7|inst10 ; Rise       ; inst3|inst8|inst|clk             ;
; 0.586  ; 0.586        ; 0.000          ; High Pulse Width ; ANTIRREBOTE:inst7|inst10 ; Rise       ; inst|inst|inst|clk               ;
; 0.587  ; 0.587        ; 0.000          ; High Pulse Width ; ANTIRREBOTE:inst7|inst10 ; Rise       ; inst3|inst5|inst|clk             ;
; 0.606  ; 0.606        ; 0.000          ; High Pulse Width ; ANTIRREBOTE:inst7|inst10 ; Rise       ; inst3|inst4|inst|clk             ;
; 0.606  ; 0.606        ; 0.000          ; High Pulse Width ; ANTIRREBOTE:inst7|inst10 ; Rise       ; inst3|inst7|inst|clk             ;
; 0.607  ; 0.607        ; 0.000          ; High Pulse Width ; ANTIRREBOTE:inst7|inst10 ; Rise       ; inst3|inst2|inst|clk             ;
; 0.607  ; 0.607        ; 0.000          ; High Pulse Width ; ANTIRREBOTE:inst7|inst10 ; Rise       ; inst3|inst3|inst|clk             ;
+--------+--------------+----------------+------------------+--------------------------+------------+----------------------------------+


+------------------------------------------------------------------------------------------------------------------------------------------------+
; Slow 1200mV 85C Model Minimum Pulse Width: 'CONTADOR_RIZO:inst|FFD:inst1|inst'                                                                 ;
+--------+--------------+----------------+------------------+-----------------------------------+------------+-----------------------------------+
; Slack  ; Actual Width ; Required Width ; Type             ; Clock                             ; Clock Edge ; Target                            ;
+--------+--------------+----------------+------------------+-----------------------------------+------------+-----------------------------------+
; -1.000 ; 1.000        ; 2.000          ; Min Period       ; CONTADOR_RIZO:inst|FFD:inst1|inst ; Fall       ; CONTADOR_RIZO:inst|FFD:inst2|inst ;
; 0.212  ; 0.428        ; 0.216          ; High Pulse Width ; CONTADOR_RIZO:inst|FFD:inst1|inst ; Fall       ; CONTADOR_RIZO:inst|FFD:inst2|inst ;
; 0.388  ; 0.572        ; 0.184          ; Low Pulse Width  ; CONTADOR_RIZO:inst|FFD:inst1|inst ; Fall       ; CONTADOR_RIZO:inst|FFD:inst2|inst ;
; 0.419  ; 0.419        ; 0.000          ; Low Pulse Width  ; CONTADOR_RIZO:inst|FFD:inst1|inst ; Rise       ; inst|inst2|inst|clk               ;
; 0.500  ; 0.500        ; 0.000          ; High Pulse Width ; CONTADOR_RIZO:inst|FFD:inst1|inst ; Rise       ; inst|inst1|inst|q                 ;
; 0.500  ; 0.500        ; 0.000          ; Low Pulse Width  ; CONTADOR_RIZO:inst|FFD:inst1|inst ; Rise       ; inst|inst1|inst|q                 ;
; 0.578  ; 0.578        ; 0.000          ; High Pulse Width ; CONTADOR_RIZO:inst|FFD:inst1|inst ; Rise       ; inst|inst2|inst|clk               ;
+--------+--------------+----------------+------------------+-----------------------------------+------------+-----------------------------------+


+-----------------------------------------------------------------------------------------------------------------------------------------------+
; Slow 1200mV 85C Model Minimum Pulse Width: 'CONTADOR_RIZO:inst|FFD:inst|inst'                                                                 ;
+--------+--------------+----------------+------------------+----------------------------------+------------+-----------------------------------+
; Slack  ; Actual Width ; Required Width ; Type             ; Clock                            ; Clock Edge ; Target                            ;
+--------+--------------+----------------+------------------+----------------------------------+------------+-----------------------------------+
; -1.000 ; 1.000        ; 2.000          ; Min Period       ; CONTADOR_RIZO:inst|FFD:inst|inst ; Fall       ; CONTADOR_RIZO:inst|FFD:inst1|inst ;
; 0.239  ; 0.455        ; 0.216          ; High Pulse Width ; CONTADOR_RIZO:inst|FFD:inst|inst ; Fall       ; CONTADOR_RIZO:inst|FFD:inst1|inst ;
; 0.360  ; 0.544        ; 0.184          ; Low Pulse Width  ; CONTADOR_RIZO:inst|FFD:inst|inst ; Fall       ; CONTADOR_RIZO:inst|FFD:inst1|inst ;
; 0.447  ; 0.447        ; 0.000          ; Low Pulse Width  ; CONTADOR_RIZO:inst|FFD:inst|inst ; Rise       ; inst|inst1|inst|clk               ;
; 0.500  ; 0.500        ; 0.000          ; High Pulse Width ; CONTADOR_RIZO:inst|FFD:inst|inst ; Rise       ; inst|inst|inst|q                  ;
; 0.500  ; 0.500        ; 0.000          ; Low Pulse Width  ; CONTADOR_RIZO:inst|FFD:inst|inst ; Rise       ; inst|inst|inst|q                  ;
; 0.551  ; 0.551        ; 0.000          ; High Pulse Width ; CONTADOR_RIZO:inst|FFD:inst|inst ; Rise       ; inst|inst1|inst|clk               ;
+--------+--------------+----------------+------------------+----------------------------------+------------+-----------------------------------+


+-----------------------------------------------------------------------+
; Setup Times                                                           ;
+-----------+------------+-------+-------+------------+-----------------+
; Data Port ; Clock Port ; Rise  ; Fall  ; Clock Edge ; Clock Reference ;
+-----------+------------+-------+-------+------------+-----------------+
; CLK       ; CLOCK_50   ; 1.625 ; 2.180 ; Rise       ; CLOCK_50        ;
; SIM_MODE  ; CLOCK_50   ; 3.190 ; 3.796 ; Rise       ; CLOCK_50        ;
+-----------+------------+-------+-------+------------+-----------------+


+-------------------------------------------------------------------------+
; Hold Times                                                              ;
+-----------+------------+--------+--------+------------+-----------------+
; Data Port ; Clock Port ; Rise   ; Fall   ; Clock Edge ; Clock Reference ;
+-----------+------------+--------+--------+------------+-----------------+
; CLK       ; CLOCK_50   ; -1.215 ; -1.765 ; Rise       ; CLOCK_50        ;
; SIM_MODE  ; CLOCK_50   ; -2.658 ; -3.173 ; Rise       ; CLOCK_50        ;
+-----------+------------+--------+--------+------------+-----------------+


+---------------------------------------------------------------------------------------------------------------------+
; Clock to Output Times                                                                                               ;
+--------------+-----------------------------------+--------+--------+------------+-----------------------------------+
; Data Port    ; Clock Port                        ; Rise   ; Fall   ; Clock Edge ; Clock Reference                   ;
+--------------+-----------------------------------+--------+--------+------------+-----------------------------------+
; ACC[*]       ; ANTIRREBOTE:inst7|inst10          ; 6.936  ; 6.980  ; Rise       ; ANTIRREBOTE:inst7|inst10          ;
;  ACC[0]      ; ANTIRREBOTE:inst7|inst10          ; 6.135  ; 6.141  ; Rise       ; ANTIRREBOTE:inst7|inst10          ;
;  ACC[1]      ; ANTIRREBOTE:inst7|inst10          ; 6.423  ; 6.470  ; Rise       ; ANTIRREBOTE:inst7|inst10          ;
;  ACC[2]      ; ANTIRREBOTE:inst7|inst10          ; 6.274  ; 6.283  ; Rise       ; ANTIRREBOTE:inst7|inst10          ;
;  ACC[3]      ; ANTIRREBOTE:inst7|inst10          ; 6.936  ; 6.980  ; Rise       ; ANTIRREBOTE:inst7|inst10          ;
;  ACC[4]      ; ANTIRREBOTE:inst7|inst10          ; 6.525  ; 6.534  ; Rise       ; ANTIRREBOTE:inst7|inst10          ;
;  ACC[5]      ; ANTIRREBOTE:inst7|inst10          ; 6.311  ; 6.319  ; Rise       ; ANTIRREBOTE:inst7|inst10          ;
;  ACC[6]      ; ANTIRREBOTE:inst7|inst10          ; 6.283  ; 6.300  ; Rise       ; ANTIRREBOTE:inst7|inst10          ;
;  ACC[7]      ; ANTIRREBOTE:inst7|inst10          ; 6.472  ; 6.451  ; Rise       ; ANTIRREBOTE:inst7|inst10          ;
; Cout         ; ANTIRREBOTE:inst7|inst10          ; 9.956  ; 10.044 ; Rise       ; ANTIRREBOTE:inst7|inst10          ;
; HEX0[*]      ; ANTIRREBOTE:inst7|inst10          ; 8.254  ; 8.062  ; Rise       ; ANTIRREBOTE:inst7|inst10          ;
;  HEX0[0]     ; ANTIRREBOTE:inst7|inst10          ; 7.740  ; 7.536  ; Rise       ; ANTIRREBOTE:inst7|inst10          ;
;  HEX0[1]     ; ANTIRREBOTE:inst7|inst10          ; 7.734  ; 7.606  ; Rise       ; ANTIRREBOTE:inst7|inst10          ;
;  HEX0[2]     ; ANTIRREBOTE:inst7|inst10          ; 8.125  ; 8.033  ; Rise       ; ANTIRREBOTE:inst7|inst10          ;
;  HEX0[3]     ; ANTIRREBOTE:inst7|inst10          ; 8.238  ; 8.062  ; Rise       ; ANTIRREBOTE:inst7|inst10          ;
;  HEX0[4]     ; ANTIRREBOTE:inst7|inst10          ; 8.254  ; 8.042  ; Rise       ; ANTIRREBOTE:inst7|inst10          ;
;  HEX0[5]     ; ANTIRREBOTE:inst7|inst10          ; 8.148  ; 8.028  ; Rise       ; ANTIRREBOTE:inst7|inst10          ;
;  HEX0[6]     ; ANTIRREBOTE:inst7|inst10          ; 8.191  ; 8.043  ; Rise       ; ANTIRREBOTE:inst7|inst10          ;
; HEX1[*]      ; ANTIRREBOTE:inst7|inst10          ; 8.288  ; 8.085  ; Rise       ; ANTIRREBOTE:inst7|inst10          ;
;  HEX1[0]     ; ANTIRREBOTE:inst7|inst10          ; 8.288  ; 8.072  ; Rise       ; ANTIRREBOTE:inst7|inst10          ;
;  HEX1[1]     ; ANTIRREBOTE:inst7|inst10          ; 7.854  ; 7.764  ; Rise       ; ANTIRREBOTE:inst7|inst10          ;
;  HEX1[2]     ; ANTIRREBOTE:inst7|inst10          ; 7.939  ; 7.907  ; Rise       ; ANTIRREBOTE:inst7|inst10          ;
;  HEX1[3]     ; ANTIRREBOTE:inst7|inst10          ; 8.286  ; 8.085  ; Rise       ; ANTIRREBOTE:inst7|inst10          ;
;  HEX1[4]     ; ANTIRREBOTE:inst7|inst10          ; 7.861  ; 7.687  ; Rise       ; ANTIRREBOTE:inst7|inst10          ;
;  HEX1[5]     ; ANTIRREBOTE:inst7|inst10          ; 8.002  ; 7.841  ; Rise       ; ANTIRREBOTE:inst7|inst10          ;
;  HEX1[6]     ; ANTIRREBOTE:inst7|inst10          ; 8.014  ; 7.924  ; Rise       ; ANTIRREBOTE:inst7|inst10          ;
; PULSO        ; ANTIRREBOTE:inst7|inst10          ; 3.152  ;        ; Rise       ; ANTIRREBOTE:inst7|inst10          ;
; PULSO        ; ANTIRREBOTE:inst7|inst10          ;        ; 3.173  ; Fall       ; ANTIRREBOTE:inst7|inst10          ;
; Cout         ; CLOCK_50                          ; 13.117 ; 13.074 ; Rise       ; CLOCK_50                          ;
; ROM_OUT[*]   ; CLOCK_50                          ; 9.802  ; 9.873  ; Rise       ; CLOCK_50                          ;
;  ROM_OUT[0]  ; CLOCK_50                          ; 9.050  ; 9.016  ; Rise       ; CLOCK_50                          ;
;  ROM_OUT[1]  ; CLOCK_50                          ; 8.522  ; 8.493  ; Rise       ; CLOCK_50                          ;
;  ROM_OUT[2]  ; CLOCK_50                          ; 8.487  ; 8.454  ; Rise       ; CLOCK_50                          ;
;  ROM_OUT[3]  ; CLOCK_50                          ; 8.521  ; 8.491  ; Rise       ; CLOCK_50                          ;
;  ROM_OUT[4]  ; CLOCK_50                          ; 8.546  ; 8.483  ; Rise       ; CLOCK_50                          ;
;  ROM_OUT[5]  ; CLOCK_50                          ; 9.802  ; 9.873  ; Rise       ; CLOCK_50                          ;
;  ROM_OUT[6]  ; CLOCK_50                          ; 8.814  ; 8.771  ; Rise       ; CLOCK_50                          ;
;  ROM_OUT[7]  ; CLOCK_50                          ; 8.640  ; 8.598  ; Rise       ; CLOCK_50                          ;
;  ROM_OUT[8]  ; CLOCK_50                          ; 8.884  ; 8.863  ; Rise       ; CLOCK_50                          ;
;  ROM_OUT[9]  ; CLOCK_50                          ; 8.544  ; 8.489  ; Rise       ; CLOCK_50                          ;
;  ROM_OUT[10] ; CLOCK_50                          ; 8.617  ; 8.599  ; Rise       ; CLOCK_50                          ;
; PC[*]        ; CONTADOR_RIZO:inst|FFD:inst1|inst ; 3.299  ;        ; Rise       ; CONTADOR_RIZO:inst|FFD:inst1|inst ;
;  PC[1]       ; CONTADOR_RIZO:inst|FFD:inst1|inst ; 3.299  ;        ; Rise       ; CONTADOR_RIZO:inst|FFD:inst1|inst ;
; PC[*]        ; CONTADOR_RIZO:inst|FFD:inst1|inst ; 6.415  ; 6.154  ; Fall       ; CONTADOR_RIZO:inst|FFD:inst1|inst ;
;  PC[1]       ; CONTADOR_RIZO:inst|FFD:inst1|inst ;        ; 3.195  ; Fall       ; CONTADOR_RIZO:inst|FFD:inst1|inst ;
;  PC[2]       ; CONTADOR_RIZO:inst|FFD:inst1|inst ; 6.415  ; 6.154  ; Fall       ; CONTADOR_RIZO:inst|FFD:inst1|inst ;
; PC[*]        ; CONTADOR_RIZO:inst|FFD:inst|inst  ; 5.102  ;        ; Rise       ; CONTADOR_RIZO:inst|FFD:inst|inst  ;
;  PC[0]       ; CONTADOR_RIZO:inst|FFD:inst|inst  ; 5.102  ;        ; Rise       ; CONTADOR_RIZO:inst|FFD:inst|inst  ;
; PC[*]        ; CONTADOR_RIZO:inst|FFD:inst|inst  ;        ; 4.978  ; Fall       ; CONTADOR_RIZO:inst|FFD:inst|inst  ;
;  PC[0]       ; CONTADOR_RIZO:inst|FFD:inst|inst  ;        ; 4.978  ; Fall       ; CONTADOR_RIZO:inst|FFD:inst|inst  ;
+--------------+-----------------------------------+--------+--------+------------+-----------------------------------+


+-------------------------------------------------------------------------------------------------------------------+
; Minimum Clock to Output Times                                                                                     ;
+--------------+-----------------------------------+-------+-------+------------+-----------------------------------+
; Data Port    ; Clock Port                        ; Rise  ; Fall  ; Clock Edge ; Clock Reference                   ;
+--------------+-----------------------------------+-------+-------+------------+-----------------------------------+
; ACC[*]       ; ANTIRREBOTE:inst7|inst10          ; 5.962 ; 5.966 ; Rise       ; ANTIRREBOTE:inst7|inst10          ;
;  ACC[0]      ; ANTIRREBOTE:inst7|inst10          ; 5.962 ; 5.966 ; Rise       ; ANTIRREBOTE:inst7|inst10          ;
;  ACC[1]      ; ANTIRREBOTE:inst7|inst10          ; 6.239 ; 6.282 ; Rise       ; ANTIRREBOTE:inst7|inst10          ;
;  ACC[2]      ; ANTIRREBOTE:inst7|inst10          ; 6.096 ; 6.103 ; Rise       ; ANTIRREBOTE:inst7|inst10          ;
;  ACC[3]      ; ANTIRREBOTE:inst7|inst10          ; 6.732 ; 6.772 ; Rise       ; ANTIRREBOTE:inst7|inst10          ;
;  ACC[4]      ; ANTIRREBOTE:inst7|inst10          ; 6.337 ; 6.344 ; Rise       ; ANTIRREBOTE:inst7|inst10          ;
;  ACC[5]      ; ANTIRREBOTE:inst7|inst10          ; 6.132 ; 6.138 ; Rise       ; ANTIRREBOTE:inst7|inst10          ;
;  ACC[6]      ; ANTIRREBOTE:inst7|inst10          ; 6.104 ; 6.118 ; Rise       ; ANTIRREBOTE:inst7|inst10          ;
;  ACC[7]      ; ANTIRREBOTE:inst7|inst10          ; 6.287 ; 6.264 ; Rise       ; ANTIRREBOTE:inst7|inst10          ;
; Cout         ; ANTIRREBOTE:inst7|inst10          ; 7.568 ; 7.538 ; Rise       ; ANTIRREBOTE:inst7|inst10          ;
; HEX0[*]      ; ANTIRREBOTE:inst7|inst10          ; 7.135 ; 6.987 ; Rise       ; ANTIRREBOTE:inst7|inst10          ;
;  HEX0[0]     ; ANTIRREBOTE:inst7|inst10          ; 7.135 ; 6.987 ; Rise       ; ANTIRREBOTE:inst7|inst10          ;
;  HEX0[1]     ; ANTIRREBOTE:inst7|inst10          ; 7.148 ; 7.000 ; Rise       ; ANTIRREBOTE:inst7|inst10          ;
;  HEX0[2]     ; ANTIRREBOTE:inst7|inst10          ; 7.584 ; 7.427 ; Rise       ; ANTIRREBOTE:inst7|inst10          ;
;  HEX0[3]     ; ANTIRREBOTE:inst7|inst10          ; 7.613 ; 7.452 ; Rise       ; ANTIRREBOTE:inst7|inst10          ;
;  HEX0[4]     ; ANTIRREBOTE:inst7|inst10          ; 7.763 ; 7.468 ; Rise       ; ANTIRREBOTE:inst7|inst10          ;
;  HEX0[5]     ; ANTIRREBOTE:inst7|inst10          ; 7.568 ; 7.414 ; Rise       ; ANTIRREBOTE:inst7|inst10          ;
;  HEX0[6]     ; ANTIRREBOTE:inst7|inst10          ; 7.586 ; 7.432 ; Rise       ; ANTIRREBOTE:inst7|inst10          ;
; HEX1[*]      ; ANTIRREBOTE:inst7|inst10          ; 7.164 ; 7.017 ; Rise       ; ANTIRREBOTE:inst7|inst10          ;
;  HEX1[0]     ; ANTIRREBOTE:inst7|inst10          ; 7.167 ; 7.041 ; Rise       ; ANTIRREBOTE:inst7|inst10          ;
;  HEX1[1]     ; ANTIRREBOTE:inst7|inst10          ; 7.354 ; 7.198 ; Rise       ; ANTIRREBOTE:inst7|inst10          ;
;  HEX1[2]     ; ANTIRREBOTE:inst7|inst10          ; 7.197 ; 7.146 ; Rise       ; ANTIRREBOTE:inst7|inst10          ;
;  HEX1[3]     ; ANTIRREBOTE:inst7|inst10          ; 7.164 ; 7.017 ; Rise       ; ANTIRREBOTE:inst7|inst10          ;
;  HEX1[4]     ; ANTIRREBOTE:inst7|inst10          ; 7.315 ; 7.173 ; Rise       ; ANTIRREBOTE:inst7|inst10          ;
;  HEX1[5]     ; ANTIRREBOTE:inst7|inst10          ; 7.429 ; 7.334 ; Rise       ; ANTIRREBOTE:inst7|inst10          ;
;  HEX1[6]     ; ANTIRREBOTE:inst7|inst10          ; 7.227 ; 7.109 ; Rise       ; ANTIRREBOTE:inst7|inst10          ;
; PULSO        ; ANTIRREBOTE:inst7|inst10          ; 3.107 ;       ; Rise       ; ANTIRREBOTE:inst7|inst10          ;
; PULSO        ; ANTIRREBOTE:inst7|inst10          ;       ; 3.126 ; Fall       ; ANTIRREBOTE:inst7|inst10          ;
; Cout         ; CLOCK_50                          ; 9.725 ; 9.644 ; Rise       ; CLOCK_50                          ;
; ROM_OUT[*]   ; CLOCK_50                          ; 8.253 ; 8.220 ; Rise       ; CLOCK_50                          ;
;  ROM_OUT[0]  ; CLOCK_50                          ; 8.794 ; 8.759 ; Rise       ; CLOCK_50                          ;
;  ROM_OUT[1]  ; CLOCK_50                          ; 8.287 ; 8.257 ; Rise       ; CLOCK_50                          ;
;  ROM_OUT[2]  ; CLOCK_50                          ; 8.253 ; 8.220 ; Rise       ; CLOCK_50                          ;
;  ROM_OUT[3]  ; CLOCK_50                          ; 8.286 ; 8.255 ; Rise       ; CLOCK_50                          ;
;  ROM_OUT[4]  ; CLOCK_50                          ; 8.311 ; 8.249 ; Rise       ; CLOCK_50                          ;
;  ROM_OUT[5]  ; CLOCK_50                          ; 9.567 ; 9.638 ; Rise       ; CLOCK_50                          ;
;  ROM_OUT[6]  ; CLOCK_50                          ; 8.567 ; 8.524 ; Rise       ; CLOCK_50                          ;
;  ROM_OUT[7]  ; CLOCK_50                          ; 8.400 ; 8.358 ; Rise       ; CLOCK_50                          ;
;  ROM_OUT[8]  ; CLOCK_50                          ; 8.635 ; 8.613 ; Rise       ; CLOCK_50                          ;
;  ROM_OUT[9]  ; CLOCK_50                          ; 8.309 ; 8.254 ; Rise       ; CLOCK_50                          ;
;  ROM_OUT[10] ; CLOCK_50                          ; 8.379 ; 8.360 ; Rise       ; CLOCK_50                          ;
; PC[*]        ; CONTADOR_RIZO:inst|FFD:inst1|inst ; 3.258 ;       ; Rise       ; CONTADOR_RIZO:inst|FFD:inst1|inst ;
;  PC[1]       ; CONTADOR_RIZO:inst|FFD:inst1|inst ; 3.258 ;       ; Rise       ; CONTADOR_RIZO:inst|FFD:inst1|inst ;
; PC[*]        ; CONTADOR_RIZO:inst|FFD:inst1|inst ; 6.314 ; 3.153 ; Fall       ; CONTADOR_RIZO:inst|FFD:inst1|inst ;
;  PC[1]       ; CONTADOR_RIZO:inst|FFD:inst1|inst ;       ; 3.153 ; Fall       ; CONTADOR_RIZO:inst|FFD:inst1|inst ;
;  PC[2]       ; CONTADOR_RIZO:inst|FFD:inst1|inst ; 6.314 ; 6.052 ; Fall       ; CONTADOR_RIZO:inst|FFD:inst1|inst ;
; PC[*]        ; CONTADOR_RIZO:inst|FFD:inst|inst  ; 4.989 ;       ; Rise       ; CONTADOR_RIZO:inst|FFD:inst|inst  ;
;  PC[0]       ; CONTADOR_RIZO:inst|FFD:inst|inst  ; 4.989 ;       ; Rise       ; CONTADOR_RIZO:inst|FFD:inst|inst  ;
; PC[*]        ; CONTADOR_RIZO:inst|FFD:inst|inst  ;       ; 4.864 ; Fall       ; CONTADOR_RIZO:inst|FFD:inst|inst  ;
;  PC[0]       ; CONTADOR_RIZO:inst|FFD:inst|inst  ;       ; 4.864 ; Fall       ; CONTADOR_RIZO:inst|FFD:inst|inst  ;
+--------------+-----------------------------------+-------+-------+------------+-----------------------------------+


----------------------------------------------
; Slow 1200mV 85C Model Metastability Report ;
----------------------------------------------
No synchronizer chains to report.


+-----------------------------------------------------------------------------------------------------------------------------------+
; Slow 1200mV 0C Model Fmax Summary                                                                                                 ;
+-------------+-----------------+-----------------------------------+---------------------------------------------------------------+
; Fmax        ; Restricted Fmax ; Clock Name                        ; Note                                                          ;
+-------------+-----------------+-----------------------------------+---------------------------------------------------------------+
; 354.36 MHz  ; 354.36 MHz      ; ANTIRREBOTE:inst7|inst10          ;                                                               ;
; 429.0 MHz   ; 250.0 MHz       ; CLOCK_50                          ; limit due to minimum period restriction (max I/O toggle rate) ;
; 1661.13 MHz ; 500.0 MHz       ; CONTADOR_RIZO:inst|FFD:inst1|inst ; limit due to minimum period restriction (tmin)                ;
+-------------+-----------------+-----------------------------------+---------------------------------------------------------------+
This panel reports FMAX for every clock in the design, regardless of the user-specified clock periods.  FMAX is only computed for paths where the source and destination registers or ports are driven by the same clock.  Paths of different clocks, including generated clocks, are ignored.  For paths between a clock and its inversion, FMAX is computed as if the rising and falling edges are scaled along with FMAX, such that the duty cycle (in terms of a percentage) is maintained. Altera recommends that you always use clock constraints and other slack reports for sign-off analysis.


+------------------------------------------------------------+
; Slow 1200mV 0C Model Setup Summary                         ;
+-----------------------------------+--------+---------------+
; Clock                             ; Slack  ; End Point TNS ;
+-----------------------------------+--------+---------------+
; ANTIRREBOTE:inst7|inst10          ; -4.668 ; -33.594       ;
; CLOCK_50                          ; -1.331 ; -16.302       ;
; CONTADOR_RIZO:inst|FFD:inst|inst  ; 0.386  ; 0.000         ;
; CONTADOR_RIZO:inst|FFD:inst1|inst ; 0.398  ; 0.000         ;
+-----------------------------------+--------+---------------+


+------------------------------------------------------------+
; Slow 1200mV 0C Model Hold Summary                          ;
+-----------------------------------+--------+---------------+
; Clock                             ; Slack  ; End Point TNS ;
+-----------------------------------+--------+---------------+
; ANTIRREBOTE:inst7|inst10          ; -0.248 ; -0.248        ;
; CLOCK_50                          ; -0.068 ; -0.083        ;
; CONTADOR_RIZO:inst|FFD:inst|inst  ; -0.054 ; -0.054        ;
; CONTADOR_RIZO:inst|FFD:inst1|inst ; 0.341  ; 0.000         ;
+-----------------------------------+--------+---------------+


+---------------------------------------+
; Slow 1200mV 0C Model Recovery Summary ;
+----------+--------+-------------------+
; Clock    ; Slack  ; End Point TNS     ;
+----------+--------+-------------------+
; CLOCK_50 ; -0.531 ; -6.965            ;
+----------+--------+-------------------+


+--------------------------------------+
; Slow 1200mV 0C Model Removal Summary ;
+----------+-------+-------------------+
; Clock    ; Slack ; End Point TNS     ;
+----------+-------+-------------------+
; CLOCK_50 ; 0.712 ; 0.000             ;
+----------+-------+-------------------+


+------------------------------------------------------------+
; Slow 1200mV 0C Model Minimum Pulse Width Summary           ;
+-----------------------------------+--------+---------------+
; Clock                             ; Slack  ; End Point TNS ;
+-----------------------------------+--------+---------------+
; CLOCK_50                          ; -3.000 ; -29.191       ;
; ANTIRREBOTE:inst7|inst10          ; -1.000 ; -9.000        ;
; CONTADOR_RIZO:inst|FFD:inst1|inst ; -1.000 ; -1.000        ;
; CONTADOR_RIZO:inst|FFD:inst|inst  ; -1.000 ; -1.000        ;
+-----------------------------------+--------+---------------+


+------------------------------------------------------------------------------------------------------------------------------------------------------------------------------------------------------------------------------------------------------------------------+
; Slow 1200mV 0C Model Setup: 'ANTIRREBOTE:inst7|inst10'                                                                                                                                                                                                                 ;
+--------+---------------------------------------------------------------------------------------------------------------------+----------------------------------+----------------------------------+--------------------------+--------------+------------+------------+
; Slack  ; From Node                                                                                                           ; To Node                          ; Launch Clock                     ; Latch Clock              ; Relationship ; Clock Skew ; Data Delay ;
+--------+---------------------------------------------------------------------------------------------------------------------+----------------------------------+----------------------------------+--------------------------+--------------+------------+------------+
; -4.668 ; ROM:inst1|miROM:inst|altsyncram:altsyncram_component|altsyncram_3nr3:auto_generated|ram_block1a0~porta_address_reg0 ; REG8BIT:inst3|FFD:inst4|inst     ; CLOCK_50                         ; ANTIRREBOTE:inst7|inst10 ; 1.000        ; 0.281      ; 5.934      ;
; -4.491 ; ROM:inst1|miROM:inst|altsyncram:altsyncram_component|altsyncram_3nr3:auto_generated|ram_block1a0~porta_address_reg0 ; REG8BIT:inst3|FFD:inst7|inst     ; CLOCK_50                         ; ANTIRREBOTE:inst7|inst10 ; 1.000        ; 0.281      ; 5.757      ;
; -4.415 ; ROM:inst1|miROM:inst|altsyncram:altsyncram_component|altsyncram_3nr3:auto_generated|ram_block1a0~porta_address_reg0 ; REG8BIT:inst3|FFD:inst2|inst     ; CLOCK_50                         ; ANTIRREBOTE:inst7|inst10 ; 1.000        ; 0.281      ; 5.681      ;
; -4.238 ; ROM:inst1|miROM:inst|altsyncram:altsyncram_component|altsyncram_3nr3:auto_generated|ram_block1a0~porta_address_reg0 ; REG8BIT:inst3|FFD:inst1|inst     ; CLOCK_50                         ; ANTIRREBOTE:inst7|inst10 ; 1.000        ; -0.034     ; 5.189      ;
; -4.217 ; ROM:inst1|miROM:inst|altsyncram:altsyncram_component|altsyncram_3nr3:auto_generated|ram_block1a0~porta_address_reg0 ; REG8BIT:inst3|FFD:inst3|inst     ; CLOCK_50                         ; ANTIRREBOTE:inst7|inst10 ; 1.000        ; 0.281      ; 5.483      ;
; -4.078 ; ROM:inst1|miROM:inst|altsyncram:altsyncram_component|altsyncram_3nr3:auto_generated|ram_block1a0~porta_address_reg0 ; REG8BIT:inst3|FFD:inst8|inst     ; CLOCK_50                         ; ANTIRREBOTE:inst7|inst10 ; 1.000        ; -0.034     ; 5.029      ;
; -3.865 ; ROM:inst1|miROM:inst|altsyncram:altsyncram_component|altsyncram_3nr3:auto_generated|ram_block1a0~porta_address_reg0 ; REG8BIT:inst3|FFD:inst6|inst     ; CLOCK_50                         ; ANTIRREBOTE:inst7|inst10 ; 1.000        ; -0.034     ; 4.816      ;
; -3.622 ; ROM:inst1|miROM:inst|altsyncram:altsyncram_component|altsyncram_3nr3:auto_generated|ram_block1a0~porta_address_reg0 ; REG8BIT:inst3|FFD:inst5|inst     ; CLOCK_50                         ; ANTIRREBOTE:inst7|inst10 ; 1.000        ; -0.036     ; 4.571      ;
; -1.822 ; REG8BIT:inst3|FFD:inst5|inst                                                                                        ; REG8BIT:inst3|FFD:inst4|inst     ; ANTIRREBOTE:inst7|inst10         ; ANTIRREBOTE:inst7|inst10 ; 1.000        ; 0.263      ; 3.080      ;
; -1.682 ; REG8BIT:inst3|FFD:inst6|inst                                                                                        ; REG8BIT:inst3|FFD:inst4|inst     ; ANTIRREBOTE:inst7|inst10         ; ANTIRREBOTE:inst7|inst10 ; 1.000        ; 0.261      ; 2.938      ;
; -1.645 ; REG8BIT:inst3|FFD:inst5|inst                                                                                        ; REG8BIT:inst3|FFD:inst7|inst     ; ANTIRREBOTE:inst7|inst10         ; ANTIRREBOTE:inst7|inst10 ; 1.000        ; 0.263      ; 2.903      ;
; -1.536 ; REG8BIT:inst3|FFD:inst8|inst                                                                                        ; REG8BIT:inst3|FFD:inst4|inst     ; ANTIRREBOTE:inst7|inst10         ; ANTIRREBOTE:inst7|inst10 ; 1.000        ; 0.261      ; 2.792      ;
; -1.505 ; REG8BIT:inst3|FFD:inst6|inst                                                                                        ; REG8BIT:inst3|FFD:inst7|inst     ; ANTIRREBOTE:inst7|inst10         ; ANTIRREBOTE:inst7|inst10 ; 1.000        ; 0.261      ; 2.761      ;
; -1.504 ; REG8BIT:inst3|FFD:inst5|inst                                                                                        ; REG8BIT:inst3|FFD:inst2|inst     ; ANTIRREBOTE:inst7|inst10         ; ANTIRREBOTE:inst7|inst10 ; 1.000        ; 0.263      ; 2.762      ;
; -1.472 ; REG8BIT:inst3|FFD:inst6|inst                                                                                        ; REG8BIT:inst3|FFD:inst2|inst     ; ANTIRREBOTE:inst7|inst10         ; ANTIRREBOTE:inst7|inst10 ; 1.000        ; 0.261      ; 2.728      ;
; -1.371 ; REG8BIT:inst3|FFD:inst5|inst                                                                                        ; REG8BIT:inst3|FFD:inst3|inst     ; ANTIRREBOTE:inst7|inst10         ; ANTIRREBOTE:inst7|inst10 ; 1.000        ; 0.263      ; 2.629      ;
; -1.363 ; REG8BIT:inst3|FFD:inst5|inst                                                                                        ; REG8BIT:inst3|FFD:inst1|inst     ; ANTIRREBOTE:inst7|inst10         ; ANTIRREBOTE:inst7|inst10 ; 1.000        ; -0.052     ; 2.306      ;
; -1.359 ; REG8BIT:inst3|FFD:inst8|inst                                                                                        ; REG8BIT:inst3|FFD:inst7|inst     ; ANTIRREBOTE:inst7|inst10         ; ANTIRREBOTE:inst7|inst10 ; 1.000        ; 0.261      ; 2.615      ;
; -1.331 ; REG8BIT:inst3|FFD:inst6|inst                                                                                        ; REG8BIT:inst3|FFD:inst1|inst     ; ANTIRREBOTE:inst7|inst10         ; ANTIRREBOTE:inst7|inst10 ; 1.000        ; -0.054     ; 2.272      ;
; -1.326 ; REG8BIT:inst3|FFD:inst8|inst                                                                                        ; REG8BIT:inst3|FFD:inst2|inst     ; ANTIRREBOTE:inst7|inst10         ; ANTIRREBOTE:inst7|inst10 ; 1.000        ; 0.261      ; 2.582      ;
; -1.321 ; REG8BIT:inst3|FFD:inst6|inst                                                                                        ; REG8BIT:inst3|FFD:inst8|inst     ; ANTIRREBOTE:inst7|inst10         ; ANTIRREBOTE:inst7|inst10 ; 1.000        ; -0.054     ; 2.262      ;
; -1.260 ; REG8BIT:inst3|FFD:inst1|inst                                                                                        ; REG8BIT:inst3|FFD:inst4|inst     ; ANTIRREBOTE:inst7|inst10         ; ANTIRREBOTE:inst7|inst10 ; 1.000        ; 0.261      ; 2.516      ;
; -1.231 ; REG8BIT:inst3|FFD:inst6|inst                                                                                        ; REG8BIT:inst3|FFD:inst3|inst     ; ANTIRREBOTE:inst7|inst10         ; ANTIRREBOTE:inst7|inst10 ; 1.000        ; 0.261      ; 2.487      ;
; -1.221 ; REG8BIT:inst3|FFD:inst5|inst                                                                                        ; REG8BIT:inst3|FFD:inst8|inst     ; ANTIRREBOTE:inst7|inst10         ; ANTIRREBOTE:inst7|inst10 ; 1.000        ; -0.052     ; 2.164      ;
; -1.185 ; REG8BIT:inst3|FFD:inst2|inst                                                                                        ; REG8BIT:inst3|FFD:inst4|inst     ; ANTIRREBOTE:inst7|inst10         ; ANTIRREBOTE:inst7|inst10 ; 1.000        ; -0.067     ; 2.113      ;
; -1.185 ; REG8BIT:inst3|FFD:inst8|inst                                                                                        ; REG8BIT:inst3|FFD:inst1|inst     ; ANTIRREBOTE:inst7|inst10         ; ANTIRREBOTE:inst7|inst10 ; 1.000        ; -0.054     ; 2.126      ;
; -1.085 ; REG8BIT:inst3|FFD:inst8|inst                                                                                        ; REG8BIT:inst3|FFD:inst3|inst     ; ANTIRREBOTE:inst7|inst10         ; ANTIRREBOTE:inst7|inst10 ; 1.000        ; 0.261      ; 2.341      ;
; -1.083 ; REG8BIT:inst3|FFD:inst1|inst                                                                                        ; REG8BIT:inst3|FFD:inst7|inst     ; ANTIRREBOTE:inst7|inst10         ; ANTIRREBOTE:inst7|inst10 ; 1.000        ; 0.261      ; 2.339      ;
; -1.050 ; REG8BIT:inst3|FFD:inst1|inst                                                                                        ; REG8BIT:inst3|FFD:inst2|inst     ; ANTIRREBOTE:inst7|inst10         ; ANTIRREBOTE:inst7|inst10 ; 1.000        ; 0.261      ; 2.306      ;
; -1.040 ; REG8BIT:inst3|FFD:inst6|inst                                                                                        ; REG8BIT:inst3|FFD:inst6|inst     ; ANTIRREBOTE:inst7|inst10         ; ANTIRREBOTE:inst7|inst10 ; 1.000        ; -0.054     ; 1.981      ;
; -1.029 ; REG8BIT:inst3|FFD:inst4|inst                                                                                        ; REG8BIT:inst3|FFD:inst4|inst     ; ANTIRREBOTE:inst7|inst10         ; ANTIRREBOTE:inst7|inst10 ; 1.000        ; -0.067     ; 1.957      ;
; -1.008 ; REG8BIT:inst3|FFD:inst2|inst                                                                                        ; REG8BIT:inst3|FFD:inst7|inst     ; ANTIRREBOTE:inst7|inst10         ; ANTIRREBOTE:inst7|inst10 ; 1.000        ; -0.067     ; 1.936      ;
; -0.968 ; REG8BIT:inst3|FFD:inst5|inst                                                                                        ; REG8BIT:inst3|FFD:inst6|inst     ; ANTIRREBOTE:inst7|inst10         ; ANTIRREBOTE:inst7|inst10 ; 1.000        ; -0.052     ; 1.911      ;
; -0.809 ; REG8BIT:inst3|FFD:inst1|inst                                                                                        ; REG8BIT:inst3|FFD:inst3|inst     ; ANTIRREBOTE:inst7|inst10         ; ANTIRREBOTE:inst7|inst10 ; 1.000        ; 0.261      ; 2.065      ;
; -0.791 ; REG8BIT:inst3|FFD:inst5|inst                                                                                        ; REG8BIT:inst3|FFD:inst5|inst     ; ANTIRREBOTE:inst7|inst10         ; ANTIRREBOTE:inst7|inst10 ; 1.000        ; -0.054     ; 1.732      ;
; -0.788 ; REG8BIT:inst3|FFD:inst7|inst                                                                                        ; REG8BIT:inst3|FFD:inst7|inst     ; ANTIRREBOTE:inst7|inst10         ; ANTIRREBOTE:inst7|inst10 ; 1.000        ; -0.067     ; 1.716      ;
; -0.734 ; REG8BIT:inst3|FFD:inst2|inst                                                                                        ; REG8BIT:inst3|FFD:inst3|inst     ; ANTIRREBOTE:inst7|inst10         ; ANTIRREBOTE:inst7|inst10 ; 1.000        ; -0.067     ; 1.662      ;
; -0.701 ; REG8BIT:inst3|FFD:inst3|inst                                                                                        ; REG8BIT:inst3|FFD:inst4|inst     ; ANTIRREBOTE:inst7|inst10         ; ANTIRREBOTE:inst7|inst10 ; 1.000        ; -0.067     ; 1.629      ;
; -0.648 ; REG8BIT:inst3|FFD:inst8|inst                                                                                        ; REG8BIT:inst3|FFD:inst8|inst     ; ANTIRREBOTE:inst7|inst10         ; ANTIRREBOTE:inst7|inst10 ; 1.000        ; -0.054     ; 1.589      ;
; -0.576 ; REG8BIT:inst3|FFD:inst7|inst                                                                                        ; REG8BIT:inst3|FFD:inst4|inst     ; ANTIRREBOTE:inst7|inst10         ; ANTIRREBOTE:inst7|inst10 ; 1.000        ; -0.067     ; 1.504      ;
; -0.525 ; REG8BIT:inst3|FFD:inst3|inst                                                                                        ; REG8BIT:inst3|FFD:inst7|inst     ; ANTIRREBOTE:inst7|inst10         ; ANTIRREBOTE:inst7|inst10 ; 1.000        ; -0.067     ; 1.453      ;
; -0.506 ; REG8BIT:inst3|FFD:inst3|inst                                                                                        ; REG8BIT:inst3|FFD:inst3|inst     ; ANTIRREBOTE:inst7|inst10         ; ANTIRREBOTE:inst7|inst10 ; 1.000        ; -0.067     ; 1.434      ;
; -0.489 ; REG8BIT:inst3|FFD:inst1|inst                                                                                        ; REG8BIT:inst3|FFD:inst1|inst     ; ANTIRREBOTE:inst7|inst10         ; ANTIRREBOTE:inst7|inst10 ; 1.000        ; -0.054     ; 1.430      ;
; -0.384 ; REG8BIT:inst3|FFD:inst2|inst                                                                                        ; REG8BIT:inst3|FFD:inst2|inst     ; ANTIRREBOTE:inst7|inst10         ; ANTIRREBOTE:inst7|inst10 ; 1.000        ; -0.067     ; 1.312      ;
; 0.326  ; CONTADOR_RIZO:inst|FFD:inst|inst                                                                                    ; CONTADOR_RIZO:inst|FFD:inst|inst ; CONTADOR_RIZO:inst|FFD:inst|inst ; ANTIRREBOTE:inst7|inst10 ; 0.500        ; 2.427      ; 2.786      ;
; 0.858  ; CONTADOR_RIZO:inst|FFD:inst|inst                                                                                    ; CONTADOR_RIZO:inst|FFD:inst|inst ; CONTADOR_RIZO:inst|FFD:inst|inst ; ANTIRREBOTE:inst7|inst10 ; 1.000        ; 2.427      ; 2.754      ;
+--------+---------------------------------------------------------------------------------------------------------------------+----------------------------------+----------------------------------+--------------------------+--------------+------------+------------+


+--------------------------------------------------------------------------------------------------------------------------------------------------------------------------------------------+
; Slow 1200mV 0C Model Setup: 'CLOCK_50'                                                                                                                                                     ;
+--------+------------------------------------------------------+------------------------------------------------------+--------------+-------------+--------------+------------+------------+
; Slack  ; From Node                                            ; To Node                                              ; Launch Clock ; Latch Clock ; Relationship ; Clock Skew ; Data Delay ;
+--------+------------------------------------------------------+------------------------------------------------------+--------------+-------------+--------------+------------+------------+
; -1.331 ; ANTIRREBOTE:inst7|CONTADOR_ANTIRREBOTE:inst11|inst20 ; ANTIRREBOTE:inst7|CONTADOR_ANTIRREBOTE:inst11|inst52 ; CLOCK_50     ; CLOCK_50    ; 1.000        ; 0.260      ; 2.586      ;
; -1.330 ; ANTIRREBOTE:inst7|CONTADOR_ANTIRREBOTE:inst11|inst20 ; ANTIRREBOTE:inst7|CONTADOR_ANTIRREBOTE:inst11|inst50 ; CLOCK_50     ; CLOCK_50    ; 1.000        ; 0.260      ; 2.585      ;
; -1.324 ; ANTIRREBOTE:inst7|CONTADOR_ANTIRREBOTE:inst11|inst24 ; ANTIRREBOTE:inst7|CONTADOR_ANTIRREBOTE:inst11|inst52 ; CLOCK_50     ; CLOCK_50    ; 1.000        ; 0.260      ; 2.579      ;
; -1.323 ; ANTIRREBOTE:inst7|CONTADOR_ANTIRREBOTE:inst11|inst24 ; ANTIRREBOTE:inst7|CONTADOR_ANTIRREBOTE:inst11|inst50 ; CLOCK_50     ; CLOCK_50    ; 1.000        ; 0.260      ; 2.578      ;
; -1.244 ; ANTIRREBOTE:inst7|CONTADOR_ANTIRREBOTE:inst11|inst26 ; ANTIRREBOTE:inst7|CONTADOR_ANTIRREBOTE:inst11|inst52 ; CLOCK_50     ; CLOCK_50    ; 1.000        ; 0.260      ; 2.499      ;
; -1.243 ; ANTIRREBOTE:inst7|CONTADOR_ANTIRREBOTE:inst11|inst26 ; ANTIRREBOTE:inst7|CONTADOR_ANTIRREBOTE:inst11|inst50 ; CLOCK_50     ; CLOCK_50    ; 1.000        ; 0.260      ; 2.498      ;
; -1.239 ; ANTIRREBOTE:inst7|CONTADOR_ANTIRREBOTE:inst11|inst28 ; ANTIRREBOTE:inst7|CONTADOR_ANTIRREBOTE:inst11|inst52 ; CLOCK_50     ; CLOCK_50    ; 1.000        ; -0.067     ; 2.167      ;
; -1.238 ; ANTIRREBOTE:inst7|CONTADOR_ANTIRREBOTE:inst11|inst28 ; ANTIRREBOTE:inst7|CONTADOR_ANTIRREBOTE:inst11|inst50 ; CLOCK_50     ; CLOCK_50    ; 1.000        ; -0.067     ; 2.166      ;
; -1.224 ; ANTIRREBOTE:inst7|CONTADOR_ANTIRREBOTE:inst11|inst52 ; ANTIRREBOTE:inst7|inst10                             ; CLOCK_50     ; CLOCK_50    ; 1.000        ; -0.382     ; 1.837      ;
; -1.224 ; ANTIRREBOTE:inst7|CONTADOR_ANTIRREBOTE:inst11|inst14 ; ANTIRREBOTE:inst7|CONTADOR_ANTIRREBOTE:inst11|inst52 ; CLOCK_50     ; CLOCK_50    ; 1.000        ; 0.260      ; 2.479      ;
; -1.223 ; ANTIRREBOTE:inst7|CONTADOR_ANTIRREBOTE:inst11|inst14 ; ANTIRREBOTE:inst7|CONTADOR_ANTIRREBOTE:inst11|inst50 ; CLOCK_50     ; CLOCK_50    ; 1.000        ; 0.260      ; 2.478      ;
; -1.198 ; ANTIRREBOTE:inst7|CONTADOR_ANTIRREBOTE:inst11|inst18 ; ANTIRREBOTE:inst7|CONTADOR_ANTIRREBOTE:inst11|inst52 ; CLOCK_50     ; CLOCK_50    ; 1.000        ; 0.260      ; 2.453      ;
; -1.197 ; ANTIRREBOTE:inst7|CONTADOR_ANTIRREBOTE:inst11|inst18 ; ANTIRREBOTE:inst7|CONTADOR_ANTIRREBOTE:inst11|inst50 ; CLOCK_50     ; CLOCK_50    ; 1.000        ; 0.260      ; 2.452      ;
; -1.191 ; ANTIRREBOTE:inst7|CONTADOR_ANTIRREBOTE:inst11|inst26 ; ANTIRREBOTE:inst7|inst10                             ; CLOCK_50     ; CLOCK_50    ; 1.000        ; -0.054     ; 2.132      ;
; -1.134 ; ANTIRREBOTE:inst7|CONTADOR_ANTIRREBOTE:inst11|inst13 ; ANTIRREBOTE:inst7|CONTADOR_ANTIRREBOTE:inst11|inst52 ; CLOCK_50     ; CLOCK_50    ; 1.000        ; 0.260      ; 2.389      ;
; -1.133 ; ANTIRREBOTE:inst7|CONTADOR_ANTIRREBOTE:inst11|inst13 ; ANTIRREBOTE:inst7|CONTADOR_ANTIRREBOTE:inst11|inst50 ; CLOCK_50     ; CLOCK_50    ; 1.000        ; 0.260      ; 2.388      ;
; -1.116 ; ANTIRREBOTE:inst7|CONTADOR_ANTIRREBOTE:inst11|inst22 ; ANTIRREBOTE:inst7|CONTADOR_ANTIRREBOTE:inst11|inst52 ; CLOCK_50     ; CLOCK_50    ; 1.000        ; 0.260      ; 2.371      ;
; -1.115 ; ANTIRREBOTE:inst7|CONTADOR_ANTIRREBOTE:inst11|inst22 ; ANTIRREBOTE:inst7|CONTADOR_ANTIRREBOTE:inst11|inst50 ; CLOCK_50     ; CLOCK_50    ; 1.000        ; 0.260      ; 2.370      ;
; -1.043 ; ANTIRREBOTE:inst7|CONTADOR_ANTIRREBOTE:inst11|inst20 ; ANTIRREBOTE:inst7|CONTADOR_ANTIRREBOTE:inst11|inst44 ; CLOCK_50     ; CLOCK_50    ; 1.000        ; 0.260      ; 2.298      ;
; -1.040 ; ANTIRREBOTE:inst7|CONTADOR_ANTIRREBOTE:inst11|inst20 ; ANTIRREBOTE:inst7|CONTADOR_ANTIRREBOTE:inst11|inst46 ; CLOCK_50     ; CLOCK_50    ; 1.000        ; 0.260      ; 2.295      ;
; -1.039 ; ANTIRREBOTE:inst7|CONTADOR_ANTIRREBOTE:inst11|inst20 ; ANTIRREBOTE:inst7|CONTADOR_ANTIRREBOTE:inst11|inst48 ; CLOCK_50     ; CLOCK_50    ; 1.000        ; 0.260      ; 2.294      ;
; -1.036 ; ANTIRREBOTE:inst7|CONTADOR_ANTIRREBOTE:inst11|inst24 ; ANTIRREBOTE:inst7|CONTADOR_ANTIRREBOTE:inst11|inst44 ; CLOCK_50     ; CLOCK_50    ; 1.000        ; 0.260      ; 2.291      ;
; -1.033 ; ANTIRREBOTE:inst7|CONTADOR_ANTIRREBOTE:inst11|inst24 ; ANTIRREBOTE:inst7|CONTADOR_ANTIRREBOTE:inst11|inst46 ; CLOCK_50     ; CLOCK_50    ; 1.000        ; 0.260      ; 2.288      ;
; -1.032 ; ANTIRREBOTE:inst7|CONTADOR_ANTIRREBOTE:inst11|inst24 ; ANTIRREBOTE:inst7|CONTADOR_ANTIRREBOTE:inst11|inst48 ; CLOCK_50     ; CLOCK_50    ; 1.000        ; 0.260      ; 2.287      ;
; -0.996 ; ANTIRREBOTE:inst7|CONTADOR_ANTIRREBOTE:inst11|inst16 ; ANTIRREBOTE:inst7|CONTADOR_ANTIRREBOTE:inst11|inst52 ; CLOCK_50     ; CLOCK_50    ; 1.000        ; 0.260      ; 2.251      ;
; -0.995 ; ANTIRREBOTE:inst7|CONTADOR_ANTIRREBOTE:inst11|inst16 ; ANTIRREBOTE:inst7|CONTADOR_ANTIRREBOTE:inst11|inst50 ; CLOCK_50     ; CLOCK_50    ; 1.000        ; 0.260      ; 2.250      ;
; -0.956 ; ANTIRREBOTE:inst7|CONTADOR_ANTIRREBOTE:inst11|inst26 ; ANTIRREBOTE:inst7|CONTADOR_ANTIRREBOTE:inst11|inst44 ; CLOCK_50     ; CLOCK_50    ; 1.000        ; 0.260      ; 2.211      ;
; -0.953 ; ANTIRREBOTE:inst7|CONTADOR_ANTIRREBOTE:inst11|inst26 ; ANTIRREBOTE:inst7|CONTADOR_ANTIRREBOTE:inst11|inst46 ; CLOCK_50     ; CLOCK_50    ; 1.000        ; 0.260      ; 2.208      ;
; -0.952 ; ANTIRREBOTE:inst7|CONTADOR_ANTIRREBOTE:inst11|inst26 ; ANTIRREBOTE:inst7|CONTADOR_ANTIRREBOTE:inst11|inst48 ; CLOCK_50     ; CLOCK_50    ; 1.000        ; 0.260      ; 2.207      ;
; -0.951 ; ANTIRREBOTE:inst7|CONTADOR_ANTIRREBOTE:inst11|inst28 ; ANTIRREBOTE:inst7|CONTADOR_ANTIRREBOTE:inst11|inst44 ; CLOCK_50     ; CLOCK_50    ; 1.000        ; -0.067     ; 1.879      ;
; -0.948 ; ANTIRREBOTE:inst7|CONTADOR_ANTIRREBOTE:inst11|inst28 ; ANTIRREBOTE:inst7|CONTADOR_ANTIRREBOTE:inst11|inst46 ; CLOCK_50     ; CLOCK_50    ; 1.000        ; -0.067     ; 1.876      ;
; -0.947 ; ANTIRREBOTE:inst7|CONTADOR_ANTIRREBOTE:inst11|inst28 ; ANTIRREBOTE:inst7|CONTADOR_ANTIRREBOTE:inst11|inst48 ; CLOCK_50     ; CLOCK_50    ; 1.000        ; -0.067     ; 1.875      ;
; -0.936 ; ANTIRREBOTE:inst7|CONTADOR_ANTIRREBOTE:inst11|inst14 ; ANTIRREBOTE:inst7|CONTADOR_ANTIRREBOTE:inst11|inst44 ; CLOCK_50     ; CLOCK_50    ; 1.000        ; 0.260      ; 2.191      ;
; -0.933 ; ANTIRREBOTE:inst7|CONTADOR_ANTIRREBOTE:inst11|inst14 ; ANTIRREBOTE:inst7|CONTADOR_ANTIRREBOTE:inst11|inst46 ; CLOCK_50     ; CLOCK_50    ; 1.000        ; 0.260      ; 2.188      ;
; -0.932 ; ANTIRREBOTE:inst7|CONTADOR_ANTIRREBOTE:inst11|inst14 ; ANTIRREBOTE:inst7|CONTADOR_ANTIRREBOTE:inst11|inst48 ; CLOCK_50     ; CLOCK_50    ; 1.000        ; 0.260      ; 2.187      ;
; -0.910 ; ANTIRREBOTE:inst7|CONTADOR_ANTIRREBOTE:inst11|inst30 ; ANTIRREBOTE:inst7|CONTADOR_ANTIRREBOTE:inst11|inst52 ; CLOCK_50     ; CLOCK_50    ; 1.000        ; 0.260      ; 2.165      ;
; -0.910 ; ANTIRREBOTE:inst7|CONTADOR_ANTIRREBOTE:inst11|inst18 ; ANTIRREBOTE:inst7|CONTADOR_ANTIRREBOTE:inst11|inst44 ; CLOCK_50     ; CLOCK_50    ; 1.000        ; 0.260      ; 2.165      ;
; -0.909 ; ANTIRREBOTE:inst7|CONTADOR_ANTIRREBOTE:inst11|inst30 ; ANTIRREBOTE:inst7|CONTADOR_ANTIRREBOTE:inst11|inst50 ; CLOCK_50     ; CLOCK_50    ; 1.000        ; 0.260      ; 2.164      ;
; -0.907 ; ANTIRREBOTE:inst7|CONTADOR_ANTIRREBOTE:inst11|inst18 ; ANTIRREBOTE:inst7|CONTADOR_ANTIRREBOTE:inst11|inst46 ; CLOCK_50     ; CLOCK_50    ; 1.000        ; 0.260      ; 2.162      ;
; -0.906 ; ANTIRREBOTE:inst7|CONTADOR_ANTIRREBOTE:inst11|inst18 ; ANTIRREBOTE:inst7|CONTADOR_ANTIRREBOTE:inst11|inst48 ; CLOCK_50     ; CLOCK_50    ; 1.000        ; 0.260      ; 2.161      ;
; -0.855 ; ANTIRREBOTE:inst7|CONTADOR_ANTIRREBOTE:inst11|inst14 ; ANTIRREBOTE:inst7|CONTADOR_ANTIRREBOTE:inst11|inst26 ; CLOCK_50     ; CLOCK_50    ; 1.000        ; -0.054     ; 1.796      ;
; -0.854 ; ANTIRREBOTE:inst7|CONTADOR_ANTIRREBOTE:inst11|inst14 ; ANTIRREBOTE:inst7|CONTADOR_ANTIRREBOTE:inst11|inst30 ; CLOCK_50     ; CLOCK_50    ; 1.000        ; -0.054     ; 1.795      ;
; -0.846 ; ANTIRREBOTE:inst7|CONTADOR_ANTIRREBOTE:inst11|inst13 ; ANTIRREBOTE:inst7|CONTADOR_ANTIRREBOTE:inst11|inst44 ; CLOCK_50     ; CLOCK_50    ; 1.000        ; 0.260      ; 2.101      ;
; -0.843 ; ANTIRREBOTE:inst7|CONTADOR_ANTIRREBOTE:inst11|inst13 ; ANTIRREBOTE:inst7|CONTADOR_ANTIRREBOTE:inst11|inst46 ; CLOCK_50     ; CLOCK_50    ; 1.000        ; 0.260      ; 2.098      ;
; -0.842 ; ANTIRREBOTE:inst7|CONTADOR_ANTIRREBOTE:inst11|inst13 ; ANTIRREBOTE:inst7|CONTADOR_ANTIRREBOTE:inst11|inst48 ; CLOCK_50     ; CLOCK_50    ; 1.000        ; 0.260      ; 2.097      ;
; -0.836 ; ANTIRREBOTE:inst7|CONTADOR_ANTIRREBOTE:inst11|inst32 ; ANTIRREBOTE:inst7|CONTADOR_ANTIRREBOTE:inst11|inst52 ; CLOCK_50     ; CLOCK_50    ; 1.000        ; -0.068     ; 1.763      ;
; -0.835 ; ANTIRREBOTE:inst7|CONTADOR_ANTIRREBOTE:inst11|inst32 ; ANTIRREBOTE:inst7|CONTADOR_ANTIRREBOTE:inst11|inst50 ; CLOCK_50     ; CLOCK_50    ; 1.000        ; -0.068     ; 1.762      ;
; -0.829 ; ANTIRREBOTE:inst7|CONTADOR_ANTIRREBOTE:inst11|inst18 ; ANTIRREBOTE:inst7|CONTADOR_ANTIRREBOTE:inst11|inst26 ; CLOCK_50     ; CLOCK_50    ; 1.000        ; -0.054     ; 1.770      ;
; -0.828 ; ANTIRREBOTE:inst7|CONTADOR_ANTIRREBOTE:inst11|inst22 ; ANTIRREBOTE:inst7|CONTADOR_ANTIRREBOTE:inst11|inst44 ; CLOCK_50     ; CLOCK_50    ; 1.000        ; 0.260      ; 2.083      ;
; -0.828 ; ANTIRREBOTE:inst7|CONTADOR_ANTIRREBOTE:inst11|inst18 ; ANTIRREBOTE:inst7|CONTADOR_ANTIRREBOTE:inst11|inst30 ; CLOCK_50     ; CLOCK_50    ; 1.000        ; -0.054     ; 1.769      ;
; -0.825 ; ANTIRREBOTE:inst7|CONTADOR_ANTIRREBOTE:inst11|inst22 ; ANTIRREBOTE:inst7|CONTADOR_ANTIRREBOTE:inst11|inst46 ; CLOCK_50     ; CLOCK_50    ; 1.000        ; 0.260      ; 2.080      ;
; -0.824 ; ANTIRREBOTE:inst7|CONTADOR_ANTIRREBOTE:inst11|inst22 ; ANTIRREBOTE:inst7|CONTADOR_ANTIRREBOTE:inst11|inst48 ; CLOCK_50     ; CLOCK_50    ; 1.000        ; 0.260      ; 2.079      ;
; -0.765 ; ANTIRREBOTE:inst7|CONTADOR_ANTIRREBOTE:inst11|inst13 ; ANTIRREBOTE:inst7|CONTADOR_ANTIRREBOTE:inst11|inst26 ; CLOCK_50     ; CLOCK_50    ; 1.000        ; -0.054     ; 1.706      ;
; -0.764 ; ANTIRREBOTE:inst7|CONTADOR_ANTIRREBOTE:inst11|inst13 ; ANTIRREBOTE:inst7|CONTADOR_ANTIRREBOTE:inst11|inst30 ; CLOCK_50     ; CLOCK_50    ; 1.000        ; -0.054     ; 1.705      ;
; -0.747 ; ANTIRREBOTE:inst7|CONTADOR_ANTIRREBOTE:inst11|inst20 ; ANTIRREBOTE:inst7|CONTADOR_ANTIRREBOTE:inst11|inst36 ; CLOCK_50     ; CLOCK_50    ; 1.000        ; -0.055     ; 1.687      ;
; -0.740 ; ANTIRREBOTE:inst7|CONTADOR_ANTIRREBOTE:inst11|inst20 ; ANTIRREBOTE:inst7|CONTADOR_ANTIRREBOTE:inst11|inst38 ; CLOCK_50     ; CLOCK_50    ; 1.000        ; 0.260      ; 1.995      ;
; -0.740 ; ANTIRREBOTE:inst7|CONTADOR_ANTIRREBOTE:inst11|inst24 ; ANTIRREBOTE:inst7|CONTADOR_ANTIRREBOTE:inst11|inst36 ; CLOCK_50     ; CLOCK_50    ; 1.000        ; -0.055     ; 1.680      ;
; -0.738 ; ANTIRREBOTE:inst7|CONTADOR_ANTIRREBOTE:inst11|inst20 ; ANTIRREBOTE:inst7|CONTADOR_ANTIRREBOTE:inst11|inst40 ; CLOCK_50     ; CLOCK_50    ; 1.000        ; 0.260      ; 1.993      ;
; -0.737 ; ANTIRREBOTE:inst7|CONTADOR_ANTIRREBOTE:inst11|inst20 ; ANTIRREBOTE:inst7|CONTADOR_ANTIRREBOTE:inst11|inst42 ; CLOCK_50     ; CLOCK_50    ; 1.000        ; 0.260      ; 1.992      ;
; -0.733 ; ANTIRREBOTE:inst7|CONTADOR_ANTIRREBOTE:inst11|inst24 ; ANTIRREBOTE:inst7|CONTADOR_ANTIRREBOTE:inst11|inst38 ; CLOCK_50     ; CLOCK_50    ; 1.000        ; 0.260      ; 1.988      ;
; -0.731 ; ANTIRREBOTE:inst7|CONTADOR_ANTIRREBOTE:inst11|inst24 ; ANTIRREBOTE:inst7|CONTADOR_ANTIRREBOTE:inst11|inst40 ; CLOCK_50     ; CLOCK_50    ; 1.000        ; 0.260      ; 1.986      ;
; -0.730 ; ANTIRREBOTE:inst7|CONTADOR_ANTIRREBOTE:inst11|inst24 ; ANTIRREBOTE:inst7|CONTADOR_ANTIRREBOTE:inst11|inst42 ; CLOCK_50     ; CLOCK_50    ; 1.000        ; 0.260      ; 1.985      ;
; -0.727 ; ANTIRREBOTE:inst7|CONTADOR_ANTIRREBOTE:inst11|inst34 ; ANTIRREBOTE:inst7|CONTADOR_ANTIRREBOTE:inst11|inst52 ; CLOCK_50     ; CLOCK_50    ; 1.000        ; -0.068     ; 1.654      ;
; -0.726 ; ANTIRREBOTE:inst7|CONTADOR_ANTIRREBOTE:inst11|inst34 ; ANTIRREBOTE:inst7|CONTADOR_ANTIRREBOTE:inst11|inst50 ; CLOCK_50     ; CLOCK_50    ; 1.000        ; -0.068     ; 1.653      ;
; -0.708 ; ANTIRREBOTE:inst7|CONTADOR_ANTIRREBOTE:inst11|inst16 ; ANTIRREBOTE:inst7|CONTADOR_ANTIRREBOTE:inst11|inst44 ; CLOCK_50     ; CLOCK_50    ; 1.000        ; 0.260      ; 1.963      ;
; -0.705 ; ANTIRREBOTE:inst7|CONTADOR_ANTIRREBOTE:inst11|inst16 ; ANTIRREBOTE:inst7|CONTADOR_ANTIRREBOTE:inst11|inst46 ; CLOCK_50     ; CLOCK_50    ; 1.000        ; 0.260      ; 1.960      ;
; -0.704 ; ANTIRREBOTE:inst7|CONTADOR_ANTIRREBOTE:inst11|inst16 ; ANTIRREBOTE:inst7|CONTADOR_ANTIRREBOTE:inst11|inst48 ; CLOCK_50     ; CLOCK_50    ; 1.000        ; 0.260      ; 1.959      ;
; -0.660 ; ANTIRREBOTE:inst7|CONTADOR_ANTIRREBOTE:inst11|inst26 ; ANTIRREBOTE:inst7|CONTADOR_ANTIRREBOTE:inst11|inst36 ; CLOCK_50     ; CLOCK_50    ; 1.000        ; -0.055     ; 1.600      ;
; -0.655 ; ANTIRREBOTE:inst7|CONTADOR_ANTIRREBOTE:inst11|inst28 ; ANTIRREBOTE:inst7|CONTADOR_ANTIRREBOTE:inst11|inst36 ; CLOCK_50     ; CLOCK_50    ; 1.000        ; -0.382     ; 1.268      ;
; -0.653 ; ANTIRREBOTE:inst7|CONTADOR_ANTIRREBOTE:inst11|inst26 ; ANTIRREBOTE:inst7|CONTADOR_ANTIRREBOTE:inst11|inst38 ; CLOCK_50     ; CLOCK_50    ; 1.000        ; 0.260      ; 1.908      ;
; -0.651 ; ANTIRREBOTE:inst7|CONTADOR_ANTIRREBOTE:inst11|inst26 ; ANTIRREBOTE:inst7|CONTADOR_ANTIRREBOTE:inst11|inst40 ; CLOCK_50     ; CLOCK_50    ; 1.000        ; 0.260      ; 1.906      ;
; -0.650 ; ANTIRREBOTE:inst7|CONTADOR_ANTIRREBOTE:inst11|inst26 ; ANTIRREBOTE:inst7|CONTADOR_ANTIRREBOTE:inst11|inst42 ; CLOCK_50     ; CLOCK_50    ; 1.000        ; 0.260      ; 1.905      ;
; -0.648 ; ANTIRREBOTE:inst7|CONTADOR_ANTIRREBOTE:inst11|inst28 ; ANTIRREBOTE:inst7|CONTADOR_ANTIRREBOTE:inst11|inst38 ; CLOCK_50     ; CLOCK_50    ; 1.000        ; -0.067     ; 1.576      ;
; -0.646 ; ANTIRREBOTE:inst7|CONTADOR_ANTIRREBOTE:inst11|inst28 ; ANTIRREBOTE:inst7|CONTADOR_ANTIRREBOTE:inst11|inst40 ; CLOCK_50     ; CLOCK_50    ; 1.000        ; -0.067     ; 1.574      ;
; -0.645 ; ANTIRREBOTE:inst7|CONTADOR_ANTIRREBOTE:inst11|inst28 ; ANTIRREBOTE:inst7|CONTADOR_ANTIRREBOTE:inst11|inst42 ; CLOCK_50     ; CLOCK_50    ; 1.000        ; -0.067     ; 1.573      ;
; -0.640 ; ANTIRREBOTE:inst7|CONTADOR_ANTIRREBOTE:inst11|inst14 ; ANTIRREBOTE:inst7|CONTADOR_ANTIRREBOTE:inst11|inst36 ; CLOCK_50     ; CLOCK_50    ; 1.000        ; -0.055     ; 1.580      ;
; -0.633 ; ANTIRREBOTE:inst7|CONTADOR_ANTIRREBOTE:inst11|inst14 ; ANTIRREBOTE:inst7|CONTADOR_ANTIRREBOTE:inst11|inst38 ; CLOCK_50     ; CLOCK_50    ; 1.000        ; 0.260      ; 1.888      ;
; -0.631 ; ANTIRREBOTE:inst7|CONTADOR_ANTIRREBOTE:inst11|inst14 ; ANTIRREBOTE:inst7|CONTADOR_ANTIRREBOTE:inst11|inst40 ; CLOCK_50     ; CLOCK_50    ; 1.000        ; 0.260      ; 1.886      ;
; -0.630 ; ANTIRREBOTE:inst7|CONTADOR_ANTIRREBOTE:inst11|inst14 ; ANTIRREBOTE:inst7|CONTADOR_ANTIRREBOTE:inst11|inst42 ; CLOCK_50     ; CLOCK_50    ; 1.000        ; 0.260      ; 1.885      ;
; -0.627 ; ANTIRREBOTE:inst7|CONTADOR_ANTIRREBOTE:inst11|inst16 ; ANTIRREBOTE:inst7|CONTADOR_ANTIRREBOTE:inst11|inst26 ; CLOCK_50     ; CLOCK_50    ; 1.000        ; -0.054     ; 1.568      ;
; -0.626 ; ANTIRREBOTE:inst7|CONTADOR_ANTIRREBOTE:inst11|inst16 ; ANTIRREBOTE:inst7|CONTADOR_ANTIRREBOTE:inst11|inst30 ; CLOCK_50     ; CLOCK_50    ; 1.000        ; -0.054     ; 1.567      ;
; -0.622 ; ANTIRREBOTE:inst7|CONTADOR_ANTIRREBOTE:inst11|inst30 ; ANTIRREBOTE:inst7|CONTADOR_ANTIRREBOTE:inst11|inst44 ; CLOCK_50     ; CLOCK_50    ; 1.000        ; 0.260      ; 1.877      ;
; -0.619 ; ANTIRREBOTE:inst7|CONTADOR_ANTIRREBOTE:inst11|inst30 ; ANTIRREBOTE:inst7|CONTADOR_ANTIRREBOTE:inst11|inst46 ; CLOCK_50     ; CLOCK_50    ; 1.000        ; 0.260      ; 1.874      ;
; -0.618 ; ANTIRREBOTE:inst7|CONTADOR_ANTIRREBOTE:inst11|inst30 ; ANTIRREBOTE:inst7|CONTADOR_ANTIRREBOTE:inst11|inst48 ; CLOCK_50     ; CLOCK_50    ; 1.000        ; 0.260      ; 1.873      ;
; -0.614 ; ANTIRREBOTE:inst7|CONTADOR_ANTIRREBOTE:inst11|inst18 ; ANTIRREBOTE:inst7|CONTADOR_ANTIRREBOTE:inst11|inst36 ; CLOCK_50     ; CLOCK_50    ; 1.000        ; -0.055     ; 1.554      ;
; -0.610 ; ANTIRREBOTE:inst7|CONTADOR_ANTIRREBOTE:inst11|inst14 ; ANTIRREBOTE:inst7|CONTADOR_ANTIRREBOTE:inst11|inst22 ; CLOCK_50     ; CLOCK_50    ; 1.000        ; -0.054     ; 1.551      ;
; -0.607 ; ANTIRREBOTE:inst7|CONTADOR_ANTIRREBOTE:inst11|inst18 ; ANTIRREBOTE:inst7|CONTADOR_ANTIRREBOTE:inst11|inst38 ; CLOCK_50     ; CLOCK_50    ; 1.000        ; 0.260      ; 1.862      ;
; -0.606 ; ANTIRREBOTE:inst7|CONTADOR_ANTIRREBOTE:inst11|inst14 ; ANTIRREBOTE:inst7|CONTADOR_ANTIRREBOTE:inst11|inst20 ; CLOCK_50     ; CLOCK_50    ; 1.000        ; -0.054     ; 1.547      ;
; -0.605 ; ANTIRREBOTE:inst7|CONTADOR_ANTIRREBOTE:inst11|inst18 ; ANTIRREBOTE:inst7|CONTADOR_ANTIRREBOTE:inst11|inst40 ; CLOCK_50     ; CLOCK_50    ; 1.000        ; 0.260      ; 1.860      ;
; -0.604 ; ANTIRREBOTE:inst7|CONTADOR_ANTIRREBOTE:inst11|inst18 ; ANTIRREBOTE:inst7|CONTADOR_ANTIRREBOTE:inst11|inst42 ; CLOCK_50     ; CLOCK_50    ; 1.000        ; 0.260      ; 1.859      ;
; -0.584 ; ANTIRREBOTE:inst7|CONTADOR_ANTIRREBOTE:inst11|inst18 ; ANTIRREBOTE:inst7|CONTADOR_ANTIRREBOTE:inst11|inst22 ; CLOCK_50     ; CLOCK_50    ; 1.000        ; -0.054     ; 1.525      ;
; -0.580 ; ANTIRREBOTE:inst7|CONTADOR_ANTIRREBOTE:inst11|inst36 ; ANTIRREBOTE:inst7|CONTADOR_ANTIRREBOTE:inst11|inst52 ; CLOCK_50     ; CLOCK_50    ; 1.000        ; 0.260      ; 1.835      ;
; -0.580 ; ANTIRREBOTE:inst7|CONTADOR_ANTIRREBOTE:inst11|inst18 ; ANTIRREBOTE:inst7|CONTADOR_ANTIRREBOTE:inst11|inst20 ; CLOCK_50     ; CLOCK_50    ; 1.000        ; -0.054     ; 1.521      ;
; -0.579 ; ANTIRREBOTE:inst7|CONTADOR_ANTIRREBOTE:inst11|inst36 ; ANTIRREBOTE:inst7|CONTADOR_ANTIRREBOTE:inst11|inst50 ; CLOCK_50     ; CLOCK_50    ; 1.000        ; 0.260      ; 1.834      ;
; -0.567 ; ANTIRREBOTE:inst7|CONTADOR_ANTIRREBOTE:inst11|inst14 ; ANTIRREBOTE:inst7|CONTADOR_ANTIRREBOTE:inst11|inst24 ; CLOCK_50     ; CLOCK_50    ; 1.000        ; -0.054     ; 1.508      ;
; -0.550 ; ANTIRREBOTE:inst7|CONTADOR_ANTIRREBOTE:inst11|inst13 ; ANTIRREBOTE:inst7|CONTADOR_ANTIRREBOTE:inst11|inst36 ; CLOCK_50     ; CLOCK_50    ; 1.000        ; -0.055     ; 1.490      ;
; -0.548 ; ANTIRREBOTE:inst7|CONTADOR_ANTIRREBOTE:inst11|inst32 ; ANTIRREBOTE:inst7|CONTADOR_ANTIRREBOTE:inst11|inst44 ; CLOCK_50     ; CLOCK_50    ; 1.000        ; -0.068     ; 1.475      ;
; -0.545 ; ANTIRREBOTE:inst7|CONTADOR_ANTIRREBOTE:inst11|inst14 ; ANTIRREBOTE:inst7|CONTADOR_ANTIRREBOTE:inst11|inst28 ; CLOCK_50     ; CLOCK_50    ; 1.000        ; 0.259      ; 1.799      ;
; -0.545 ; ANTIRREBOTE:inst7|CONTADOR_ANTIRREBOTE:inst11|inst32 ; ANTIRREBOTE:inst7|CONTADOR_ANTIRREBOTE:inst11|inst46 ; CLOCK_50     ; CLOCK_50    ; 1.000        ; -0.068     ; 1.472      ;
; -0.544 ; ANTIRREBOTE:inst7|CONTADOR_ANTIRREBOTE:inst11|inst32 ; ANTIRREBOTE:inst7|CONTADOR_ANTIRREBOTE:inst11|inst48 ; CLOCK_50     ; CLOCK_50    ; 1.000        ; -0.068     ; 1.471      ;
+--------+------------------------------------------------------+------------------------------------------------------+--------------+-------------+--------------+------------+------------+


+-----------------------------------------------------------------------------------------------------------------------------------------------------------------------------------------------+
; Slow 1200mV 0C Model Setup: 'CONTADOR_RIZO:inst|FFD:inst|inst'                                                                                                                                ;
+-------+-----------------------------------+-----------------------------------+-----------------------------------+----------------------------------+--------------+------------+------------+
; Slack ; From Node                         ; To Node                           ; Launch Clock                      ; Latch Clock                      ; Relationship ; Clock Skew ; Data Delay ;
+-------+-----------------------------------+-----------------------------------+-----------------------------------+----------------------------------+--------------+------------+------------+
; 0.386 ; CONTADOR_RIZO:inst|FFD:inst1|inst ; CONTADOR_RIZO:inst|FFD:inst1|inst ; CONTADOR_RIZO:inst|FFD:inst1|inst ; CONTADOR_RIZO:inst|FFD:inst|inst ; 0.500        ; 0.802      ; 1.111      ;
; 0.824 ; CONTADOR_RIZO:inst|FFD:inst1|inst ; CONTADOR_RIZO:inst|FFD:inst1|inst ; CONTADOR_RIZO:inst|FFD:inst1|inst ; CONTADOR_RIZO:inst|FFD:inst|inst ; 1.000        ; 0.802      ; 1.173      ;
+-------+-----------------------------------+-----------------------------------+-----------------------------------+----------------------------------+--------------+------------+------------+


+------------------------------------------------------------------------------------------------------------------------------------------------------------------------------------------------+
; Slow 1200mV 0C Model Setup: 'CONTADOR_RIZO:inst|FFD:inst1|inst'                                                                                                                                ;
+-------+-----------------------------------+-----------------------------------+-----------------------------------+-----------------------------------+--------------+------------+------------+
; Slack ; From Node                         ; To Node                           ; Launch Clock                      ; Latch Clock                       ; Relationship ; Clock Skew ; Data Delay ;
+-------+-----------------------------------+-----------------------------------+-----------------------------------+-----------------------------------+--------------+------------+------------+
; 0.398 ; CONTADOR_RIZO:inst|FFD:inst2|inst ; CONTADOR_RIZO:inst|FFD:inst2|inst ; CONTADOR_RIZO:inst|FFD:inst1|inst ; CONTADOR_RIZO:inst|FFD:inst1|inst ; 1.000        ; -0.034     ; 0.583      ;
+-------+-----------------------------------+-----------------------------------+-----------------------------------+-----------------------------------+--------------+------------+------------+


+------------------------------------------------------------------------------------------------------------------------------------------------------------------------------------------------------------------------------------------------------------------------+
; Slow 1200mV 0C Model Hold: 'ANTIRREBOTE:inst7|inst10'                                                                                                                                                                                                                  ;
+--------+---------------------------------------------------------------------------------------------------------------------+----------------------------------+----------------------------------+--------------------------+--------------+------------+------------+
; Slack  ; From Node                                                                                                           ; To Node                          ; Launch Clock                     ; Latch Clock              ; Relationship ; Clock Skew ; Data Delay ;
+--------+---------------------------------------------------------------------------------------------------------------------+----------------------------------+----------------------------------+--------------------------+--------------+------------+------------+
; -0.248 ; CONTADOR_RIZO:inst|FFD:inst|inst                                                                                    ; CONTADOR_RIZO:inst|FFD:inst|inst ; CONTADOR_RIZO:inst|FFD:inst|inst ; ANTIRREBOTE:inst7|inst10 ; 0.000        ; 2.544      ; 2.630      ;
; 0.290  ; CONTADOR_RIZO:inst|FFD:inst|inst                                                                                    ; CONTADOR_RIZO:inst|FFD:inst|inst ; CONTADOR_RIZO:inst|FFD:inst|inst ; ANTIRREBOTE:inst7|inst10 ; -0.500       ; 2.544      ; 2.668      ;
; 0.771  ; REG8BIT:inst3|FFD:inst2|inst                                                                                        ; REG8BIT:inst3|FFD:inst2|inst     ; ANTIRREBOTE:inst7|inst10         ; ANTIRREBOTE:inst7|inst10 ; 0.000        ; 0.067      ; 0.982      ;
; 0.791  ; REG8BIT:inst3|FFD:inst1|inst                                                                                        ; REG8BIT:inst3|FFD:inst1|inst     ; ANTIRREBOTE:inst7|inst10         ; ANTIRREBOTE:inst7|inst10 ; 0.000        ; 0.054      ; 0.989      ;
; 0.877  ; REG8BIT:inst3|FFD:inst3|inst                                                                                        ; REG8BIT:inst3|FFD:inst3|inst     ; ANTIRREBOTE:inst7|inst10         ; ANTIRREBOTE:inst7|inst10 ; 0.000        ; 0.067      ; 1.088      ;
; 0.943  ; REG8BIT:inst3|FFD:inst8|inst                                                                                        ; REG8BIT:inst3|FFD:inst8|inst     ; ANTIRREBOTE:inst7|inst10         ; ANTIRREBOTE:inst7|inst10 ; 0.000        ; 0.054      ; 1.141      ;
; 1.036  ; REG8BIT:inst3|FFD:inst3|inst                                                                                        ; REG8BIT:inst3|FFD:inst7|inst     ; ANTIRREBOTE:inst7|inst10         ; ANTIRREBOTE:inst7|inst10 ; 0.000        ; 0.067      ; 1.247      ;
; 1.052  ; REG8BIT:inst3|FFD:inst7|inst                                                                                        ; REG8BIT:inst3|FFD:inst7|inst     ; ANTIRREBOTE:inst7|inst10         ; ANTIRREBOTE:inst7|inst10 ; 0.000        ; 0.067      ; 1.263      ;
; 1.121  ; REG8BIT:inst3|FFD:inst7|inst                                                                                        ; REG8BIT:inst3|FFD:inst4|inst     ; ANTIRREBOTE:inst7|inst10         ; ANTIRREBOTE:inst7|inst10 ; 0.000        ; 0.067      ; 1.332      ;
; 1.228  ; REG8BIT:inst3|FFD:inst3|inst                                                                                        ; REG8BIT:inst3|FFD:inst4|inst     ; ANTIRREBOTE:inst7|inst10         ; ANTIRREBOTE:inst7|inst10 ; 0.000        ; 0.067      ; 1.439      ;
; 1.260  ; REG8BIT:inst3|FFD:inst5|inst                                                                                        ; REG8BIT:inst3|FFD:inst5|inst     ; ANTIRREBOTE:inst7|inst10         ; ANTIRREBOTE:inst7|inst10 ; 0.000        ; 0.054      ; 1.458      ;
; 1.283  ; REG8BIT:inst3|FFD:inst2|inst                                                                                        ; REG8BIT:inst3|FFD:inst3|inst     ; ANTIRREBOTE:inst7|inst10         ; ANTIRREBOTE:inst7|inst10 ; 0.000        ; 0.067      ; 1.494      ;
; 1.293  ; REG8BIT:inst3|FFD:inst8|inst                                                                                        ; REG8BIT:inst3|FFD:inst2|inst     ; ANTIRREBOTE:inst7|inst10         ; ANTIRREBOTE:inst7|inst10 ; 0.000        ; 0.382      ; 1.819      ;
; 1.336  ; REG8BIT:inst3|FFD:inst1|inst                                                                                        ; REG8BIT:inst3|FFD:inst3|inst     ; ANTIRREBOTE:inst7|inst10         ; ANTIRREBOTE:inst7|inst10 ; 0.000        ; 0.382      ; 1.862      ;
; 1.347  ; REG8BIT:inst3|FFD:inst5|inst                                                                                        ; REG8BIT:inst3|FFD:inst2|inst     ; ANTIRREBOTE:inst7|inst10         ; ANTIRREBOTE:inst7|inst10 ; 0.000        ; 0.384      ; 1.875      ;
; 1.381  ; REG8BIT:inst3|FFD:inst4|inst                                                                                        ; REG8BIT:inst3|FFD:inst4|inst     ; ANTIRREBOTE:inst7|inst10         ; ANTIRREBOTE:inst7|inst10 ; 0.000        ; 0.067      ; 1.592      ;
; 1.426  ; REG8BIT:inst3|FFD:inst8|inst                                                                                        ; REG8BIT:inst3|FFD:inst3|inst     ; ANTIRREBOTE:inst7|inst10         ; ANTIRREBOTE:inst7|inst10 ; 0.000        ; 0.382      ; 1.952      ;
; 1.480  ; REG8BIT:inst3|FFD:inst6|inst                                                                                        ; REG8BIT:inst3|FFD:inst6|inst     ; ANTIRREBOTE:inst7|inst10         ; ANTIRREBOTE:inst7|inst10 ; 0.000        ; 0.054      ; 1.678      ;
; 1.480  ; REG8BIT:inst3|FFD:inst5|inst                                                                                        ; REG8BIT:inst3|FFD:inst3|inst     ; ANTIRREBOTE:inst7|inst10         ; ANTIRREBOTE:inst7|inst10 ; 0.000        ; 0.384      ; 2.008      ;
; 1.506  ; REG8BIT:inst3|FFD:inst5|inst                                                                                        ; REG8BIT:inst3|FFD:inst6|inst     ; ANTIRREBOTE:inst7|inst10         ; ANTIRREBOTE:inst7|inst10 ; 0.000        ; 0.056      ; 1.706      ;
; 1.508  ; REG8BIT:inst3|FFD:inst2|inst                                                                                        ; REG8BIT:inst3|FFD:inst7|inst     ; ANTIRREBOTE:inst7|inst10         ; ANTIRREBOTE:inst7|inst10 ; 0.000        ; 0.067      ; 1.719      ;
; 1.528  ; REG8BIT:inst3|FFD:inst1|inst                                                                                        ; REG8BIT:inst3|FFD:inst2|inst     ; ANTIRREBOTE:inst7|inst10         ; ANTIRREBOTE:inst7|inst10 ; 0.000        ; 0.382      ; 2.054      ;
; 1.537  ; REG8BIT:inst3|FFD:inst6|inst                                                                                        ; REG8BIT:inst3|FFD:inst2|inst     ; ANTIRREBOTE:inst7|inst10         ; ANTIRREBOTE:inst7|inst10 ; 0.000        ; 0.382      ; 2.063      ;
; 1.561  ; REG8BIT:inst3|FFD:inst1|inst                                                                                        ; REG8BIT:inst3|FFD:inst7|inst     ; ANTIRREBOTE:inst7|inst10         ; ANTIRREBOTE:inst7|inst10 ; 0.000        ; 0.382      ; 2.087      ;
; 1.651  ; REG8BIT:inst3|FFD:inst8|inst                                                                                        ; REG8BIT:inst3|FFD:inst7|inst     ; ANTIRREBOTE:inst7|inst10         ; ANTIRREBOTE:inst7|inst10 ; 0.000        ; 0.382      ; 2.177      ;
; 1.670  ; REG8BIT:inst3|FFD:inst6|inst                                                                                        ; REG8BIT:inst3|FFD:inst3|inst     ; ANTIRREBOTE:inst7|inst10         ; ANTIRREBOTE:inst7|inst10 ; 0.000        ; 0.382      ; 2.196      ;
; 1.688  ; REG8BIT:inst3|FFD:inst5|inst                                                                                        ; REG8BIT:inst3|FFD:inst8|inst     ; ANTIRREBOTE:inst7|inst10         ; ANTIRREBOTE:inst7|inst10 ; 0.000        ; 0.056      ; 1.888      ;
; 1.701  ; REG8BIT:inst3|FFD:inst2|inst                                                                                        ; REG8BIT:inst3|FFD:inst4|inst     ; ANTIRREBOTE:inst7|inst10         ; ANTIRREBOTE:inst7|inst10 ; 0.000        ; 0.067      ; 1.912      ;
; 1.705  ; REG8BIT:inst3|FFD:inst5|inst                                                                                        ; REG8BIT:inst3|FFD:inst7|inst     ; ANTIRREBOTE:inst7|inst10         ; ANTIRREBOTE:inst7|inst10 ; 0.000        ; 0.384      ; 2.233      ;
; 1.724  ; REG8BIT:inst3|FFD:inst8|inst                                                                                        ; REG8BIT:inst3|FFD:inst1|inst     ; ANTIRREBOTE:inst7|inst10         ; ANTIRREBOTE:inst7|inst10 ; 0.000        ; 0.054      ; 1.922      ;
; 1.754  ; REG8BIT:inst3|FFD:inst1|inst                                                                                        ; REG8BIT:inst3|FFD:inst4|inst     ; ANTIRREBOTE:inst7|inst10         ; ANTIRREBOTE:inst7|inst10 ; 0.000        ; 0.382      ; 2.280      ;
; 1.791  ; REG8BIT:inst3|FFD:inst5|inst                                                                                        ; REG8BIT:inst3|FFD:inst1|inst     ; ANTIRREBOTE:inst7|inst10         ; ANTIRREBOTE:inst7|inst10 ; 0.000        ; 0.056      ; 1.991      ;
; 1.844  ; REG8BIT:inst3|FFD:inst8|inst                                                                                        ; REG8BIT:inst3|FFD:inst4|inst     ; ANTIRREBOTE:inst7|inst10         ; ANTIRREBOTE:inst7|inst10 ; 0.000        ; 0.382      ; 2.370      ;
; 1.895  ; REG8BIT:inst3|FFD:inst6|inst                                                                                        ; REG8BIT:inst3|FFD:inst7|inst     ; ANTIRREBOTE:inst7|inst10         ; ANTIRREBOTE:inst7|inst10 ; 0.000        ; 0.382      ; 2.421      ;
; 1.898  ; REG8BIT:inst3|FFD:inst5|inst                                                                                        ; REG8BIT:inst3|FFD:inst4|inst     ; ANTIRREBOTE:inst7|inst10         ; ANTIRREBOTE:inst7|inst10 ; 0.000        ; 0.384      ; 2.426      ;
; 1.899  ; REG8BIT:inst3|FFD:inst6|inst                                                                                        ; REG8BIT:inst3|FFD:inst8|inst     ; ANTIRREBOTE:inst7|inst10         ; ANTIRREBOTE:inst7|inst10 ; 0.000        ; 0.054      ; 2.097      ;
; 1.912  ; REG8BIT:inst3|FFD:inst6|inst                                                                                        ; REG8BIT:inst3|FFD:inst1|inst     ; ANTIRREBOTE:inst7|inst10         ; ANTIRREBOTE:inst7|inst10 ; 0.000        ; 0.054      ; 2.110      ;
; 2.088  ; REG8BIT:inst3|FFD:inst6|inst                                                                                        ; REG8BIT:inst3|FFD:inst4|inst     ; ANTIRREBOTE:inst7|inst10         ; ANTIRREBOTE:inst7|inst10 ; 0.000        ; 0.382      ; 2.614      ;
; 2.340  ; ROM:inst1|miROM:inst|altsyncram:altsyncram_component|altsyncram_3nr3:auto_generated|ram_block1a0~porta_address_reg0 ; REG8BIT:inst3|FFD:inst4|inst     ; CLOCK_50                         ; ANTIRREBOTE:inst7|inst10 ; 0.000        ; 0.490      ; 3.004      ;
; 2.356  ; ROM:inst1|miROM:inst|altsyncram:altsyncram_component|altsyncram_3nr3:auto_generated|ram_block1a0~porta_address_reg0 ; REG8BIT:inst3|FFD:inst7|inst     ; CLOCK_50                         ; ANTIRREBOTE:inst7|inst10 ; 0.000        ; 0.490      ; 3.020      ;
; 2.542  ; ROM:inst1|miROM:inst|altsyncram:altsyncram_component|altsyncram_3nr3:auto_generated|ram_block1a0~porta_address_reg0 ; REG8BIT:inst3|FFD:inst3|inst     ; CLOCK_50                         ; ANTIRREBOTE:inst7|inst10 ; 0.000        ; 0.490      ; 3.206      ;
; 2.554  ; ROM:inst1|miROM:inst|altsyncram:altsyncram_component|altsyncram_3nr3:auto_generated|ram_block1a0~porta_address_reg0 ; REG8BIT:inst3|FFD:inst2|inst     ; CLOCK_50                         ; ANTIRREBOTE:inst7|inst10 ; 0.000        ; 0.490      ; 3.218      ;
; 2.727  ; ROM:inst1|miROM:inst|altsyncram:altsyncram_component|altsyncram_3nr3:auto_generated|ram_block1a0~porta_address_reg0 ; REG8BIT:inst3|FFD:inst5|inst     ; CLOCK_50                         ; ANTIRREBOTE:inst7|inst10 ; 0.000        ; 0.160      ; 3.061      ;
; 2.773  ; ROM:inst1|miROM:inst|altsyncram:altsyncram_component|altsyncram_3nr3:auto_generated|ram_block1a0~porta_address_reg0 ; REG8BIT:inst3|FFD:inst1|inst     ; CLOCK_50                         ; ANTIRREBOTE:inst7|inst10 ; 0.000        ; 0.162      ; 3.109      ;
; 2.834  ; ROM:inst1|miROM:inst|altsyncram:altsyncram_component|altsyncram_3nr3:auto_generated|ram_block1a0~porta_address_reg0 ; REG8BIT:inst3|FFD:inst6|inst     ; CLOCK_50                         ; ANTIRREBOTE:inst7|inst10 ; 0.000        ; 0.162      ; 3.170      ;
; 2.838  ; ROM:inst1|miROM:inst|altsyncram:altsyncram_component|altsyncram_3nr3:auto_generated|ram_block1a0~porta_address_reg0 ; REG8BIT:inst3|FFD:inst8|inst     ; CLOCK_50                         ; ANTIRREBOTE:inst7|inst10 ; 0.000        ; 0.162      ; 3.174      ;
+--------+---------------------------------------------------------------------------------------------------------------------+----------------------------------+----------------------------------+--------------------------+--------------+------------+------------+


+--------------------------------------------------------------------------------------------------------------------------------------------------------------------------------------------------------------------------------------------------------------------------------+
; Slow 1200mV 0C Model Hold: 'CLOCK_50'                                                                                                                                                                                                                                          ;
+--------+------------------------------------------------------+---------------------------------------------------------------------------------------------------------------------+-----------------------------------+-------------+--------------+------------+------------+
; Slack  ; From Node                                            ; To Node                                                                                                             ; Launch Clock                      ; Latch Clock ; Relationship ; Clock Skew ; Data Delay ;
+--------+------------------------------------------------------+---------------------------------------------------------------------------------------------------------------------+-----------------------------------+-------------+--------------+------------+------------+
; -0.068 ; ANTIRREBOTE:inst7|inst10                             ; ANTIRREBOTE:inst7|inst10                                                                                            ; ANTIRREBOTE:inst7|inst10          ; CLOCK_50    ; 0.000        ; 2.186      ; 2.472      ;
; -0.015 ; CONTADOR_RIZO:inst|FFD:inst|inst                     ; ROM:inst1|miROM:inst|altsyncram:altsyncram_component|altsyncram_3nr3:auto_generated|ram_block1a0~porta_address_reg0 ; CONTADOR_RIZO:inst|FFD:inst|inst  ; CLOCK_50    ; 0.000        ; 2.459      ; 2.813      ;
; 0.023  ; CONTADOR_RIZO:inst|FFD:inst1|inst                    ; ROM:inst1|miROM:inst|altsyncram:altsyncram_component|altsyncram_3nr3:auto_generated|ram_block1a0~porta_address_reg0 ; CONTADOR_RIZO:inst|FFD:inst1|inst ; CLOCK_50    ; 0.000        ; 2.459      ; 2.851      ;
; 0.299  ; ANTIRREBOTE:inst7|CONTADOR_ANTIRREBOTE:inst11|inst28 ; ANTIRREBOTE:inst7|CONTADOR_ANTIRREBOTE:inst11|inst28                                                                ; CLOCK_50                          ; CLOCK_50    ; 0.000        ; 0.068      ; 0.511      ;
; 0.299  ; ANTIRREBOTE:inst7|CONTADOR_ANTIRREBOTE:inst11|inst32 ; ANTIRREBOTE:inst7|CONTADOR_ANTIRREBOTE:inst11|inst32                                                                ; CLOCK_50                          ; CLOCK_50    ; 0.000        ; 0.068      ; 0.511      ;
; 0.299  ; ANTIRREBOTE:inst7|CONTADOR_ANTIRREBOTE:inst11|inst34 ; ANTIRREBOTE:inst7|CONTADOR_ANTIRREBOTE:inst11|inst34                                                                ; CLOCK_50                          ; CLOCK_50    ; 0.000        ; 0.068      ; 0.511      ;
; 0.299  ; ANTIRREBOTE:inst7|CONTADOR_ANTIRREBOTE:inst11|inst38 ; ANTIRREBOTE:inst7|CONTADOR_ANTIRREBOTE:inst11|inst38                                                                ; CLOCK_50                          ; CLOCK_50    ; 0.000        ; 0.068      ; 0.511      ;
; 0.299  ; ANTIRREBOTE:inst7|CONTADOR_ANTIRREBOTE:inst11|inst40 ; ANTIRREBOTE:inst7|CONTADOR_ANTIRREBOTE:inst11|inst40                                                                ; CLOCK_50                          ; CLOCK_50    ; 0.000        ; 0.068      ; 0.511      ;
; 0.299  ; ANTIRREBOTE:inst7|CONTADOR_ANTIRREBOTE:inst11|inst42 ; ANTIRREBOTE:inst7|CONTADOR_ANTIRREBOTE:inst11|inst42                                                                ; CLOCK_50                          ; CLOCK_50    ; 0.000        ; 0.068      ; 0.511      ;
; 0.299  ; ANTIRREBOTE:inst7|CONTADOR_ANTIRREBOTE:inst11|inst44 ; ANTIRREBOTE:inst7|CONTADOR_ANTIRREBOTE:inst11|inst44                                                                ; CLOCK_50                          ; CLOCK_50    ; 0.000        ; 0.068      ; 0.511      ;
; 0.299  ; ANTIRREBOTE:inst7|CONTADOR_ANTIRREBOTE:inst11|inst46 ; ANTIRREBOTE:inst7|CONTADOR_ANTIRREBOTE:inst11|inst46                                                                ; CLOCK_50                          ; CLOCK_50    ; 0.000        ; 0.068      ; 0.511      ;
; 0.299  ; ANTIRREBOTE:inst7|CONTADOR_ANTIRREBOTE:inst11|inst48 ; ANTIRREBOTE:inst7|CONTADOR_ANTIRREBOTE:inst11|inst48                                                                ; CLOCK_50                          ; CLOCK_50    ; 0.000        ; 0.068      ; 0.511      ;
; 0.299  ; ANTIRREBOTE:inst7|CONTADOR_ANTIRREBOTE:inst11|inst50 ; ANTIRREBOTE:inst7|CONTADOR_ANTIRREBOTE:inst11|inst50                                                                ; CLOCK_50                          ; CLOCK_50    ; 0.000        ; 0.068      ; 0.511      ;
; 0.299  ; ANTIRREBOTE:inst7|CONTADOR_ANTIRREBOTE:inst11|inst52 ; ANTIRREBOTE:inst7|CONTADOR_ANTIRREBOTE:inst11|inst52                                                                ; CLOCK_50                          ; CLOCK_50    ; 0.000        ; 0.068      ; 0.511      ;
; 0.312  ; ANTIRREBOTE:inst7|CONTADOR_ANTIRREBOTE:inst11|inst36 ; ANTIRREBOTE:inst7|CONTADOR_ANTIRREBOTE:inst11|inst36                                                                ; CLOCK_50                          ; CLOCK_50    ; 0.000        ; 0.055      ; 0.511      ;
; 0.313  ; ANTIRREBOTE:inst7|CONTADOR_ANTIRREBOTE:inst11|inst14 ; ANTIRREBOTE:inst7|CONTADOR_ANTIRREBOTE:inst11|inst14                                                                ; CLOCK_50                          ; CLOCK_50    ; 0.000        ; 0.054      ; 0.511      ;
; 0.313  ; ANTIRREBOTE:inst7|CONTADOR_ANTIRREBOTE:inst11|inst16 ; ANTIRREBOTE:inst7|CONTADOR_ANTIRREBOTE:inst11|inst16                                                                ; CLOCK_50                          ; CLOCK_50    ; 0.000        ; 0.054      ; 0.511      ;
; 0.313  ; ANTIRREBOTE:inst7|CONTADOR_ANTIRREBOTE:inst11|inst18 ; ANTIRREBOTE:inst7|CONTADOR_ANTIRREBOTE:inst11|inst18                                                                ; CLOCK_50                          ; CLOCK_50    ; 0.000        ; 0.054      ; 0.511      ;
; 0.313  ; ANTIRREBOTE:inst7|CONTADOR_ANTIRREBOTE:inst11|inst20 ; ANTIRREBOTE:inst7|CONTADOR_ANTIRREBOTE:inst11|inst20                                                                ; CLOCK_50                          ; CLOCK_50    ; 0.000        ; 0.054      ; 0.511      ;
; 0.313  ; ANTIRREBOTE:inst7|CONTADOR_ANTIRREBOTE:inst11|inst22 ; ANTIRREBOTE:inst7|CONTADOR_ANTIRREBOTE:inst11|inst22                                                                ; CLOCK_50                          ; CLOCK_50    ; 0.000        ; 0.054      ; 0.511      ;
; 0.313  ; ANTIRREBOTE:inst7|CONTADOR_ANTIRREBOTE:inst11|inst24 ; ANTIRREBOTE:inst7|CONTADOR_ANTIRREBOTE:inst11|inst24                                                                ; CLOCK_50                          ; CLOCK_50    ; 0.000        ; 0.054      ; 0.511      ;
; 0.313  ; ANTIRREBOTE:inst7|CONTADOR_ANTIRREBOTE:inst11|inst26 ; ANTIRREBOTE:inst7|CONTADOR_ANTIRREBOTE:inst11|inst26                                                                ; CLOCK_50                          ; CLOCK_50    ; 0.000        ; 0.054      ; 0.511      ;
; 0.313  ; ANTIRREBOTE:inst7|CONTADOR_ANTIRREBOTE:inst11|inst30 ; ANTIRREBOTE:inst7|CONTADOR_ANTIRREBOTE:inst11|inst30                                                                ; CLOCK_50                          ; CLOCK_50    ; 0.000        ; 0.054      ; 0.511      ;
; 0.321  ; ANTIRREBOTE:inst7|CONTADOR_ANTIRREBOTE:inst11|inst13 ; ANTIRREBOTE:inst7|CONTADOR_ANTIRREBOTE:inst11|inst13                                                                ; CLOCK_50                          ; CLOCK_50    ; 0.000        ; 0.054      ; 0.519      ;
; 0.338  ; ANTIRREBOTE:inst7|CONTADOR_ANTIRREBOTE:inst11|inst26 ; ANTIRREBOTE:inst7|CONTADOR_ANTIRREBOTE:inst11|inst28                                                                ; CLOCK_50                          ; CLOCK_50    ; 0.000        ; 0.381      ; 0.863      ;
; 0.339  ; ANTIRREBOTE:inst7|CONTADOR_ANTIRREBOTE:inst11|inst16 ; ANTIRREBOTE:inst7|CONTADOR_ANTIRREBOTE:inst11|inst18                                                                ; CLOCK_50                          ; CLOCK_50    ; 0.000        ; 0.054      ; 0.537      ;
; 0.384  ; CONTADOR_RIZO:inst|FFD:inst2|inst                    ; ROM:inst1|miROM:inst|altsyncram:altsyncram_component|altsyncram_3nr3:auto_generated|ram_block1a0~porta_address_reg0 ; CONTADOR_RIZO:inst|FFD:inst1|inst ; CLOCK_50    ; -0.500       ; 1.717      ; 1.790      ;
; 0.402  ; ANTIRREBOTE:inst7|inst10                             ; ANTIRREBOTE:inst7|inst10                                                                                            ; ANTIRREBOTE:inst7|inst10          ; CLOCK_50    ; -0.500       ; 2.186      ; 2.442      ;
; 0.449  ; CONTADOR_RIZO:inst|FFD:inst|inst                     ; ROM:inst1|miROM:inst|altsyncram:altsyncram_component|altsyncram_3nr3:auto_generated|ram_block1a0~porta_address_reg0 ; CONTADOR_RIZO:inst|FFD:inst|inst  ; CLOCK_50    ; -0.500       ; 2.459      ; 2.777      ;
; 0.478  ; CONTADOR_RIZO:inst|FFD:inst1|inst                    ; ROM:inst1|miROM:inst|altsyncram:altsyncram_component|altsyncram_3nr3:auto_generated|ram_block1a0~porta_address_reg0 ; CONTADOR_RIZO:inst|FFD:inst1|inst ; CLOCK_50    ; -0.500       ; 2.459      ; 2.806      ;
; 0.488  ; ANTIRREBOTE:inst7|CONTADOR_ANTIRREBOTE:inst11|inst46 ; ANTIRREBOTE:inst7|CONTADOR_ANTIRREBOTE:inst11|inst48                                                                ; CLOCK_50                          ; CLOCK_50    ; 0.000        ; 0.068      ; 0.700      ;
; 0.490  ; ANTIRREBOTE:inst7|CONTADOR_ANTIRREBOTE:inst11|inst40 ; ANTIRREBOTE:inst7|CONTADOR_ANTIRREBOTE:inst11|inst42                                                                ; CLOCK_50                          ; CLOCK_50    ; 0.000        ; 0.068      ; 0.702      ;
; 0.495  ; ANTIRREBOTE:inst7|CONTADOR_ANTIRREBOTE:inst11|inst38 ; ANTIRREBOTE:inst7|CONTADOR_ANTIRREBOTE:inst11|inst42                                                                ; CLOCK_50                          ; CLOCK_50    ; 0.000        ; 0.068      ; 0.707      ;
; 0.497  ; ANTIRREBOTE:inst7|CONTADOR_ANTIRREBOTE:inst11|inst38 ; ANTIRREBOTE:inst7|CONTADOR_ANTIRREBOTE:inst11|inst40                                                                ; CLOCK_50                          ; CLOCK_50    ; 0.000        ; 0.068      ; 0.709      ;
; 0.509  ; ANTIRREBOTE:inst7|CONTADOR_ANTIRREBOTE:inst11|inst32 ; ANTIRREBOTE:inst7|CONTADOR_ANTIRREBOTE:inst11|inst34                                                                ; CLOCK_50                          ; CLOCK_50    ; 0.000        ; 0.068      ; 0.721      ;
; 0.584  ; ANTIRREBOTE:inst7|CONTADOR_ANTIRREBOTE:inst11|inst36 ; ANTIRREBOTE:inst7|CONTADOR_ANTIRREBOTE:inst11|inst42                                                                ; CLOCK_50                          ; CLOCK_50    ; 0.000        ; 0.383      ; 1.111      ;
; 0.585  ; ANTIRREBOTE:inst7|CONTADOR_ANTIRREBOTE:inst11|inst36 ; ANTIRREBOTE:inst7|CONTADOR_ANTIRREBOTE:inst11|inst40                                                                ; CLOCK_50                          ; CLOCK_50    ; 0.000        ; 0.383      ; 1.112      ;
; 0.586  ; ANTIRREBOTE:inst7|CONTADOR_ANTIRREBOTE:inst11|inst36 ; ANTIRREBOTE:inst7|CONTADOR_ANTIRREBOTE:inst11|inst38                                                                ; CLOCK_50                          ; CLOCK_50    ; 0.000        ; 0.383      ; 1.113      ;
; 0.589  ; ANTIRREBOTE:inst7|CONTADOR_ANTIRREBOTE:inst11|inst30 ; ANTIRREBOTE:inst7|CONTADOR_ANTIRREBOTE:inst11|inst32                                                                ; CLOCK_50                          ; CLOCK_50    ; 0.000        ; 0.382      ; 1.115      ;
; 0.590  ; ANTIRREBOTE:inst7|CONTADOR_ANTIRREBOTE:inst11|inst30 ; ANTIRREBOTE:inst7|CONTADOR_ANTIRREBOTE:inst11|inst34                                                                ; CLOCK_50                          ; CLOCK_50    ; 0.000        ; 0.382      ; 1.116      ;
; 0.597  ; ANTIRREBOTE:inst7|CONTADOR_ANTIRREBOTE:inst11|inst24 ; ANTIRREBOTE:inst7|CONTADOR_ANTIRREBOTE:inst11|inst28                                                                ; CLOCK_50                          ; CLOCK_50    ; 0.000        ; 0.381      ; 1.122      ;
; 0.615  ; ANTIRREBOTE:inst7|CONTADOR_ANTIRREBOTE:inst11|inst50 ; ANTIRREBOTE:inst7|CONTADOR_ANTIRREBOTE:inst11|inst52                                                                ; CLOCK_50                          ; CLOCK_50    ; 0.000        ; 0.068      ; 0.827      ;
; 0.633  ; ANTIRREBOTE:inst7|CONTADOR_ANTIRREBOTE:inst11|inst44 ; ANTIRREBOTE:inst7|CONTADOR_ANTIRREBOTE:inst11|inst46                                                                ; CLOCK_50                          ; CLOCK_50    ; 0.000        ; 0.068      ; 0.845      ;
; 0.634  ; ANTIRREBOTE:inst7|CONTADOR_ANTIRREBOTE:inst11|inst44 ; ANTIRREBOTE:inst7|CONTADOR_ANTIRREBOTE:inst11|inst48                                                                ; CLOCK_50                          ; CLOCK_50    ; 0.000        ; 0.068      ; 0.846      ;
; 0.642  ; ANTIRREBOTE:inst7|CONTADOR_ANTIRREBOTE:inst11|inst22 ; ANTIRREBOTE:inst7|CONTADOR_ANTIRREBOTE:inst11|inst28                                                                ; CLOCK_50                          ; CLOCK_50    ; 0.000        ; 0.381      ; 1.167      ;
; 0.670  ; ANTIRREBOTE:inst7|CONTADOR_ANTIRREBOTE:inst11|inst26 ; ANTIRREBOTE:inst7|CONTADOR_ANTIRREBOTE:inst11|inst30                                                                ; CLOCK_50                          ; CLOCK_50    ; 0.000        ; 0.054      ; 0.868      ;
; 0.686  ; ANTIRREBOTE:inst7|CONTADOR_ANTIRREBOTE:inst11|inst22 ; ANTIRREBOTE:inst7|CONTADOR_ANTIRREBOTE:inst11|inst24                                                                ; CLOCK_50                          ; CLOCK_50    ; 0.000        ; 0.054      ; 0.884      ;
; 0.695  ; ANTIRREBOTE:inst7|CONTADOR_ANTIRREBOTE:inst11|inst42 ; ANTIRREBOTE:inst7|CONTADOR_ANTIRREBOTE:inst11|inst46                                                                ; CLOCK_50                          ; CLOCK_50    ; 0.000        ; 0.068      ; 0.907      ;
; 0.695  ; ANTIRREBOTE:inst7|CONTADOR_ANTIRREBOTE:inst11|inst42 ; ANTIRREBOTE:inst7|CONTADOR_ANTIRREBOTE:inst11|inst48                                                                ; CLOCK_50                          ; CLOCK_50    ; 0.000        ; 0.068      ; 0.907      ;
; 0.697  ; ANTIRREBOTE:inst7|CONTADOR_ANTIRREBOTE:inst11|inst42 ; ANTIRREBOTE:inst7|CONTADOR_ANTIRREBOTE:inst11|inst44                                                                ; CLOCK_50                          ; CLOCK_50    ; 0.000        ; 0.068      ; 0.909      ;
; 0.701  ; ANTIRREBOTE:inst7|CONTADOR_ANTIRREBOTE:inst11|inst34 ; ANTIRREBOTE:inst7|CONTADOR_ANTIRREBOTE:inst11|inst42                                                                ; CLOCK_50                          ; CLOCK_50    ; 0.000        ; 0.068      ; 0.913      ;
; 0.702  ; ANTIRREBOTE:inst7|CONTADOR_ANTIRREBOTE:inst11|inst34 ; ANTIRREBOTE:inst7|CONTADOR_ANTIRREBOTE:inst11|inst40                                                                ; CLOCK_50                          ; CLOCK_50    ; 0.000        ; 0.068      ; 0.914      ;
; 0.703  ; ANTIRREBOTE:inst7|CONTADOR_ANTIRREBOTE:inst11|inst34 ; ANTIRREBOTE:inst7|CONTADOR_ANTIRREBOTE:inst11|inst38                                                                ; CLOCK_50                          ; CLOCK_50    ; 0.000        ; 0.068      ; 0.915      ;
; 0.721  ; ANTIRREBOTE:inst7|CONTADOR_ANTIRREBOTE:inst11|inst16 ; ANTIRREBOTE:inst7|CONTADOR_ANTIRREBOTE:inst11|inst32                                                                ; CLOCK_50                          ; CLOCK_50    ; 0.000        ; 0.382      ; 1.247      ;
; 0.722  ; ANTIRREBOTE:inst7|CONTADOR_ANTIRREBOTE:inst11|inst16 ; ANTIRREBOTE:inst7|CONTADOR_ANTIRREBOTE:inst11|inst34                                                                ; CLOCK_50                          ; CLOCK_50    ; 0.000        ; 0.382      ; 1.248      ;
; 0.724  ; ANTIRREBOTE:inst7|CONTADOR_ANTIRREBOTE:inst11|inst20 ; ANTIRREBOTE:inst7|CONTADOR_ANTIRREBOTE:inst11|inst28                                                                ; CLOCK_50                          ; CLOCK_50    ; 0.000        ; 0.381      ; 1.249      ;
; 0.758  ; ANTIRREBOTE:inst7|CONTADOR_ANTIRREBOTE:inst11|inst46 ; ANTIRREBOTE:inst7|CONTADOR_ANTIRREBOTE:inst11|inst50                                                                ; CLOCK_50                          ; CLOCK_50    ; 0.000        ; 0.068      ; 0.970      ;
; 0.759  ; ANTIRREBOTE:inst7|CONTADOR_ANTIRREBOTE:inst11|inst46 ; ANTIRREBOTE:inst7|CONTADOR_ANTIRREBOTE:inst11|inst52                                                                ; CLOCK_50                          ; CLOCK_50    ; 0.000        ; 0.068      ; 0.971      ;
; 0.768  ; ANTIRREBOTE:inst7|CONTADOR_ANTIRREBOTE:inst11|inst40 ; ANTIRREBOTE:inst7|CONTADOR_ANTIRREBOTE:inst11|inst46                                                                ; CLOCK_50                          ; CLOCK_50    ; 0.000        ; 0.068      ; 0.980      ;
; 0.768  ; ANTIRREBOTE:inst7|CONTADOR_ANTIRREBOTE:inst11|inst40 ; ANTIRREBOTE:inst7|CONTADOR_ANTIRREBOTE:inst11|inst48                                                                ; CLOCK_50                          ; CLOCK_50    ; 0.000        ; 0.068      ; 0.980      ;
; 0.770  ; ANTIRREBOTE:inst7|CONTADOR_ANTIRREBOTE:inst11|inst40 ; ANTIRREBOTE:inst7|CONTADOR_ANTIRREBOTE:inst11|inst44                                                                ; CLOCK_50                          ; CLOCK_50    ; 0.000        ; 0.068      ; 0.982      ;
; 0.773  ; ANTIRREBOTE:inst7|CONTADOR_ANTIRREBOTE:inst11|inst38 ; ANTIRREBOTE:inst7|CONTADOR_ANTIRREBOTE:inst11|inst46                                                                ; CLOCK_50                          ; CLOCK_50    ; 0.000        ; 0.068      ; 0.985      ;
; 0.773  ; ANTIRREBOTE:inst7|CONTADOR_ANTIRREBOTE:inst11|inst38 ; ANTIRREBOTE:inst7|CONTADOR_ANTIRREBOTE:inst11|inst48                                                                ; CLOCK_50                          ; CLOCK_50    ; 0.000        ; 0.068      ; 0.985      ;
; 0.775  ; ANTIRREBOTE:inst7|CONTADOR_ANTIRREBOTE:inst11|inst38 ; ANTIRREBOTE:inst7|CONTADOR_ANTIRREBOTE:inst11|inst44                                                                ; CLOCK_50                          ; CLOCK_50    ; 0.000        ; 0.068      ; 0.987      ;
; 0.782  ; ANTIRREBOTE:inst7|inst1                              ; ANTIRREBOTE:inst7|inst2                                                                                             ; CLOCK_50                          ; CLOCK_50    ; 0.000        ; -0.260     ; 0.666      ;
; 0.785  ; ANTIRREBOTE:inst7|CONTADOR_ANTIRREBOTE:inst11|inst32 ; ANTIRREBOTE:inst7|CONTADOR_ANTIRREBOTE:inst11|inst42                                                                ; CLOCK_50                          ; CLOCK_50    ; 0.000        ; 0.068      ; 0.997      ;
; 0.786  ; ANTIRREBOTE:inst7|CONTADOR_ANTIRREBOTE:inst11|inst32 ; ANTIRREBOTE:inst7|CONTADOR_ANTIRREBOTE:inst11|inst40                                                                ; CLOCK_50                          ; CLOCK_50    ; 0.000        ; 0.068      ; 0.998      ;
; 0.787  ; ANTIRREBOTE:inst7|CONTADOR_ANTIRREBOTE:inst11|inst32 ; ANTIRREBOTE:inst7|CONTADOR_ANTIRREBOTE:inst11|inst38                                                                ; CLOCK_50                          ; CLOCK_50    ; 0.000        ; 0.068      ; 0.999      ;
; 0.808  ; ANTIRREBOTE:inst7|CONTADOR_ANTIRREBOTE:inst11|inst22 ; ANTIRREBOTE:inst7|CONTADOR_ANTIRREBOTE:inst11|inst32                                                                ; CLOCK_50                          ; CLOCK_50    ; 0.000        ; 0.382      ; 1.334      ;
; 0.809  ; ANTIRREBOTE:inst7|CONTADOR_ANTIRREBOTE:inst11|inst22 ; ANTIRREBOTE:inst7|CONTADOR_ANTIRREBOTE:inst11|inst34                                                                ; CLOCK_50                          ; CLOCK_50    ; 0.000        ; 0.382      ; 1.335      ;
; 0.819  ; ANTIRREBOTE:inst7|CONTADOR_ANTIRREBOTE:inst11|inst34 ; ANTIRREBOTE:inst7|CONTADOR_ANTIRREBOTE:inst11|inst36                                                                ; CLOCK_50                          ; CLOCK_50    ; 0.000        ; -0.260     ; 0.703      ;
; 0.820  ; ANTIRREBOTE:inst7|CONTADOR_ANTIRREBOTE:inst11|inst28 ; ANTIRREBOTE:inst7|CONTADOR_ANTIRREBOTE:inst11|inst30                                                                ; CLOCK_50                          ; CLOCK_50    ; 0.000        ; -0.259     ; 0.705      ;
; 0.822  ; ANTIRREBOTE:inst7|CONTADOR_ANTIRREBOTE:inst11|inst48 ; ANTIRREBOTE:inst7|CONTADOR_ANTIRREBOTE:inst11|inst50                                                                ; CLOCK_50                          ; CLOCK_50    ; 0.000        ; 0.068      ; 1.034      ;
; 0.823  ; ANTIRREBOTE:inst7|CONTADOR_ANTIRREBOTE:inst11|inst48 ; ANTIRREBOTE:inst7|CONTADOR_ANTIRREBOTE:inst11|inst52                                                                ; CLOCK_50                          ; CLOCK_50    ; 0.000        ; 0.068      ; 1.035      ;
; 0.826  ; ANTIRREBOTE:inst7|CONTADOR_ANTIRREBOTE:inst11|inst13 ; ANTIRREBOTE:inst7|CONTADOR_ANTIRREBOTE:inst11|inst32                                                                ; CLOCK_50                          ; CLOCK_50    ; 0.000        ; 0.382      ; 1.352      ;
; 0.827  ; ANTIRREBOTE:inst7|CONTADOR_ANTIRREBOTE:inst11|inst13 ; ANTIRREBOTE:inst7|CONTADOR_ANTIRREBOTE:inst11|inst34                                                                ; CLOCK_50                          ; CLOCK_50    ; 0.000        ; 0.382      ; 1.353      ;
; 0.841  ; ANTIRREBOTE:inst7|CONTADOR_ANTIRREBOTE:inst11|inst20 ; ANTIRREBOTE:inst7|CONTADOR_ANTIRREBOTE:inst11|inst24                                                                ; CLOCK_50                          ; CLOCK_50    ; 0.000        ; 0.054      ; 1.039      ;
; 0.842  ; ANTIRREBOTE:inst7|CONTADOR_ANTIRREBOTE:inst11|inst20 ; ANTIRREBOTE:inst7|CONTADOR_ANTIRREBOTE:inst11|inst22                                                                ; CLOCK_50                          ; CLOCK_50    ; 0.000        ; 0.054      ; 1.040      ;
; 0.846  ; ANTIRREBOTE:inst7|CONTADOR_ANTIRREBOTE:inst11|inst13 ; ANTIRREBOTE:inst7|CONTADOR_ANTIRREBOTE:inst11|inst16                                                                ; CLOCK_50                          ; CLOCK_50    ; 0.000        ; 0.054      ; 1.044      ;
; 0.848  ; ANTIRREBOTE:inst7|CONTADOR_ANTIRREBOTE:inst11|inst13 ; ANTIRREBOTE:inst7|CONTADOR_ANTIRREBOTE:inst11|inst14                                                                ; CLOCK_50                          ; CLOCK_50    ; 0.000        ; 0.054      ; 1.046      ;
; 0.848  ; ANTIRREBOTE:inst7|CONTADOR_ANTIRREBOTE:inst11|inst13 ; ANTIRREBOTE:inst7|CONTADOR_ANTIRREBOTE:inst11|inst18                                                                ; CLOCK_50                          ; CLOCK_50    ; 0.000        ; 0.054      ; 1.046      ;
; 0.869  ; ANTIRREBOTE:inst7|CONTADOR_ANTIRREBOTE:inst11|inst36 ; ANTIRREBOTE:inst7|CONTADOR_ANTIRREBOTE:inst11|inst46                                                                ; CLOCK_50                          ; CLOCK_50    ; 0.000        ; 0.383      ; 1.396      ;
; 0.869  ; ANTIRREBOTE:inst7|CONTADOR_ANTIRREBOTE:inst11|inst36 ; ANTIRREBOTE:inst7|CONTADOR_ANTIRREBOTE:inst11|inst48                                                                ; CLOCK_50                          ; CLOCK_50    ; 0.000        ; 0.383      ; 1.396      ;
; 0.871  ; ANTIRREBOTE:inst7|CONTADOR_ANTIRREBOTE:inst11|inst36 ; ANTIRREBOTE:inst7|CONTADOR_ANTIRREBOTE:inst11|inst44                                                                ; CLOCK_50                          ; CLOCK_50    ; 0.000        ; 0.383      ; 1.398      ;
; 0.874  ; ANTIRREBOTE:inst7|CONTADOR_ANTIRREBOTE:inst11|inst30 ; ANTIRREBOTE:inst7|CONTADOR_ANTIRREBOTE:inst11|inst42                                                                ; CLOCK_50                          ; CLOCK_50    ; 0.000        ; 0.382      ; 1.400      ;
; 0.875  ; ANTIRREBOTE:inst7|CONTADOR_ANTIRREBOTE:inst11|inst30 ; ANTIRREBOTE:inst7|CONTADOR_ANTIRREBOTE:inst11|inst40                                                                ; CLOCK_50                          ; CLOCK_50    ; 0.000        ; 0.382      ; 1.401      ;
; 0.876  ; ANTIRREBOTE:inst7|CONTADOR_ANTIRREBOTE:inst11|inst30 ; ANTIRREBOTE:inst7|CONTADOR_ANTIRREBOTE:inst11|inst38                                                                ; CLOCK_50                          ; CLOCK_50    ; 0.000        ; 0.382      ; 1.402      ;
; 0.877  ; ANTIRREBOTE:inst7|CONTADOR_ANTIRREBOTE:inst11|inst18 ; ANTIRREBOTE:inst7|CONTADOR_ANTIRREBOTE:inst11|inst32                                                                ; CLOCK_50                          ; CLOCK_50    ; 0.000        ; 0.382      ; 1.403      ;
; 0.878  ; ANTIRREBOTE:inst7|CONTADOR_ANTIRREBOTE:inst11|inst18 ; ANTIRREBOTE:inst7|CONTADOR_ANTIRREBOTE:inst11|inst34                                                                ; CLOCK_50                          ; CLOCK_50    ; 0.000        ; 0.382      ; 1.404      ;
; 0.891  ; ANTIRREBOTE:inst7|CONTADOR_ANTIRREBOTE:inst11|inst16 ; ANTIRREBOTE:inst7|CONTADOR_ANTIRREBOTE:inst11|inst28                                                                ; CLOCK_50                          ; CLOCK_50    ; 0.000        ; 0.381      ; 1.416      ;
; 0.891  ; ANTIRREBOTE:inst7|CONTADOR_ANTIRREBOTE:inst11|inst14 ; ANTIRREBOTE:inst7|CONTADOR_ANTIRREBOTE:inst11|inst32                                                                ; CLOCK_50                          ; CLOCK_50    ; 0.000        ; 0.382      ; 1.417      ;
; 0.892  ; ANTIRREBOTE:inst7|CONTADOR_ANTIRREBOTE:inst11|inst14 ; ANTIRREBOTE:inst7|CONTADOR_ANTIRREBOTE:inst11|inst34                                                                ; CLOCK_50                          ; CLOCK_50    ; 0.000        ; 0.382      ; 1.418      ;
; 0.899  ; ANTIRREBOTE:inst7|CONTADOR_ANTIRREBOTE:inst11|inst44 ; ANTIRREBOTE:inst7|CONTADOR_ANTIRREBOTE:inst11|inst50                                                                ; CLOCK_50                          ; CLOCK_50    ; 0.000        ; 0.068      ; 1.111      ;
; 0.900  ; ANTIRREBOTE:inst7|CONTADOR_ANTIRREBOTE:inst11|inst44 ; ANTIRREBOTE:inst7|CONTADOR_ANTIRREBOTE:inst11|inst52                                                                ; CLOCK_50                          ; CLOCK_50    ; 0.000        ; 0.068      ; 1.112      ;
; 0.900  ; ANTIRREBOTE:inst7|CONTADOR_ANTIRREBOTE:inst11|inst26 ; ANTIRREBOTE:inst7|CONTADOR_ANTIRREBOTE:inst11|inst32                                                                ; CLOCK_50                          ; CLOCK_50    ; 0.000        ; 0.382      ; 1.426      ;
; 0.901  ; ANTIRREBOTE:inst7|CONTADOR_ANTIRREBOTE:inst11|inst26 ; ANTIRREBOTE:inst7|CONTADOR_ANTIRREBOTE:inst11|inst34                                                                ; CLOCK_50                          ; CLOCK_50    ; 0.000        ; 0.382      ; 1.427      ;
; 0.910  ; ANTIRREBOTE:inst7|CONTADOR_ANTIRREBOTE:inst11|inst28 ; ANTIRREBOTE:inst7|CONTADOR_ANTIRREBOTE:inst11|inst32                                                                ; CLOCK_50                          ; CLOCK_50    ; 0.000        ; 0.069      ; 1.123      ;
; 0.911  ; ANTIRREBOTE:inst7|CONTADOR_ANTIRREBOTE:inst11|inst28 ; ANTIRREBOTE:inst7|CONTADOR_ANTIRREBOTE:inst11|inst34                                                                ; CLOCK_50                          ; CLOCK_50    ; 0.000        ; 0.069      ; 1.124      ;
; 0.918  ; ANTIRREBOTE:inst7|CONTADOR_ANTIRREBOTE:inst11|inst30 ; ANTIRREBOTE:inst7|CONTADOR_ANTIRREBOTE:inst11|inst36                                                                ; CLOCK_50                          ; CLOCK_50    ; 0.000        ; 0.054      ; 1.116      ;
; 0.921  ; ANTIRREBOTE:inst7|CONTADOR_ANTIRREBOTE:inst11|inst24 ; ANTIRREBOTE:inst7|CONTADOR_ANTIRREBOTE:inst11|inst26                                                                ; CLOCK_50                          ; CLOCK_50    ; 0.000        ; 0.054      ; 1.119      ;
+--------+------------------------------------------------------+---------------------------------------------------------------------------------------------------------------------+-----------------------------------+-------------+--------------+------------+------------+


+------------------------------------------------------------------------------------------------------------------------------------------------------------------------------------------------+
; Slow 1200mV 0C Model Hold: 'CONTADOR_RIZO:inst|FFD:inst|inst'                                                                                                                                  ;
+--------+-----------------------------------+-----------------------------------+-----------------------------------+----------------------------------+--------------+------------+------------+
; Slack  ; From Node                         ; To Node                           ; Launch Clock                      ; Latch Clock                      ; Relationship ; Clock Skew ; Data Delay ;
+--------+-----------------------------------+-----------------------------------+-----------------------------------+----------------------------------+--------------+------------+------------+
; -0.054 ; CONTADOR_RIZO:inst|FFD:inst1|inst ; CONTADOR_RIZO:inst|FFD:inst1|inst ; CONTADOR_RIZO:inst|FFD:inst1|inst ; CONTADOR_RIZO:inst|FFD:inst|inst ; 0.000        ; 0.851      ; 1.121      ;
; 0.380  ; CONTADOR_RIZO:inst|FFD:inst1|inst ; CONTADOR_RIZO:inst|FFD:inst1|inst ; CONTADOR_RIZO:inst|FFD:inst1|inst ; CONTADOR_RIZO:inst|FFD:inst|inst ; -0.500       ; 0.851      ; 1.055      ;
+--------+-----------------------------------+-----------------------------------+-----------------------------------+----------------------------------+--------------+------------+------------+


+------------------------------------------------------------------------------------------------------------------------------------------------------------------------------------------------+
; Slow 1200mV 0C Model Hold: 'CONTADOR_RIZO:inst|FFD:inst1|inst'                                                                                                                                 ;
+-------+-----------------------------------+-----------------------------------+-----------------------------------+-----------------------------------+--------------+------------+------------+
; Slack ; From Node                         ; To Node                           ; Launch Clock                      ; Latch Clock                       ; Relationship ; Clock Skew ; Data Delay ;
+-------+-----------------------------------+-----------------------------------+-----------------------------------+-----------------------------------+--------------+------------+------------+
; 0.341 ; CONTADOR_RIZO:inst|FFD:inst2|inst ; CONTADOR_RIZO:inst|FFD:inst2|inst ; CONTADOR_RIZO:inst|FFD:inst1|inst ; CONTADOR_RIZO:inst|FFD:inst1|inst ; 0.000        ; 0.034      ; 0.519      ;
+-------+-----------------------------------+-----------------------------------+-----------------------------------+-----------------------------------+--------------+------------+------------+


+---------------------------------------------------------------------------------------------------------------------------------------------------------------+
; Slow 1200mV 0C Model Recovery: 'CLOCK_50'                                                                                                                     ;
+--------+-------------------------+------------------------------------------------------+--------------+-------------+--------------+------------+------------+
; Slack  ; From Node               ; To Node                                              ; Launch Clock ; Latch Clock ; Relationship ; Clock Skew ; Data Delay ;
+--------+-------------------------+------------------------------------------------------+--------------+-------------+--------------+------------+------------+
; -0.531 ; ANTIRREBOTE:inst7|inst2 ; ANTIRREBOTE:inst7|CONTADOR_ANTIRREBOTE:inst11|inst13 ; CLOCK_50     ; CLOCK_50    ; 1.000        ; -0.054     ; 1.472      ;
; -0.531 ; ANTIRREBOTE:inst7|inst2 ; ANTIRREBOTE:inst7|CONTADOR_ANTIRREBOTE:inst11|inst14 ; CLOCK_50     ; CLOCK_50    ; 1.000        ; -0.054     ; 1.472      ;
; -0.531 ; ANTIRREBOTE:inst7|inst2 ; ANTIRREBOTE:inst7|CONTADOR_ANTIRREBOTE:inst11|inst16 ; CLOCK_50     ; CLOCK_50    ; 1.000        ; -0.054     ; 1.472      ;
; -0.531 ; ANTIRREBOTE:inst7|inst2 ; ANTIRREBOTE:inst7|CONTADOR_ANTIRREBOTE:inst11|inst18 ; CLOCK_50     ; CLOCK_50    ; 1.000        ; -0.054     ; 1.472      ;
; -0.531 ; ANTIRREBOTE:inst7|inst2 ; ANTIRREBOTE:inst7|CONTADOR_ANTIRREBOTE:inst11|inst20 ; CLOCK_50     ; CLOCK_50    ; 1.000        ; -0.054     ; 1.472      ;
; -0.531 ; ANTIRREBOTE:inst7|inst2 ; ANTIRREBOTE:inst7|CONTADOR_ANTIRREBOTE:inst11|inst22 ; CLOCK_50     ; CLOCK_50    ; 1.000        ; -0.054     ; 1.472      ;
; -0.531 ; ANTIRREBOTE:inst7|inst2 ; ANTIRREBOTE:inst7|CONTADOR_ANTIRREBOTE:inst11|inst24 ; CLOCK_50     ; CLOCK_50    ; 1.000        ; -0.054     ; 1.472      ;
; -0.531 ; ANTIRREBOTE:inst7|inst2 ; ANTIRREBOTE:inst7|CONTADOR_ANTIRREBOTE:inst11|inst26 ; CLOCK_50     ; CLOCK_50    ; 1.000        ; -0.054     ; 1.472      ;
; -0.531 ; ANTIRREBOTE:inst7|inst2 ; ANTIRREBOTE:inst7|CONTADOR_ANTIRREBOTE:inst11|inst30 ; CLOCK_50     ; CLOCK_50    ; 1.000        ; -0.054     ; 1.472      ;
; -0.531 ; ANTIRREBOTE:inst7|inst2 ; ANTIRREBOTE:inst7|inst10                             ; CLOCK_50     ; CLOCK_50    ; 1.000        ; -0.054     ; 1.472      ;
; -0.417 ; ANTIRREBOTE:inst7|inst2 ; ANTIRREBOTE:inst7|CONTADOR_ANTIRREBOTE:inst11|inst36 ; CLOCK_50     ; CLOCK_50    ; 1.000        ; -0.055     ; 1.357      ;
; -0.218 ; ANTIRREBOTE:inst7|inst2 ; ANTIRREBOTE:inst7|CONTADOR_ANTIRREBOTE:inst11|inst28 ; CLOCK_50     ; CLOCK_50    ; 1.000        ; 0.259      ; 1.472      ;
; -0.102 ; ANTIRREBOTE:inst7|inst2 ; ANTIRREBOTE:inst7|CONTADOR_ANTIRREBOTE:inst11|inst32 ; CLOCK_50     ; CLOCK_50    ; 1.000        ; 0.260      ; 1.357      ;
; -0.102 ; ANTIRREBOTE:inst7|inst2 ; ANTIRREBOTE:inst7|CONTADOR_ANTIRREBOTE:inst11|inst34 ; CLOCK_50     ; CLOCK_50    ; 1.000        ; 0.260      ; 1.357      ;
; -0.102 ; ANTIRREBOTE:inst7|inst2 ; ANTIRREBOTE:inst7|CONTADOR_ANTIRREBOTE:inst11|inst38 ; CLOCK_50     ; CLOCK_50    ; 1.000        ; 0.260      ; 1.357      ;
; -0.102 ; ANTIRREBOTE:inst7|inst2 ; ANTIRREBOTE:inst7|CONTADOR_ANTIRREBOTE:inst11|inst40 ; CLOCK_50     ; CLOCK_50    ; 1.000        ; 0.260      ; 1.357      ;
; -0.102 ; ANTIRREBOTE:inst7|inst2 ; ANTIRREBOTE:inst7|CONTADOR_ANTIRREBOTE:inst11|inst42 ; CLOCK_50     ; CLOCK_50    ; 1.000        ; 0.260      ; 1.357      ;
; -0.102 ; ANTIRREBOTE:inst7|inst2 ; ANTIRREBOTE:inst7|CONTADOR_ANTIRREBOTE:inst11|inst44 ; CLOCK_50     ; CLOCK_50    ; 1.000        ; 0.260      ; 1.357      ;
; -0.102 ; ANTIRREBOTE:inst7|inst2 ; ANTIRREBOTE:inst7|CONTADOR_ANTIRREBOTE:inst11|inst46 ; CLOCK_50     ; CLOCK_50    ; 1.000        ; 0.260      ; 1.357      ;
; -0.102 ; ANTIRREBOTE:inst7|inst2 ; ANTIRREBOTE:inst7|CONTADOR_ANTIRREBOTE:inst11|inst48 ; CLOCK_50     ; CLOCK_50    ; 1.000        ; 0.260      ; 1.357      ;
; -0.102 ; ANTIRREBOTE:inst7|inst2 ; ANTIRREBOTE:inst7|CONTADOR_ANTIRREBOTE:inst11|inst50 ; CLOCK_50     ; CLOCK_50    ; 1.000        ; 0.260      ; 1.357      ;
; -0.102 ; ANTIRREBOTE:inst7|inst2 ; ANTIRREBOTE:inst7|CONTADOR_ANTIRREBOTE:inst11|inst52 ; CLOCK_50     ; CLOCK_50    ; 1.000        ; 0.260      ; 1.357      ;
+--------+-------------------------+------------------------------------------------------+--------------+-------------+--------------+------------+------------+


+--------------------------------------------------------------------------------------------------------------------------------------------------------------+
; Slow 1200mV 0C Model Removal: 'CLOCK_50'                                                                                                                     ;
+-------+-------------------------+------------------------------------------------------+--------------+-------------+--------------+------------+------------+
; Slack ; From Node               ; To Node                                              ; Launch Clock ; Latch Clock ; Relationship ; Clock Skew ; Data Delay ;
+-------+-------------------------+------------------------------------------------------+--------------+-------------+--------------+------------+------------+
; 0.712 ; ANTIRREBOTE:inst7|inst2 ; ANTIRREBOTE:inst7|CONTADOR_ANTIRREBOTE:inst11|inst32 ; CLOCK_50     ; CLOCK_50    ; 0.000        ; 0.383      ; 1.239      ;
; 0.712 ; ANTIRREBOTE:inst7|inst2 ; ANTIRREBOTE:inst7|CONTADOR_ANTIRREBOTE:inst11|inst34 ; CLOCK_50     ; CLOCK_50    ; 0.000        ; 0.383      ; 1.239      ;
; 0.712 ; ANTIRREBOTE:inst7|inst2 ; ANTIRREBOTE:inst7|CONTADOR_ANTIRREBOTE:inst11|inst38 ; CLOCK_50     ; CLOCK_50    ; 0.000        ; 0.383      ; 1.239      ;
; 0.712 ; ANTIRREBOTE:inst7|inst2 ; ANTIRREBOTE:inst7|CONTADOR_ANTIRREBOTE:inst11|inst40 ; CLOCK_50     ; CLOCK_50    ; 0.000        ; 0.383      ; 1.239      ;
; 0.712 ; ANTIRREBOTE:inst7|inst2 ; ANTIRREBOTE:inst7|CONTADOR_ANTIRREBOTE:inst11|inst42 ; CLOCK_50     ; CLOCK_50    ; 0.000        ; 0.383      ; 1.239      ;
; 0.712 ; ANTIRREBOTE:inst7|inst2 ; ANTIRREBOTE:inst7|CONTADOR_ANTIRREBOTE:inst11|inst44 ; CLOCK_50     ; CLOCK_50    ; 0.000        ; 0.383      ; 1.239      ;
; 0.712 ; ANTIRREBOTE:inst7|inst2 ; ANTIRREBOTE:inst7|CONTADOR_ANTIRREBOTE:inst11|inst46 ; CLOCK_50     ; CLOCK_50    ; 0.000        ; 0.383      ; 1.239      ;
; 0.712 ; ANTIRREBOTE:inst7|inst2 ; ANTIRREBOTE:inst7|CONTADOR_ANTIRREBOTE:inst11|inst48 ; CLOCK_50     ; CLOCK_50    ; 0.000        ; 0.383      ; 1.239      ;
; 0.712 ; ANTIRREBOTE:inst7|inst2 ; ANTIRREBOTE:inst7|CONTADOR_ANTIRREBOTE:inst11|inst50 ; CLOCK_50     ; CLOCK_50    ; 0.000        ; 0.383      ; 1.239      ;
; 0.712 ; ANTIRREBOTE:inst7|inst2 ; ANTIRREBOTE:inst7|CONTADOR_ANTIRREBOTE:inst11|inst52 ; CLOCK_50     ; CLOCK_50    ; 0.000        ; 0.383      ; 1.239      ;
; 0.848 ; ANTIRREBOTE:inst7|inst2 ; ANTIRREBOTE:inst7|CONTADOR_ANTIRREBOTE:inst11|inst28 ; CLOCK_50     ; CLOCK_50    ; 0.000        ; 0.382      ; 1.374      ;
; 1.040 ; ANTIRREBOTE:inst7|inst2 ; ANTIRREBOTE:inst7|CONTADOR_ANTIRREBOTE:inst11|inst36 ; CLOCK_50     ; CLOCK_50    ; 0.000        ; 0.055      ; 1.239      ;
; 1.175 ; ANTIRREBOTE:inst7|inst2 ; ANTIRREBOTE:inst7|CONTADOR_ANTIRREBOTE:inst11|inst13 ; CLOCK_50     ; CLOCK_50    ; 0.000        ; 0.055      ; 1.374      ;
; 1.175 ; ANTIRREBOTE:inst7|inst2 ; ANTIRREBOTE:inst7|CONTADOR_ANTIRREBOTE:inst11|inst14 ; CLOCK_50     ; CLOCK_50    ; 0.000        ; 0.055      ; 1.374      ;
; 1.175 ; ANTIRREBOTE:inst7|inst2 ; ANTIRREBOTE:inst7|CONTADOR_ANTIRREBOTE:inst11|inst16 ; CLOCK_50     ; CLOCK_50    ; 0.000        ; 0.055      ; 1.374      ;
; 1.175 ; ANTIRREBOTE:inst7|inst2 ; ANTIRREBOTE:inst7|CONTADOR_ANTIRREBOTE:inst11|inst18 ; CLOCK_50     ; CLOCK_50    ; 0.000        ; 0.055      ; 1.374      ;
; 1.175 ; ANTIRREBOTE:inst7|inst2 ; ANTIRREBOTE:inst7|CONTADOR_ANTIRREBOTE:inst11|inst20 ; CLOCK_50     ; CLOCK_50    ; 0.000        ; 0.055      ; 1.374      ;
; 1.175 ; ANTIRREBOTE:inst7|inst2 ; ANTIRREBOTE:inst7|CONTADOR_ANTIRREBOTE:inst11|inst22 ; CLOCK_50     ; CLOCK_50    ; 0.000        ; 0.055      ; 1.374      ;
; 1.175 ; ANTIRREBOTE:inst7|inst2 ; ANTIRREBOTE:inst7|CONTADOR_ANTIRREBOTE:inst11|inst24 ; CLOCK_50     ; CLOCK_50    ; 0.000        ; 0.055      ; 1.374      ;
; 1.175 ; ANTIRREBOTE:inst7|inst2 ; ANTIRREBOTE:inst7|CONTADOR_ANTIRREBOTE:inst11|inst26 ; CLOCK_50     ; CLOCK_50    ; 0.000        ; 0.055      ; 1.374      ;
; 1.175 ; ANTIRREBOTE:inst7|inst2 ; ANTIRREBOTE:inst7|CONTADOR_ANTIRREBOTE:inst11|inst30 ; CLOCK_50     ; CLOCK_50    ; 0.000        ; 0.055      ; 1.374      ;
; 1.175 ; ANTIRREBOTE:inst7|inst2 ; ANTIRREBOTE:inst7|inst10                             ; CLOCK_50     ; CLOCK_50    ; 0.000        ; 0.055      ; 1.374      ;
+-------+-------------------------+------------------------------------------------------+--------------+-------------+--------------+------------+------------+


+---------------------------------------------------------------------------------------------------------------------------------------------------------------------------------------------------------+
; Slow 1200mV 0C Model Minimum Pulse Width: 'CLOCK_50'                                                                                                                                                    ;
+--------+--------------+----------------+------------------+----------+------------+---------------------------------------------------------------------------------------------------------------------+
; Slack  ; Actual Width ; Required Width ; Type             ; Clock    ; Clock Edge ; Target                                                                                                              ;
+--------+--------------+----------------+------------------+----------+------------+---------------------------------------------------------------------------------------------------------------------+
; -3.000 ; 1.000        ; 4.000          ; Port Rate        ; CLOCK_50 ; Rise       ; CLOCK_50                                                                                                            ;
; -2.174 ; 1.000        ; 3.174          ; Min Period       ; CLOCK_50 ; Rise       ; ROM:inst1|miROM:inst|altsyncram:altsyncram_component|altsyncram_3nr3:auto_generated|ram_block1a0~porta_address_reg0 ;
; -1.000 ; 1.000        ; 2.000          ; Min Period       ; CLOCK_50 ; Rise       ; ANTIRREBOTE:inst7|CONTADOR_ANTIRREBOTE:inst11|inst13                                                                ;
; -1.000 ; 1.000        ; 2.000          ; Min Period       ; CLOCK_50 ; Rise       ; ANTIRREBOTE:inst7|CONTADOR_ANTIRREBOTE:inst11|inst14                                                                ;
; -1.000 ; 1.000        ; 2.000          ; Min Period       ; CLOCK_50 ; Rise       ; ANTIRREBOTE:inst7|CONTADOR_ANTIRREBOTE:inst11|inst16                                                                ;
; -1.000 ; 1.000        ; 2.000          ; Min Period       ; CLOCK_50 ; Rise       ; ANTIRREBOTE:inst7|CONTADOR_ANTIRREBOTE:inst11|inst18                                                                ;
; -1.000 ; 1.000        ; 2.000          ; Min Period       ; CLOCK_50 ; Rise       ; ANTIRREBOTE:inst7|CONTADOR_ANTIRREBOTE:inst11|inst20                                                                ;
; -1.000 ; 1.000        ; 2.000          ; Min Period       ; CLOCK_50 ; Rise       ; ANTIRREBOTE:inst7|CONTADOR_ANTIRREBOTE:inst11|inst22                                                                ;
; -1.000 ; 1.000        ; 2.000          ; Min Period       ; CLOCK_50 ; Rise       ; ANTIRREBOTE:inst7|CONTADOR_ANTIRREBOTE:inst11|inst24                                                                ;
; -1.000 ; 1.000        ; 2.000          ; Min Period       ; CLOCK_50 ; Rise       ; ANTIRREBOTE:inst7|CONTADOR_ANTIRREBOTE:inst11|inst26                                                                ;
; -1.000 ; 1.000        ; 2.000          ; Min Period       ; CLOCK_50 ; Rise       ; ANTIRREBOTE:inst7|CONTADOR_ANTIRREBOTE:inst11|inst28                                                                ;
; -1.000 ; 1.000        ; 2.000          ; Min Period       ; CLOCK_50 ; Rise       ; ANTIRREBOTE:inst7|CONTADOR_ANTIRREBOTE:inst11|inst30                                                                ;
; -1.000 ; 1.000        ; 2.000          ; Min Period       ; CLOCK_50 ; Rise       ; ANTIRREBOTE:inst7|CONTADOR_ANTIRREBOTE:inst11|inst32                                                                ;
; -1.000 ; 1.000        ; 2.000          ; Min Period       ; CLOCK_50 ; Rise       ; ANTIRREBOTE:inst7|CONTADOR_ANTIRREBOTE:inst11|inst34                                                                ;
; -1.000 ; 1.000        ; 2.000          ; Min Period       ; CLOCK_50 ; Rise       ; ANTIRREBOTE:inst7|CONTADOR_ANTIRREBOTE:inst11|inst36                                                                ;
; -1.000 ; 1.000        ; 2.000          ; Min Period       ; CLOCK_50 ; Rise       ; ANTIRREBOTE:inst7|CONTADOR_ANTIRREBOTE:inst11|inst38                                                                ;
; -1.000 ; 1.000        ; 2.000          ; Min Period       ; CLOCK_50 ; Rise       ; ANTIRREBOTE:inst7|CONTADOR_ANTIRREBOTE:inst11|inst40                                                                ;
; -1.000 ; 1.000        ; 2.000          ; Min Period       ; CLOCK_50 ; Rise       ; ANTIRREBOTE:inst7|CONTADOR_ANTIRREBOTE:inst11|inst42                                                                ;
; -1.000 ; 1.000        ; 2.000          ; Min Period       ; CLOCK_50 ; Rise       ; ANTIRREBOTE:inst7|CONTADOR_ANTIRREBOTE:inst11|inst44                                                                ;
; -1.000 ; 1.000        ; 2.000          ; Min Period       ; CLOCK_50 ; Rise       ; ANTIRREBOTE:inst7|CONTADOR_ANTIRREBOTE:inst11|inst46                                                                ;
; -1.000 ; 1.000        ; 2.000          ; Min Period       ; CLOCK_50 ; Rise       ; ANTIRREBOTE:inst7|CONTADOR_ANTIRREBOTE:inst11|inst48                                                                ;
; -1.000 ; 1.000        ; 2.000          ; Min Period       ; CLOCK_50 ; Rise       ; ANTIRREBOTE:inst7|CONTADOR_ANTIRREBOTE:inst11|inst50                                                                ;
; -1.000 ; 1.000        ; 2.000          ; Min Period       ; CLOCK_50 ; Rise       ; ANTIRREBOTE:inst7|CONTADOR_ANTIRREBOTE:inst11|inst52                                                                ;
; -1.000 ; 1.000        ; 2.000          ; Min Period       ; CLOCK_50 ; Rise       ; ANTIRREBOTE:inst7|inst1                                                                                             ;
; -1.000 ; 1.000        ; 2.000          ; Min Period       ; CLOCK_50 ; Rise       ; ANTIRREBOTE:inst7|inst10                                                                                            ;
; -1.000 ; 1.000        ; 2.000          ; Min Period       ; CLOCK_50 ; Rise       ; ANTIRREBOTE:inst7|inst2                                                                                             ;
; -0.017 ; 0.213        ; 0.230          ; Low Pulse Width  ; CLOCK_50 ; Rise       ; ROM:inst1|miROM:inst|altsyncram:altsyncram_component|altsyncram_3nr3:auto_generated|ram_block1a0~porta_address_reg0 ;
; 0.080  ; 0.264        ; 0.184          ; Low Pulse Width  ; CLOCK_50 ; Rise       ; ANTIRREBOTE:inst7|CONTADOR_ANTIRREBOTE:inst11|inst28                                                                ;
; 0.081  ; 0.265        ; 0.184          ; Low Pulse Width  ; CLOCK_50 ; Rise       ; ANTIRREBOTE:inst7|CONTADOR_ANTIRREBOTE:inst11|inst32                                                                ;
; 0.081  ; 0.265        ; 0.184          ; Low Pulse Width  ; CLOCK_50 ; Rise       ; ANTIRREBOTE:inst7|CONTADOR_ANTIRREBOTE:inst11|inst34                                                                ;
; 0.081  ; 0.265        ; 0.184          ; Low Pulse Width  ; CLOCK_50 ; Rise       ; ANTIRREBOTE:inst7|CONTADOR_ANTIRREBOTE:inst11|inst38                                                                ;
; 0.081  ; 0.265        ; 0.184          ; Low Pulse Width  ; CLOCK_50 ; Rise       ; ANTIRREBOTE:inst7|CONTADOR_ANTIRREBOTE:inst11|inst40                                                                ;
; 0.081  ; 0.265        ; 0.184          ; Low Pulse Width  ; CLOCK_50 ; Rise       ; ANTIRREBOTE:inst7|CONTADOR_ANTIRREBOTE:inst11|inst42                                                                ;
; 0.081  ; 0.265        ; 0.184          ; Low Pulse Width  ; CLOCK_50 ; Rise       ; ANTIRREBOTE:inst7|CONTADOR_ANTIRREBOTE:inst11|inst44                                                                ;
; 0.081  ; 0.265        ; 0.184          ; Low Pulse Width  ; CLOCK_50 ; Rise       ; ANTIRREBOTE:inst7|CONTADOR_ANTIRREBOTE:inst11|inst46                                                                ;
; 0.081  ; 0.265        ; 0.184          ; Low Pulse Width  ; CLOCK_50 ; Rise       ; ANTIRREBOTE:inst7|CONTADOR_ANTIRREBOTE:inst11|inst48                                                                ;
; 0.081  ; 0.265        ; 0.184          ; Low Pulse Width  ; CLOCK_50 ; Rise       ; ANTIRREBOTE:inst7|CONTADOR_ANTIRREBOTE:inst11|inst50                                                                ;
; 0.081  ; 0.265        ; 0.184          ; Low Pulse Width  ; CLOCK_50 ; Rise       ; ANTIRREBOTE:inst7|CONTADOR_ANTIRREBOTE:inst11|inst52                                                                ;
; 0.081  ; 0.265        ; 0.184          ; Low Pulse Width  ; CLOCK_50 ; Rise       ; ANTIRREBOTE:inst7|inst1                                                                                             ;
; 0.090  ; 0.274        ; 0.184          ; Low Pulse Width  ; CLOCK_50 ; Rise       ; ANTIRREBOTE:inst7|CONTADOR_ANTIRREBOTE:inst11|inst36                                                                ;
; 0.090  ; 0.274        ; 0.184          ; Low Pulse Width  ; CLOCK_50 ; Rise       ; ANTIRREBOTE:inst7|inst2                                                                                             ;
; 0.091  ; 0.275        ; 0.184          ; Low Pulse Width  ; CLOCK_50 ; Rise       ; ANTIRREBOTE:inst7|CONTADOR_ANTIRREBOTE:inst11|inst13                                                                ;
; 0.091  ; 0.275        ; 0.184          ; Low Pulse Width  ; CLOCK_50 ; Rise       ; ANTIRREBOTE:inst7|CONTADOR_ANTIRREBOTE:inst11|inst14                                                                ;
; 0.091  ; 0.275        ; 0.184          ; Low Pulse Width  ; CLOCK_50 ; Rise       ; ANTIRREBOTE:inst7|CONTADOR_ANTIRREBOTE:inst11|inst16                                                                ;
; 0.091  ; 0.275        ; 0.184          ; Low Pulse Width  ; CLOCK_50 ; Rise       ; ANTIRREBOTE:inst7|CONTADOR_ANTIRREBOTE:inst11|inst18                                                                ;
; 0.091  ; 0.275        ; 0.184          ; Low Pulse Width  ; CLOCK_50 ; Rise       ; ANTIRREBOTE:inst7|CONTADOR_ANTIRREBOTE:inst11|inst20                                                                ;
; 0.091  ; 0.275        ; 0.184          ; Low Pulse Width  ; CLOCK_50 ; Rise       ; ANTIRREBOTE:inst7|CONTADOR_ANTIRREBOTE:inst11|inst22                                                                ;
; 0.091  ; 0.275        ; 0.184          ; Low Pulse Width  ; CLOCK_50 ; Rise       ; ANTIRREBOTE:inst7|CONTADOR_ANTIRREBOTE:inst11|inst24                                                                ;
; 0.091  ; 0.275        ; 0.184          ; Low Pulse Width  ; CLOCK_50 ; Rise       ; ANTIRREBOTE:inst7|CONTADOR_ANTIRREBOTE:inst11|inst26                                                                ;
; 0.091  ; 0.275        ; 0.184          ; Low Pulse Width  ; CLOCK_50 ; Rise       ; ANTIRREBOTE:inst7|CONTADOR_ANTIRREBOTE:inst11|inst30                                                                ;
; 0.091  ; 0.275        ; 0.184          ; Low Pulse Width  ; CLOCK_50 ; Rise       ; ANTIRREBOTE:inst7|inst10                                                                                            ;
; 0.240  ; 0.240        ; 0.000          ; Low Pulse Width  ; CLOCK_50 ; Rise       ; inst7|inst11|inst28|clk                                                                                             ;
; 0.241  ; 0.241        ; 0.000          ; Low Pulse Width  ; CLOCK_50 ; Rise       ; inst7|inst11|inst32|clk                                                                                             ;
; 0.241  ; 0.241        ; 0.000          ; Low Pulse Width  ; CLOCK_50 ; Rise       ; inst7|inst11|inst34|clk                                                                                             ;
; 0.241  ; 0.241        ; 0.000          ; Low Pulse Width  ; CLOCK_50 ; Rise       ; inst7|inst11|inst38|clk                                                                                             ;
; 0.241  ; 0.241        ; 0.000          ; Low Pulse Width  ; CLOCK_50 ; Rise       ; inst7|inst11|inst40|clk                                                                                             ;
; 0.241  ; 0.241        ; 0.000          ; Low Pulse Width  ; CLOCK_50 ; Rise       ; inst7|inst11|inst42|clk                                                                                             ;
; 0.241  ; 0.241        ; 0.000          ; Low Pulse Width  ; CLOCK_50 ; Rise       ; inst7|inst11|inst44|clk                                                                                             ;
; 0.241  ; 0.241        ; 0.000          ; Low Pulse Width  ; CLOCK_50 ; Rise       ; inst7|inst11|inst46|clk                                                                                             ;
; 0.241  ; 0.241        ; 0.000          ; Low Pulse Width  ; CLOCK_50 ; Rise       ; inst7|inst11|inst48|clk                                                                                             ;
; 0.241  ; 0.241        ; 0.000          ; Low Pulse Width  ; CLOCK_50 ; Rise       ; inst7|inst11|inst50|clk                                                                                             ;
; 0.241  ; 0.241        ; 0.000          ; Low Pulse Width  ; CLOCK_50 ; Rise       ; inst7|inst11|inst52|clk                                                                                             ;
; 0.241  ; 0.241        ; 0.000          ; Low Pulse Width  ; CLOCK_50 ; Rise       ; inst7|inst1|clk                                                                                                     ;
; 0.245  ; 0.245        ; 0.000          ; Low Pulse Width  ; CLOCK_50 ; Rise       ; CLOCK_50~input|o                                                                                                    ;
; 0.250  ; 0.250        ; 0.000          ; Low Pulse Width  ; CLOCK_50 ; Rise       ; inst1|inst|altsyncram_component|auto_generated|ram_block1a0|clk0                                                    ;
; 0.250  ; 0.250        ; 0.000          ; Low Pulse Width  ; CLOCK_50 ; Rise       ; inst7|inst11|inst36|clk                                                                                             ;
; 0.250  ; 0.250        ; 0.000          ; Low Pulse Width  ; CLOCK_50 ; Rise       ; inst7|inst2|clk                                                                                                     ;
; 0.251  ; 0.251        ; 0.000          ; Low Pulse Width  ; CLOCK_50 ; Rise       ; inst7|inst10|clk                                                                                                    ;
; 0.251  ; 0.251        ; 0.000          ; Low Pulse Width  ; CLOCK_50 ; Rise       ; inst7|inst11|inst13|clk                                                                                             ;
; 0.251  ; 0.251        ; 0.000          ; Low Pulse Width  ; CLOCK_50 ; Rise       ; inst7|inst11|inst14|clk                                                                                             ;
; 0.251  ; 0.251        ; 0.000          ; Low Pulse Width  ; CLOCK_50 ; Rise       ; inst7|inst11|inst16|clk                                                                                             ;
; 0.251  ; 0.251        ; 0.000          ; Low Pulse Width  ; CLOCK_50 ; Rise       ; inst7|inst11|inst18|clk                                                                                             ;
; 0.251  ; 0.251        ; 0.000          ; Low Pulse Width  ; CLOCK_50 ; Rise       ; inst7|inst11|inst20|clk                                                                                             ;
; 0.251  ; 0.251        ; 0.000          ; Low Pulse Width  ; CLOCK_50 ; Rise       ; inst7|inst11|inst22|clk                                                                                             ;
; 0.251  ; 0.251        ; 0.000          ; Low Pulse Width  ; CLOCK_50 ; Rise       ; inst7|inst11|inst24|clk                                                                                             ;
; 0.251  ; 0.251        ; 0.000          ; Low Pulse Width  ; CLOCK_50 ; Rise       ; inst7|inst11|inst26|clk                                                                                             ;
; 0.251  ; 0.251        ; 0.000          ; Low Pulse Width  ; CLOCK_50 ; Rise       ; inst7|inst11|inst30|clk                                                                                             ;
; 0.254  ; 0.254        ; 0.000          ; Low Pulse Width  ; CLOCK_50 ; Rise       ; CLOCK_50~inputclkctrl|inclk[0]                                                                                      ;
; 0.254  ; 0.254        ; 0.000          ; Low Pulse Width  ; CLOCK_50 ; Rise       ; CLOCK_50~inputclkctrl|outclk                                                                                        ;
; 0.500  ; 0.500        ; 0.000          ; High Pulse Width ; CLOCK_50 ; Rise       ; CLOCK_50~input|i                                                                                                    ;
; 0.500  ; 0.500        ; 0.000          ; Low Pulse Width  ; CLOCK_50 ; Rise       ; CLOCK_50~input|i                                                                                                    ;
; 0.508  ; 0.724        ; 0.216          ; High Pulse Width ; CLOCK_50 ; Rise       ; ANTIRREBOTE:inst7|CONTADOR_ANTIRREBOTE:inst11|inst36                                                                ;
; 0.508  ; 0.724        ; 0.216          ; High Pulse Width ; CLOCK_50 ; Rise       ; ANTIRREBOTE:inst7|inst2                                                                                             ;
; 0.509  ; 0.725        ; 0.216          ; High Pulse Width ; CLOCK_50 ; Rise       ; ANTIRREBOTE:inst7|CONTADOR_ANTIRREBOTE:inst11|inst13                                                                ;
; 0.509  ; 0.725        ; 0.216          ; High Pulse Width ; CLOCK_50 ; Rise       ; ANTIRREBOTE:inst7|CONTADOR_ANTIRREBOTE:inst11|inst14                                                                ;
; 0.509  ; 0.725        ; 0.216          ; High Pulse Width ; CLOCK_50 ; Rise       ; ANTIRREBOTE:inst7|CONTADOR_ANTIRREBOTE:inst11|inst16                                                                ;
; 0.509  ; 0.725        ; 0.216          ; High Pulse Width ; CLOCK_50 ; Rise       ; ANTIRREBOTE:inst7|CONTADOR_ANTIRREBOTE:inst11|inst18                                                                ;
; 0.509  ; 0.725        ; 0.216          ; High Pulse Width ; CLOCK_50 ; Rise       ; ANTIRREBOTE:inst7|CONTADOR_ANTIRREBOTE:inst11|inst20                                                                ;
; 0.509  ; 0.725        ; 0.216          ; High Pulse Width ; CLOCK_50 ; Rise       ; ANTIRREBOTE:inst7|CONTADOR_ANTIRREBOTE:inst11|inst22                                                                ;
; 0.509  ; 0.725        ; 0.216          ; High Pulse Width ; CLOCK_50 ; Rise       ; ANTIRREBOTE:inst7|CONTADOR_ANTIRREBOTE:inst11|inst24                                                                ;
; 0.509  ; 0.725        ; 0.216          ; High Pulse Width ; CLOCK_50 ; Rise       ; ANTIRREBOTE:inst7|CONTADOR_ANTIRREBOTE:inst11|inst26                                                                ;
; 0.509  ; 0.725        ; 0.216          ; High Pulse Width ; CLOCK_50 ; Rise       ; ANTIRREBOTE:inst7|CONTADOR_ANTIRREBOTE:inst11|inst30                                                                ;
; 0.509  ; 0.725        ; 0.216          ; High Pulse Width ; CLOCK_50 ; Rise       ; ANTIRREBOTE:inst7|inst10                                                                                            ;
; 0.519  ; 0.735        ; 0.216          ; High Pulse Width ; CLOCK_50 ; Rise       ; ANTIRREBOTE:inst7|CONTADOR_ANTIRREBOTE:inst11|inst28                                                                ;
; 0.519  ; 0.735        ; 0.216          ; High Pulse Width ; CLOCK_50 ; Rise       ; ANTIRREBOTE:inst7|CONTADOR_ANTIRREBOTE:inst11|inst32                                                                ;
; 0.519  ; 0.735        ; 0.216          ; High Pulse Width ; CLOCK_50 ; Rise       ; ANTIRREBOTE:inst7|CONTADOR_ANTIRREBOTE:inst11|inst34                                                                ;
; 0.519  ; 0.735        ; 0.216          ; High Pulse Width ; CLOCK_50 ; Rise       ; ANTIRREBOTE:inst7|CONTADOR_ANTIRREBOTE:inst11|inst38                                                                ;
; 0.519  ; 0.735        ; 0.216          ; High Pulse Width ; CLOCK_50 ; Rise       ; ANTIRREBOTE:inst7|CONTADOR_ANTIRREBOTE:inst11|inst40                                                                ;
; 0.519  ; 0.735        ; 0.216          ; High Pulse Width ; CLOCK_50 ; Rise       ; ANTIRREBOTE:inst7|CONTADOR_ANTIRREBOTE:inst11|inst42                                                                ;
; 0.519  ; 0.735        ; 0.216          ; High Pulse Width ; CLOCK_50 ; Rise       ; ANTIRREBOTE:inst7|CONTADOR_ANTIRREBOTE:inst11|inst44                                                                ;
+--------+--------------+----------------+------------------+----------+------------+---------------------------------------------------------------------------------------------------------------------+


+--------------------------------------------------------------------------------------------------------------------------------------+
; Slow 1200mV 0C Model Minimum Pulse Width: 'ANTIRREBOTE:inst7|inst10'                                                                 ;
+--------+--------------+----------------+------------------+--------------------------+------------+----------------------------------+
; Slack  ; Actual Width ; Required Width ; Type             ; Clock                    ; Clock Edge ; Target                           ;
+--------+--------------+----------------+------------------+--------------------------+------------+----------------------------------+
; -1.000 ; 1.000        ; 2.000          ; Min Period       ; ANTIRREBOTE:inst7|inst10 ; Rise       ; CONTADOR_RIZO:inst|FFD:inst|inst ;
; -1.000 ; 1.000        ; 2.000          ; Min Period       ; ANTIRREBOTE:inst7|inst10 ; Rise       ; REG8BIT:inst3|FFD:inst1|inst     ;
; -1.000 ; 1.000        ; 2.000          ; Min Period       ; ANTIRREBOTE:inst7|inst10 ; Rise       ; REG8BIT:inst3|FFD:inst2|inst     ;
; -1.000 ; 1.000        ; 2.000          ; Min Period       ; ANTIRREBOTE:inst7|inst10 ; Rise       ; REG8BIT:inst3|FFD:inst3|inst     ;
; -1.000 ; 1.000        ; 2.000          ; Min Period       ; ANTIRREBOTE:inst7|inst10 ; Rise       ; REG8BIT:inst3|FFD:inst4|inst     ;
; -1.000 ; 1.000        ; 2.000          ; Min Period       ; ANTIRREBOTE:inst7|inst10 ; Rise       ; REG8BIT:inst3|FFD:inst5|inst     ;
; -1.000 ; 1.000        ; 2.000          ; Min Period       ; ANTIRREBOTE:inst7|inst10 ; Rise       ; REG8BIT:inst3|FFD:inst6|inst     ;
; -1.000 ; 1.000        ; 2.000          ; Min Period       ; ANTIRREBOTE:inst7|inst10 ; Rise       ; REG8BIT:inst3|FFD:inst7|inst     ;
; -1.000 ; 1.000        ; 2.000          ; Min Period       ; ANTIRREBOTE:inst7|inst10 ; Rise       ; REG8BIT:inst3|FFD:inst8|inst     ;
; 0.291  ; 0.507        ; 0.216          ; High Pulse Width ; ANTIRREBOTE:inst7|inst10 ; Rise       ; CONTADOR_RIZO:inst|FFD:inst|inst ;
; 0.291  ; 0.507        ; 0.216          ; High Pulse Width ; ANTIRREBOTE:inst7|inst10 ; Rise       ; REG8BIT:inst3|FFD:inst1|inst     ;
; 0.291  ; 0.507        ; 0.216          ; High Pulse Width ; ANTIRREBOTE:inst7|inst10 ; Rise       ; REG8BIT:inst3|FFD:inst5|inst     ;
; 0.291  ; 0.507        ; 0.216          ; High Pulse Width ; ANTIRREBOTE:inst7|inst10 ; Rise       ; REG8BIT:inst3|FFD:inst6|inst     ;
; 0.291  ; 0.507        ; 0.216          ; High Pulse Width ; ANTIRREBOTE:inst7|inst10 ; Rise       ; REG8BIT:inst3|FFD:inst8|inst     ;
; 0.297  ; 0.513        ; 0.216          ; High Pulse Width ; ANTIRREBOTE:inst7|inst10 ; Rise       ; REG8BIT:inst3|FFD:inst2|inst     ;
; 0.297  ; 0.513        ; 0.216          ; High Pulse Width ; ANTIRREBOTE:inst7|inst10 ; Rise       ; REG8BIT:inst3|FFD:inst3|inst     ;
; 0.297  ; 0.513        ; 0.216          ; High Pulse Width ; ANTIRREBOTE:inst7|inst10 ; Rise       ; REG8BIT:inst3|FFD:inst4|inst     ;
; 0.297  ; 0.513        ; 0.216          ; High Pulse Width ; ANTIRREBOTE:inst7|inst10 ; Rise       ; REG8BIT:inst3|FFD:inst7|inst     ;
; 0.301  ; 0.485        ; 0.184          ; Low Pulse Width  ; ANTIRREBOTE:inst7|inst10 ; Rise       ; REG8BIT:inst3|FFD:inst2|inst     ;
; 0.301  ; 0.485        ; 0.184          ; Low Pulse Width  ; ANTIRREBOTE:inst7|inst10 ; Rise       ; REG8BIT:inst3|FFD:inst3|inst     ;
; 0.301  ; 0.485        ; 0.184          ; Low Pulse Width  ; ANTIRREBOTE:inst7|inst10 ; Rise       ; REG8BIT:inst3|FFD:inst4|inst     ;
; 0.301  ; 0.485        ; 0.184          ; Low Pulse Width  ; ANTIRREBOTE:inst7|inst10 ; Rise       ; REG8BIT:inst3|FFD:inst7|inst     ;
; 0.307  ; 0.491        ; 0.184          ; Low Pulse Width  ; ANTIRREBOTE:inst7|inst10 ; Rise       ; CONTADOR_RIZO:inst|FFD:inst|inst ;
; 0.307  ; 0.491        ; 0.184          ; Low Pulse Width  ; ANTIRREBOTE:inst7|inst10 ; Rise       ; REG8BIT:inst3|FFD:inst1|inst     ;
; 0.307  ; 0.491        ; 0.184          ; Low Pulse Width  ; ANTIRREBOTE:inst7|inst10 ; Rise       ; REG8BIT:inst3|FFD:inst5|inst     ;
; 0.307  ; 0.491        ; 0.184          ; Low Pulse Width  ; ANTIRREBOTE:inst7|inst10 ; Rise       ; REG8BIT:inst3|FFD:inst6|inst     ;
; 0.307  ; 0.491        ; 0.184          ; Low Pulse Width  ; ANTIRREBOTE:inst7|inst10 ; Rise       ; REG8BIT:inst3|FFD:inst8|inst     ;
; 0.461  ; 0.461        ; 0.000          ; Low Pulse Width  ; ANTIRREBOTE:inst7|inst10 ; Rise       ; inst3|inst2|inst|clk             ;
; 0.461  ; 0.461        ; 0.000          ; Low Pulse Width  ; ANTIRREBOTE:inst7|inst10 ; Rise       ; inst3|inst3|inst|clk             ;
; 0.461  ; 0.461        ; 0.000          ; Low Pulse Width  ; ANTIRREBOTE:inst7|inst10 ; Rise       ; inst3|inst4|inst|clk             ;
; 0.461  ; 0.461        ; 0.000          ; Low Pulse Width  ; ANTIRREBOTE:inst7|inst10 ; Rise       ; inst3|inst7|inst|clk             ;
; 0.467  ; 0.467        ; 0.000          ; Low Pulse Width  ; ANTIRREBOTE:inst7|inst10 ; Rise       ; inst3|inst1|inst|clk             ;
; 0.467  ; 0.467        ; 0.000          ; Low Pulse Width  ; ANTIRREBOTE:inst7|inst10 ; Rise       ; inst3|inst5|inst|clk             ;
; 0.467  ; 0.467        ; 0.000          ; Low Pulse Width  ; ANTIRREBOTE:inst7|inst10 ; Rise       ; inst3|inst6|inst|clk             ;
; 0.467  ; 0.467        ; 0.000          ; Low Pulse Width  ; ANTIRREBOTE:inst7|inst10 ; Rise       ; inst3|inst8|inst|clk             ;
; 0.467  ; 0.467        ; 0.000          ; Low Pulse Width  ; ANTIRREBOTE:inst7|inst10 ; Rise       ; inst|inst|inst|clk               ;
; 0.472  ; 0.472        ; 0.000          ; Low Pulse Width  ; ANTIRREBOTE:inst7|inst10 ; Rise       ; inst7|inst10~clkctrl|inclk[0]    ;
; 0.472  ; 0.472        ; 0.000          ; Low Pulse Width  ; ANTIRREBOTE:inst7|inst10 ; Rise       ; inst7|inst10~clkctrl|outclk      ;
; 0.500  ; 0.500        ; 0.000          ; High Pulse Width ; ANTIRREBOTE:inst7|inst10 ; Rise       ; inst7|inst10|q                   ;
; 0.500  ; 0.500        ; 0.000          ; Low Pulse Width  ; ANTIRREBOTE:inst7|inst10 ; Rise       ; inst7|inst10|q                   ;
; 0.527  ; 0.527        ; 0.000          ; High Pulse Width ; ANTIRREBOTE:inst7|inst10 ; Rise       ; inst7|inst10~clkctrl|inclk[0]    ;
; 0.527  ; 0.527        ; 0.000          ; High Pulse Width ; ANTIRREBOTE:inst7|inst10 ; Rise       ; inst7|inst10~clkctrl|outclk      ;
; 0.531  ; 0.531        ; 0.000          ; High Pulse Width ; ANTIRREBOTE:inst7|inst10 ; Rise       ; inst3|inst1|inst|clk             ;
; 0.531  ; 0.531        ; 0.000          ; High Pulse Width ; ANTIRREBOTE:inst7|inst10 ; Rise       ; inst3|inst5|inst|clk             ;
; 0.531  ; 0.531        ; 0.000          ; High Pulse Width ; ANTIRREBOTE:inst7|inst10 ; Rise       ; inst3|inst6|inst|clk             ;
; 0.531  ; 0.531        ; 0.000          ; High Pulse Width ; ANTIRREBOTE:inst7|inst10 ; Rise       ; inst3|inst8|inst|clk             ;
; 0.531  ; 0.531        ; 0.000          ; High Pulse Width ; ANTIRREBOTE:inst7|inst10 ; Rise       ; inst|inst|inst|clk               ;
; 0.537  ; 0.537        ; 0.000          ; High Pulse Width ; ANTIRREBOTE:inst7|inst10 ; Rise       ; inst3|inst2|inst|clk             ;
; 0.537  ; 0.537        ; 0.000          ; High Pulse Width ; ANTIRREBOTE:inst7|inst10 ; Rise       ; inst3|inst3|inst|clk             ;
; 0.537  ; 0.537        ; 0.000          ; High Pulse Width ; ANTIRREBOTE:inst7|inst10 ; Rise       ; inst3|inst4|inst|clk             ;
; 0.537  ; 0.537        ; 0.000          ; High Pulse Width ; ANTIRREBOTE:inst7|inst10 ; Rise       ; inst3|inst7|inst|clk             ;
+--------+--------------+----------------+------------------+--------------------------+------------+----------------------------------+


+------------------------------------------------------------------------------------------------------------------------------------------------+
; Slow 1200mV 0C Model Minimum Pulse Width: 'CONTADOR_RIZO:inst|FFD:inst1|inst'                                                                  ;
+--------+--------------+----------------+------------------+-----------------------------------+------------+-----------------------------------+
; Slack  ; Actual Width ; Required Width ; Type             ; Clock                             ; Clock Edge ; Target                            ;
+--------+--------------+----------------+------------------+-----------------------------------+------------+-----------------------------------+
; -1.000 ; 1.000        ; 2.000          ; Min Period       ; CONTADOR_RIZO:inst|FFD:inst1|inst ; Fall       ; CONTADOR_RIZO:inst|FFD:inst2|inst ;
; 0.231  ; 0.447        ; 0.216          ; High Pulse Width ; CONTADOR_RIZO:inst|FFD:inst1|inst ; Fall       ; CONTADOR_RIZO:inst|FFD:inst2|inst ;
; 0.368  ; 0.552        ; 0.184          ; Low Pulse Width  ; CONTADOR_RIZO:inst|FFD:inst1|inst ; Fall       ; CONTADOR_RIZO:inst|FFD:inst2|inst ;
; 0.432  ; 0.432        ; 0.000          ; Low Pulse Width  ; CONTADOR_RIZO:inst|FFD:inst1|inst ; Rise       ; inst|inst2|inst|clk               ;
; 0.500  ; 0.500        ; 0.000          ; High Pulse Width ; CONTADOR_RIZO:inst|FFD:inst1|inst ; Rise       ; inst|inst1|inst|q                 ;
; 0.500  ; 0.500        ; 0.000          ; Low Pulse Width  ; CONTADOR_RIZO:inst|FFD:inst1|inst ; Rise       ; inst|inst1|inst|q                 ;
; 0.566  ; 0.566        ; 0.000          ; High Pulse Width ; CONTADOR_RIZO:inst|FFD:inst1|inst ; Rise       ; inst|inst2|inst|clk               ;
+--------+--------------+----------------+------------------+-----------------------------------+------------+-----------------------------------+


+-----------------------------------------------------------------------------------------------------------------------------------------------+
; Slow 1200mV 0C Model Minimum Pulse Width: 'CONTADOR_RIZO:inst|FFD:inst|inst'                                                                  ;
+--------+--------------+----------------+------------------+----------------------------------+------------+-----------------------------------+
; Slack  ; Actual Width ; Required Width ; Type             ; Clock                            ; Clock Edge ; Target                            ;
+--------+--------------+----------------+------------------+----------------------------------+------------+-----------------------------------+
; -1.000 ; 1.000        ; 2.000          ; Min Period       ; CONTADOR_RIZO:inst|FFD:inst|inst ; Fall       ; CONTADOR_RIZO:inst|FFD:inst1|inst ;
; 0.268  ; 0.484        ; 0.216          ; High Pulse Width ; CONTADOR_RIZO:inst|FFD:inst|inst ; Fall       ; CONTADOR_RIZO:inst|FFD:inst1|inst ;
; 0.332  ; 0.516        ; 0.184          ; Low Pulse Width  ; CONTADOR_RIZO:inst|FFD:inst|inst ; Fall       ; CONTADOR_RIZO:inst|FFD:inst1|inst ;
; 0.469  ; 0.469        ; 0.000          ; Low Pulse Width  ; CONTADOR_RIZO:inst|FFD:inst|inst ; Rise       ; inst|inst1|inst|clk               ;
; 0.500  ; 0.500        ; 0.000          ; High Pulse Width ; CONTADOR_RIZO:inst|FFD:inst|inst ; Rise       ; inst|inst|inst|q                  ;
; 0.500  ; 0.500        ; 0.000          ; Low Pulse Width  ; CONTADOR_RIZO:inst|FFD:inst|inst ; Rise       ; inst|inst|inst|q                  ;
; 0.530  ; 0.530        ; 0.000          ; High Pulse Width ; CONTADOR_RIZO:inst|FFD:inst|inst ; Rise       ; inst|inst1|inst|clk               ;
+--------+--------------+----------------+------------------+----------------------------------+------------+-----------------------------------+


+-----------------------------------------------------------------------+
; Setup Times                                                           ;
+-----------+------------+-------+-------+------------+-----------------+
; Data Port ; Clock Port ; Rise  ; Fall  ; Clock Edge ; Clock Reference ;
+-----------+------------+-------+-------+------------+-----------------+
; CLK       ; CLOCK_50   ; 1.386 ; 1.852 ; Rise       ; CLOCK_50        ;
; SIM_MODE  ; CLOCK_50   ; 2.798 ; 3.268 ; Rise       ; CLOCK_50        ;
+-----------+------------+-------+-------+------------+-----------------+


+-------------------------------------------------------------------------+
; Hold Times                                                              ;
+-----------+------------+--------+--------+------------+-----------------+
; Data Port ; Clock Port ; Rise   ; Fall   ; Clock Edge ; Clock Reference ;
+-----------+------------+--------+--------+------------+-----------------+
; CLK       ; CLOCK_50   ; -1.023 ; -1.486 ; Rise       ; CLOCK_50        ;
; SIM_MODE  ; CLOCK_50   ; -2.297 ; -2.765 ; Rise       ; CLOCK_50        ;
+-----------+------------+--------+--------+------------+-----------------+


+---------------------------------------------------------------------------------------------------------------------+
; Clock to Output Times                                                                                               ;
+--------------+-----------------------------------+--------+--------+------------+-----------------------------------+
; Data Port    ; Clock Port                        ; Rise   ; Fall   ; Clock Edge ; Clock Reference                   ;
+--------------+-----------------------------------+--------+--------+------------+-----------------------------------+
; ACC[*]       ; ANTIRREBOTE:inst7|inst10          ; 6.504  ; 6.509  ; Rise       ; ANTIRREBOTE:inst7|inst10          ;
;  ACC[0]      ; ANTIRREBOTE:inst7|inst10          ; 5.770  ; 5.735  ; Rise       ; ANTIRREBOTE:inst7|inst10          ;
;  ACC[1]      ; ANTIRREBOTE:inst7|inst10          ; 6.022  ; 6.041  ; Rise       ; ANTIRREBOTE:inst7|inst10          ;
;  ACC[2]      ; ANTIRREBOTE:inst7|inst10          ; 5.898  ; 5.875  ; Rise       ; ANTIRREBOTE:inst7|inst10          ;
;  ACC[3]      ; ANTIRREBOTE:inst7|inst10          ; 6.504  ; 6.509  ; Rise       ; ANTIRREBOTE:inst7|inst10          ;
;  ACC[4]      ; ANTIRREBOTE:inst7|inst10          ; 6.128  ; 6.099  ; Rise       ; ANTIRREBOTE:inst7|inst10          ;
;  ACC[5]      ; ANTIRREBOTE:inst7|inst10          ; 5.931  ; 5.908  ; Rise       ; ANTIRREBOTE:inst7|inst10          ;
;  ACC[6]      ; ANTIRREBOTE:inst7|inst10          ; 5.899  ; 5.894  ; Rise       ; ANTIRREBOTE:inst7|inst10          ;
;  ACC[7]      ; ANTIRREBOTE:inst7|inst10          ; 6.079  ; 6.046  ; Rise       ; ANTIRREBOTE:inst7|inst10          ;
; Cout         ; ANTIRREBOTE:inst7|inst10          ; 9.277  ; 9.271  ; Rise       ; ANTIRREBOTE:inst7|inst10          ;
; HEX0[*]      ; ANTIRREBOTE:inst7|inst10          ; 7.677  ; 7.454  ; Rise       ; ANTIRREBOTE:inst7|inst10          ;
;  HEX0[0]     ; ANTIRREBOTE:inst7|inst10          ; 7.207  ; 7.015  ; Rise       ; ANTIRREBOTE:inst7|inst10          ;
;  HEX0[1]     ; ANTIRREBOTE:inst7|inst10          ; 7.198  ; 7.048  ; Rise       ; ANTIRREBOTE:inst7|inst10          ;
;  HEX0[2]     ; ANTIRREBOTE:inst7|inst10          ; 7.587  ; 7.424  ; Rise       ; ANTIRREBOTE:inst7|inst10          ;
;  HEX0[3]     ; ANTIRREBOTE:inst7|inst10          ; 7.662  ; 7.446  ; Rise       ; ANTIRREBOTE:inst7|inst10          ;
;  HEX0[4]     ; ANTIRREBOTE:inst7|inst10          ; 7.677  ; 7.454  ; Rise       ; ANTIRREBOTE:inst7|inst10          ;
;  HEX0[5]     ; ANTIRREBOTE:inst7|inst10          ; 7.579  ; 7.415  ; Rise       ; ANTIRREBOTE:inst7|inst10          ;
;  HEX0[6]     ; ANTIRREBOTE:inst7|inst10          ; 7.619  ; 7.434  ; Rise       ; ANTIRREBOTE:inst7|inst10          ;
; HEX1[*]      ; ANTIRREBOTE:inst7|inst10          ; 7.684  ; 7.498  ; Rise       ; ANTIRREBOTE:inst7|inst10          ;
;  HEX1[0]     ; ANTIRREBOTE:inst7|inst10          ; 7.684  ; 7.496  ; Rise       ; ANTIRREBOTE:inst7|inst10          ;
;  HEX1[1]     ; ANTIRREBOTE:inst7|inst10          ; 7.310  ; 7.184  ; Rise       ; ANTIRREBOTE:inst7|inst10          ;
;  HEX1[2]     ; ANTIRREBOTE:inst7|inst10          ; 7.385  ; 7.300  ; Rise       ; ANTIRREBOTE:inst7|inst10          ;
;  HEX1[3]     ; ANTIRREBOTE:inst7|inst10          ; 7.681  ; 7.498  ; Rise       ; ANTIRREBOTE:inst7|inst10          ;
;  HEX1[4]     ; ANTIRREBOTE:inst7|inst10          ; 7.318  ; 7.138  ; Rise       ; ANTIRREBOTE:inst7|inst10          ;
;  HEX1[5]     ; ANTIRREBOTE:inst7|inst10          ; 7.444  ; 7.245  ; Rise       ; ANTIRREBOTE:inst7|inst10          ;
;  HEX1[6]     ; ANTIRREBOTE:inst7|inst10          ; 7.455  ; 7.325  ; Rise       ; ANTIRREBOTE:inst7|inst10          ;
; PULSO        ; ANTIRREBOTE:inst7|inst10          ; 3.081  ;        ; Rise       ; ANTIRREBOTE:inst7|inst10          ;
; PULSO        ; ANTIRREBOTE:inst7|inst10          ;        ; 3.049  ; Fall       ; ANTIRREBOTE:inst7|inst10          ;
; Cout         ; CLOCK_50                          ; 12.147 ; 12.044 ; Rise       ; CLOCK_50                          ;
; ROM_OUT[*]   ; CLOCK_50                          ; 9.234  ; 9.287  ; Rise       ; CLOCK_50                          ;
;  ROM_OUT[0]  ; CLOCK_50                          ; 8.450  ; 8.346  ; Rise       ; CLOCK_50                          ;
;  ROM_OUT[1]  ; CLOCK_50                          ; 7.958  ; 7.894  ; Rise       ; CLOCK_50                          ;
;  ROM_OUT[2]  ; CLOCK_50                          ; 7.923  ; 7.860  ; Rise       ; CLOCK_50                          ;
;  ROM_OUT[3]  ; CLOCK_50                          ; 7.954  ; 7.893  ; Rise       ; CLOCK_50                          ;
;  ROM_OUT[4]  ; CLOCK_50                          ; 7.983  ; 7.885  ; Rise       ; CLOCK_50                          ;
;  ROM_OUT[5]  ; CLOCK_50                          ; 9.234  ; 9.287  ; Rise       ; CLOCK_50                          ;
;  ROM_OUT[6]  ; CLOCK_50                          ; 8.219  ; 8.159  ; Rise       ; CLOCK_50                          ;
;  ROM_OUT[7]  ; CLOCK_50                          ; 8.059  ; 8.020  ; Rise       ; CLOCK_50                          ;
;  ROM_OUT[8]  ; CLOCK_50                          ; 8.289  ; 8.236  ; Rise       ; CLOCK_50                          ;
;  ROM_OUT[9]  ; CLOCK_50                          ; 7.971  ; 7.912  ; Rise       ; CLOCK_50                          ;
;  ROM_OUT[10] ; CLOCK_50                          ; 8.043  ; 7.999  ; Rise       ; CLOCK_50                          ;
; PC[*]        ; CONTADOR_RIZO:inst|FFD:inst1|inst ; 3.225  ;        ; Rise       ; CONTADOR_RIZO:inst|FFD:inst1|inst ;
;  PC[1]       ; CONTADOR_RIZO:inst|FFD:inst1|inst ; 3.225  ;        ; Rise       ; CONTADOR_RIZO:inst|FFD:inst1|inst ;
; PC[*]        ; CONTADOR_RIZO:inst|FFD:inst1|inst ; 6.220  ; 5.898  ; Fall       ; CONTADOR_RIZO:inst|FFD:inst1|inst ;
;  PC[1]       ; CONTADOR_RIZO:inst|FFD:inst1|inst ;        ; 3.086  ; Fall       ; CONTADOR_RIZO:inst|FFD:inst1|inst ;
;  PC[2]       ; CONTADOR_RIZO:inst|FFD:inst1|inst ; 6.220  ; 5.898  ; Fall       ; CONTADOR_RIZO:inst|FFD:inst1|inst ;
; PC[*]        ; CONTADOR_RIZO:inst|FFD:inst|inst  ; 4.892  ;        ; Rise       ; CONTADOR_RIZO:inst|FFD:inst|inst  ;
;  PC[0]       ; CONTADOR_RIZO:inst|FFD:inst|inst  ; 4.892  ;        ; Rise       ; CONTADOR_RIZO:inst|FFD:inst|inst  ;
; PC[*]        ; CONTADOR_RIZO:inst|FFD:inst|inst  ;        ; 4.688  ; Fall       ; CONTADOR_RIZO:inst|FFD:inst|inst  ;
;  PC[0]       ; CONTADOR_RIZO:inst|FFD:inst|inst  ;        ; 4.688  ; Fall       ; CONTADOR_RIZO:inst|FFD:inst|inst  ;
+--------------+-----------------------------------+--------+--------+------------+-----------------------------------+


+-------------------------------------------------------------------------------------------------------------------+
; Minimum Clock to Output Times                                                                                     ;
+--------------+-----------------------------------+-------+-------+------------+-----------------------------------+
; Data Port    ; Clock Port                        ; Rise  ; Fall  ; Clock Edge ; Clock Reference                   ;
+--------------+-----------------------------------+-------+-------+------------+-----------------------------------+
; ACC[*]       ; ANTIRREBOTE:inst7|inst10          ; 5.613 ; 5.578 ; Rise       ; ANTIRREBOTE:inst7|inst10          ;
;  ACC[0]      ; ANTIRREBOTE:inst7|inst10          ; 5.613 ; 5.578 ; Rise       ; ANTIRREBOTE:inst7|inst10          ;
;  ACC[1]      ; ANTIRREBOTE:inst7|inst10          ; 5.856 ; 5.873 ; Rise       ; ANTIRREBOTE:inst7|inst10          ;
;  ACC[2]      ; ANTIRREBOTE:inst7|inst10          ; 5.737 ; 5.713 ; Rise       ; ANTIRREBOTE:inst7|inst10          ;
;  ACC[3]      ; ANTIRREBOTE:inst7|inst10          ; 6.319 ; 6.322 ; Rise       ; ANTIRREBOTE:inst7|inst10          ;
;  ACC[4]      ; ANTIRREBOTE:inst7|inst10          ; 5.958 ; 5.928 ; Rise       ; ANTIRREBOTE:inst7|inst10          ;
;  ACC[5]      ; ANTIRREBOTE:inst7|inst10          ; 5.769 ; 5.745 ; Rise       ; ANTIRREBOTE:inst7|inst10          ;
;  ACC[6]      ; ANTIRREBOTE:inst7|inst10          ; 5.737 ; 5.730 ; Rise       ; ANTIRREBOTE:inst7|inst10          ;
;  ACC[7]      ; ANTIRREBOTE:inst7|inst10          ; 5.910 ; 5.877 ; Rise       ; ANTIRREBOTE:inst7|inst10          ;
; Cout         ; ANTIRREBOTE:inst7|inst10          ; 7.101 ; 7.019 ; Rise       ; ANTIRREBOTE:inst7|inst10          ;
; HEX0[*]      ; ANTIRREBOTE:inst7|inst10          ; 6.689 ; 6.523 ; Rise       ; ANTIRREBOTE:inst7|inst10          ;
;  HEX0[0]     ; ANTIRREBOTE:inst7|inst10          ; 6.689 ; 6.523 ; Rise       ; ANTIRREBOTE:inst7|inst10          ;
;  HEX0[1]     ; ANTIRREBOTE:inst7|inst10          ; 6.703 ; 6.537 ; Rise       ; ANTIRREBOTE:inst7|inst10          ;
;  HEX0[2]     ; ANTIRREBOTE:inst7|inst10          ; 7.111 ; 6.913 ; Rise       ; ANTIRREBOTE:inst7|inst10          ;
;  HEX0[3]     ; ANTIRREBOTE:inst7|inst10          ; 7.133 ; 6.930 ; Rise       ; ANTIRREBOTE:inst7|inst10          ;
;  HEX0[4]     ; ANTIRREBOTE:inst7|inst10          ; 7.244 ; 6.949 ; Rise       ; ANTIRREBOTE:inst7|inst10          ;
;  HEX0[5]     ; ANTIRREBOTE:inst7|inst10          ; 7.090 ; 6.896 ; Rise       ; ANTIRREBOTE:inst7|inst10          ;
;  HEX0[6]     ; ANTIRREBOTE:inst7|inst10          ; 7.113 ; 6.920 ; Rise       ; ANTIRREBOTE:inst7|inst10          ;
; HEX1[*]      ; ANTIRREBOTE:inst7|inst10          ; 6.723 ; 6.559 ; Rise       ; ANTIRREBOTE:inst7|inst10          ;
;  HEX1[0]     ; ANTIRREBOTE:inst7|inst10          ; 6.725 ; 6.559 ; Rise       ; ANTIRREBOTE:inst7|inst10          ;
;  HEX1[1]     ; ANTIRREBOTE:inst7|inst10          ; 6.899 ; 6.708 ; Rise       ; ANTIRREBOTE:inst7|inst10          ;
;  HEX1[2]     ; ANTIRREBOTE:inst7|inst10          ; 6.746 ; 6.619 ; Rise       ; ANTIRREBOTE:inst7|inst10          ;
;  HEX1[3]     ; ANTIRREBOTE:inst7|inst10          ; 6.723 ; 6.561 ; Rise       ; ANTIRREBOTE:inst7|inst10          ;
;  HEX1[4]     ; ANTIRREBOTE:inst7|inst10          ; 6.864 ; 6.704 ; Rise       ; ANTIRREBOTE:inst7|inst10          ;
;  HEX1[5]     ; ANTIRREBOTE:inst7|inst10          ; 6.963 ; 6.821 ; Rise       ; ANTIRREBOTE:inst7|inst10          ;
;  HEX1[6]     ; ANTIRREBOTE:inst7|inst10          ; 6.776 ; 6.620 ; Rise       ; ANTIRREBOTE:inst7|inst10          ;
; PULSO        ; ANTIRREBOTE:inst7|inst10          ; 3.040 ;       ; Rise       ; ANTIRREBOTE:inst7|inst10          ;
; PULSO        ; ANTIRREBOTE:inst7|inst10          ;       ; 3.007 ; Fall       ; ANTIRREBOTE:inst7|inst10          ;
; Cout         ; CLOCK_50                          ; 9.071 ; 8.928 ; Rise       ; CLOCK_50                          ;
; ROM_OUT[*]   ; CLOCK_50                          ; 7.703 ; 7.640 ; Rise       ; CLOCK_50                          ;
;  ROM_OUT[0]  ; CLOCK_50                          ; 8.209 ; 8.107 ; Rise       ; CLOCK_50                          ;
;  ROM_OUT[1]  ; CLOCK_50                          ; 7.737 ; 7.673 ; Rise       ; CLOCK_50                          ;
;  ROM_OUT[2]  ; CLOCK_50                          ; 7.703 ; 7.640 ; Rise       ; CLOCK_50                          ;
;  ROM_OUT[3]  ; CLOCK_50                          ; 7.733 ; 7.672 ; Rise       ; CLOCK_50                          ;
;  ROM_OUT[4]  ; CLOCK_50                          ; 7.762 ; 7.666 ; Rise       ; CLOCK_50                          ;
;  ROM_OUT[5]  ; CLOCK_50                          ; 9.013 ; 9.067 ; Rise       ; CLOCK_50                          ;
;  ROM_OUT[6]  ; CLOCK_50                          ; 7.987 ; 7.927 ; Rise       ; CLOCK_50                          ;
;  ROM_OUT[7]  ; CLOCK_50                          ; 7.834 ; 7.794 ; Rise       ; CLOCK_50                          ;
;  ROM_OUT[8]  ; CLOCK_50                          ; 8.056 ; 8.003 ; Rise       ; CLOCK_50                          ;
;  ROM_OUT[9]  ; CLOCK_50                          ; 7.750 ; 7.691 ; Rise       ; CLOCK_50                          ;
;  ROM_OUT[10] ; CLOCK_50                          ; 7.820 ; 7.775 ; Rise       ; CLOCK_50                          ;
; PC[*]        ; CONTADOR_RIZO:inst|FFD:inst1|inst ; 3.187 ;       ; Rise       ; CONTADOR_RIZO:inst|FFD:inst1|inst ;
;  PC[1]       ; CONTADOR_RIZO:inst|FFD:inst1|inst ; 3.187 ;       ; Rise       ; CONTADOR_RIZO:inst|FFD:inst1|inst ;
; PC[*]        ; CONTADOR_RIZO:inst|FFD:inst1|inst ; 6.130 ; 3.048 ; Fall       ; CONTADOR_RIZO:inst|FFD:inst1|inst ;
;  PC[1]       ; CONTADOR_RIZO:inst|FFD:inst1|inst ;       ; 3.048 ; Fall       ; CONTADOR_RIZO:inst|FFD:inst1|inst ;
;  PC[2]       ; CONTADOR_RIZO:inst|FFD:inst1|inst ; 6.130 ; 5.808 ; Fall       ; CONTADOR_RIZO:inst|FFD:inst1|inst ;
; PC[*]        ; CONTADOR_RIZO:inst|FFD:inst|inst  ; 4.787 ;       ; Rise       ; CONTADOR_RIZO:inst|FFD:inst|inst  ;
;  PC[0]       ; CONTADOR_RIZO:inst|FFD:inst|inst  ; 4.787 ;       ; Rise       ; CONTADOR_RIZO:inst|FFD:inst|inst  ;
; PC[*]        ; CONTADOR_RIZO:inst|FFD:inst|inst  ;       ; 4.586 ; Fall       ; CONTADOR_RIZO:inst|FFD:inst|inst  ;
;  PC[0]       ; CONTADOR_RIZO:inst|FFD:inst|inst  ;       ; 4.586 ; Fall       ; CONTADOR_RIZO:inst|FFD:inst|inst  ;
+--------------+-----------------------------------+-------+-------+------------+-----------------------------------+


---------------------------------------------
; Slow 1200mV 0C Model Metastability Report ;
---------------------------------------------
No synchronizer chains to report.


+------------------------------------------------------------+
; Fast 1200mV 0C Model Setup Summary                         ;
+-----------------------------------+--------+---------------+
; Clock                             ; Slack  ; End Point TNS ;
+-----------------------------------+--------+---------------+
; ANTIRREBOTE:inst7|inst10          ; -2.235 ; -15.722       ;
; CLOCK_50                          ; -0.461 ; -2.947        ;
; CONTADOR_RIZO:inst|FFD:inst|inst  ; 0.453  ; 0.000         ;
; CONTADOR_RIZO:inst|FFD:inst1|inst ; 0.624  ; 0.000         ;
+-----------------------------------+--------+---------------+


+------------------------------------------------------------+
; Fast 1200mV 0C Model Hold Summary                          ;
+-----------------------------------+--------+---------------+
; Clock                             ; Slack  ; End Point TNS ;
+-----------------------------------+--------+---------------+
; ANTIRREBOTE:inst7|inst10          ; -0.196 ; -0.196        ;
; CLOCK_50                          ; -0.105 ; -0.137        ;
; CONTADOR_RIZO:inst|FFD:inst|inst  ; -0.075 ; -0.075        ;
; CONTADOR_RIZO:inst|FFD:inst1|inst ; 0.206  ; 0.000         ;
+-----------------------------------+--------+---------------+


+---------------------------------------+
; Fast 1200mV 0C Model Recovery Summary ;
+----------+-------+--------------------+
; Clock    ; Slack ; End Point TNS      ;
+----------+-------+--------------------+
; CLOCK_50 ; 0.026 ; 0.000              ;
+----------+-------+--------------------+


+--------------------------------------+
; Fast 1200mV 0C Model Removal Summary ;
+----------+-------+-------------------+
; Clock    ; Slack ; End Point TNS     ;
+----------+-------+-------------------+
; CLOCK_50 ; 0.450 ; 0.000             ;
+----------+-------+-------------------+


+------------------------------------------------------------+
; Fast 1200mV 0C Model Minimum Pulse Width Summary           ;
+-----------------------------------+--------+---------------+
; Clock                             ; Slack  ; End Point TNS ;
+-----------------------------------+--------+---------------+
; CLOCK_50                          ; -3.000 ; -36.061       ;
; ANTIRREBOTE:inst7|inst10          ; -1.000 ; -9.000        ;
; CONTADOR_RIZO:inst|FFD:inst1|inst ; -1.000 ; -1.000        ;
; CONTADOR_RIZO:inst|FFD:inst|inst  ; -1.000 ; -1.000        ;
+-----------------------------------+--------+---------------+


+------------------------------------------------------------------------------------------------------------------------------------------------------------------------------------------------------------------------------------------------------------------------+
; Fast 1200mV 0C Model Setup: 'ANTIRREBOTE:inst7|inst10'                                                                                                                                                                                                                 ;
+--------+---------------------------------------------------------------------------------------------------------------------+----------------------------------+----------------------------------+--------------------------+--------------+------------+------------+
; Slack  ; From Node                                                                                                           ; To Node                          ; Launch Clock                     ; Latch Clock              ; Relationship ; Clock Skew ; Data Delay ;
+--------+---------------------------------------------------------------------------------------------------------------------+----------------------------------+----------------------------------+--------------------------+--------------+------------+------------+
; -2.235 ; ROM:inst1|miROM:inst|altsyncram:altsyncram_component|altsyncram_3nr3:auto_generated|ram_block1a0~porta_address_reg0 ; REG8BIT:inst3|FFD:inst4|inst     ; CLOCK_50                         ; ANTIRREBOTE:inst7|inst10 ; 1.000        ; 0.254      ; 3.466      ;
; -2.126 ; ROM:inst1|miROM:inst|altsyncram:altsyncram_component|altsyncram_3nr3:auto_generated|ram_block1a0~porta_address_reg0 ; REG8BIT:inst3|FFD:inst7|inst     ; CLOCK_50                         ; ANTIRREBOTE:inst7|inst10 ; 1.000        ; 0.254      ; 3.357      ;
; -2.111 ; ROM:inst1|miROM:inst|altsyncram:altsyncram_component|altsyncram_3nr3:auto_generated|ram_block1a0~porta_address_reg0 ; REG8BIT:inst3|FFD:inst2|inst     ; CLOCK_50                         ; ANTIRREBOTE:inst7|inst10 ; 1.000        ; 0.254      ; 3.342      ;
; -2.020 ; ROM:inst1|miROM:inst|altsyncram:altsyncram_component|altsyncram_3nr3:auto_generated|ram_block1a0~porta_address_reg0 ; REG8BIT:inst3|FFD:inst1|inst     ; CLOCK_50                         ; ANTIRREBOTE:inst7|inst10 ; 1.000        ; 0.067      ; 3.064      ;
; -1.962 ; ROM:inst1|miROM:inst|altsyncram:altsyncram_component|altsyncram_3nr3:auto_generated|ram_block1a0~porta_address_reg0 ; REG8BIT:inst3|FFD:inst3|inst     ; CLOCK_50                         ; ANTIRREBOTE:inst7|inst10 ; 1.000        ; 0.254      ; 3.193      ;
; -1.882 ; ROM:inst1|miROM:inst|altsyncram:altsyncram_component|altsyncram_3nr3:auto_generated|ram_block1a0~porta_address_reg0 ; REG8BIT:inst3|FFD:inst8|inst     ; CLOCK_50                         ; ANTIRREBOTE:inst7|inst10 ; 1.000        ; 0.067      ; 2.926      ;
; -1.769 ; ROM:inst1|miROM:inst|altsyncram:altsyncram_component|altsyncram_3nr3:auto_generated|ram_block1a0~porta_address_reg0 ; REG8BIT:inst3|FFD:inst6|inst     ; CLOCK_50                         ; ANTIRREBOTE:inst7|inst10 ; 1.000        ; 0.067      ; 2.813      ;
; -1.617 ; ROM:inst1|miROM:inst|altsyncram:altsyncram_component|altsyncram_3nr3:auto_generated|ram_block1a0~porta_address_reg0 ; REG8BIT:inst3|FFD:inst5|inst     ; CLOCK_50                         ; ANTIRREBOTE:inst7|inst10 ; 1.000        ; 0.065      ; 2.659      ;
; -0.746 ; REG8BIT:inst3|FFD:inst5|inst                                                                                        ; REG8BIT:inst3|FFD:inst4|inst     ; ANTIRREBOTE:inst7|inst10         ; ANTIRREBOTE:inst7|inst10 ; 1.000        ; 0.153      ; 1.886      ;
; -0.706 ; REG8BIT:inst3|FFD:inst6|inst                                                                                        ; REG8BIT:inst3|FFD:inst4|inst     ; ANTIRREBOTE:inst7|inst10         ; ANTIRREBOTE:inst7|inst10 ; 1.000        ; 0.151      ; 1.844      ;
; -0.637 ; REG8BIT:inst3|FFD:inst5|inst                                                                                        ; REG8BIT:inst3|FFD:inst7|inst     ; ANTIRREBOTE:inst7|inst10         ; ANTIRREBOTE:inst7|inst10 ; 1.000        ; 0.153      ; 1.777      ;
; -0.622 ; REG8BIT:inst3|FFD:inst8|inst                                                                                        ; REG8BIT:inst3|FFD:inst4|inst     ; ANTIRREBOTE:inst7|inst10         ; ANTIRREBOTE:inst7|inst10 ; 1.000        ; 0.151      ; 1.760      ;
; -0.597 ; REG8BIT:inst3|FFD:inst6|inst                                                                                        ; REG8BIT:inst3|FFD:inst7|inst     ; ANTIRREBOTE:inst7|inst10         ; ANTIRREBOTE:inst7|inst10 ; 1.000        ; 0.151      ; 1.735      ;
; -0.590 ; REG8BIT:inst3|FFD:inst6|inst                                                                                        ; REG8BIT:inst3|FFD:inst2|inst     ; ANTIRREBOTE:inst7|inst10         ; ANTIRREBOTE:inst7|inst10 ; 1.000        ; 0.151      ; 1.728      ;
; -0.568 ; REG8BIT:inst3|FFD:inst5|inst                                                                                        ; REG8BIT:inst3|FFD:inst2|inst     ; ANTIRREBOTE:inst7|inst10         ; ANTIRREBOTE:inst7|inst10 ; 1.000        ; 0.153      ; 1.708      ;
; -0.513 ; REG8BIT:inst3|FFD:inst8|inst                                                                                        ; REG8BIT:inst3|FFD:inst7|inst     ; ANTIRREBOTE:inst7|inst10         ; ANTIRREBOTE:inst7|inst10 ; 1.000        ; 0.151      ; 1.651      ;
; -0.506 ; REG8BIT:inst3|FFD:inst8|inst                                                                                        ; REG8BIT:inst3|FFD:inst2|inst     ; ANTIRREBOTE:inst7|inst10         ; ANTIRREBOTE:inst7|inst10 ; 1.000        ; 0.151      ; 1.644      ;
; -0.503 ; REG8BIT:inst3|FFD:inst6|inst                                                                                        ; REG8BIT:inst3|FFD:inst1|inst     ; ANTIRREBOTE:inst7|inst10         ; ANTIRREBOTE:inst7|inst10 ; 1.000        ; -0.036     ; 1.454      ;
; -0.491 ; REG8BIT:inst3|FFD:inst6|inst                                                                                        ; REG8BIT:inst3|FFD:inst8|inst     ; ANTIRREBOTE:inst7|inst10         ; ANTIRREBOTE:inst7|inst10 ; 1.000        ; -0.036     ; 1.442      ;
; -0.481 ; REG8BIT:inst3|FFD:inst5|inst                                                                                        ; REG8BIT:inst3|FFD:inst1|inst     ; ANTIRREBOTE:inst7|inst10         ; ANTIRREBOTE:inst7|inst10 ; 1.000        ; -0.034     ; 1.434      ;
; -0.473 ; REG8BIT:inst3|FFD:inst5|inst                                                                                        ; REG8BIT:inst3|FFD:inst3|inst     ; ANTIRREBOTE:inst7|inst10         ; ANTIRREBOTE:inst7|inst10 ; 1.000        ; 0.153      ; 1.613      ;
; -0.455 ; REG8BIT:inst3|FFD:inst1|inst                                                                                        ; REG8BIT:inst3|FFD:inst4|inst     ; ANTIRREBOTE:inst7|inst10         ; ANTIRREBOTE:inst7|inst10 ; 1.000        ; 0.151      ; 1.593      ;
; -0.433 ; REG8BIT:inst3|FFD:inst6|inst                                                                                        ; REG8BIT:inst3|FFD:inst3|inst     ; ANTIRREBOTE:inst7|inst10         ; ANTIRREBOTE:inst7|inst10 ; 1.000        ; 0.151      ; 1.571      ;
; -0.419 ; REG8BIT:inst3|FFD:inst8|inst                                                                                        ; REG8BIT:inst3|FFD:inst1|inst     ; ANTIRREBOTE:inst7|inst10         ; ANTIRREBOTE:inst7|inst10 ; 1.000        ; -0.036     ; 1.370      ;
; -0.393 ; REG8BIT:inst3|FFD:inst5|inst                                                                                        ; REG8BIT:inst3|FFD:inst8|inst     ; ANTIRREBOTE:inst7|inst10         ; ANTIRREBOTE:inst7|inst10 ; 1.000        ; -0.034     ; 1.346      ;
; -0.372 ; REG8BIT:inst3|FFD:inst2|inst                                                                                        ; REG8BIT:inst3|FFD:inst4|inst     ; ANTIRREBOTE:inst7|inst10         ; ANTIRREBOTE:inst7|inst10 ; 1.000        ; -0.044     ; 1.315      ;
; -0.349 ; REG8BIT:inst3|FFD:inst8|inst                                                                                        ; REG8BIT:inst3|FFD:inst3|inst     ; ANTIRREBOTE:inst7|inst10         ; ANTIRREBOTE:inst7|inst10 ; 1.000        ; 0.151      ; 1.487      ;
; -0.346 ; REG8BIT:inst3|FFD:inst1|inst                                                                                        ; REG8BIT:inst3|FFD:inst7|inst     ; ANTIRREBOTE:inst7|inst10         ; ANTIRREBOTE:inst7|inst10 ; 1.000        ; 0.151      ; 1.484      ;
; -0.339 ; REG8BIT:inst3|FFD:inst1|inst                                                                                        ; REG8BIT:inst3|FFD:inst2|inst     ; ANTIRREBOTE:inst7|inst10         ; ANTIRREBOTE:inst7|inst10 ; 1.000        ; 0.151      ; 1.477      ;
; -0.320 ; REG8BIT:inst3|FFD:inst6|inst                                                                                        ; REG8BIT:inst3|FFD:inst6|inst     ; ANTIRREBOTE:inst7|inst10         ; ANTIRREBOTE:inst7|inst10 ; 1.000        ; -0.036     ; 1.271      ;
; -0.296 ; REG8BIT:inst3|FFD:inst4|inst                                                                                        ; REG8BIT:inst3|FFD:inst4|inst     ; ANTIRREBOTE:inst7|inst10         ; ANTIRREBOTE:inst7|inst10 ; 1.000        ; -0.044     ; 1.239      ;
; -0.280 ; REG8BIT:inst3|FFD:inst5|inst                                                                                        ; REG8BIT:inst3|FFD:inst6|inst     ; ANTIRREBOTE:inst7|inst10         ; ANTIRREBOTE:inst7|inst10 ; 1.000        ; -0.034     ; 1.233      ;
; -0.263 ; REG8BIT:inst3|FFD:inst2|inst                                                                                        ; REG8BIT:inst3|FFD:inst7|inst     ; ANTIRREBOTE:inst7|inst10         ; ANTIRREBOTE:inst7|inst10 ; 1.000        ; -0.044     ; 1.206      ;
; -0.182 ; REG8BIT:inst3|FFD:inst1|inst                                                                                        ; REG8BIT:inst3|FFD:inst3|inst     ; ANTIRREBOTE:inst7|inst10         ; ANTIRREBOTE:inst7|inst10 ; 1.000        ; 0.151      ; 1.320      ;
; -0.139 ; REG8BIT:inst3|FFD:inst5|inst                                                                                        ; REG8BIT:inst3|FFD:inst5|inst     ; ANTIRREBOTE:inst7|inst10         ; ANTIRREBOTE:inst7|inst10 ; 1.000        ; -0.036     ; 1.090      ;
; -0.132 ; REG8BIT:inst3|FFD:inst7|inst                                                                                        ; REG8BIT:inst3|FFD:inst7|inst     ; ANTIRREBOTE:inst7|inst10         ; ANTIRREBOTE:inst7|inst10 ; 1.000        ; -0.044     ; 1.075      ;
; -0.099 ; REG8BIT:inst3|FFD:inst2|inst                                                                                        ; REG8BIT:inst3|FFD:inst3|inst     ; ANTIRREBOTE:inst7|inst10         ; ANTIRREBOTE:inst7|inst10 ; 1.000        ; -0.044     ; 1.042      ;
; -0.074 ; REG8BIT:inst3|FFD:inst3|inst                                                                                        ; REG8BIT:inst3|FFD:inst4|inst     ; ANTIRREBOTE:inst7|inst10         ; ANTIRREBOTE:inst7|inst10 ; 1.000        ; -0.044     ; 1.017      ;
; -0.047 ; REG8BIT:inst3|FFD:inst8|inst                                                                                        ; REG8BIT:inst3|FFD:inst8|inst     ; ANTIRREBOTE:inst7|inst10         ; ANTIRREBOTE:inst7|inst10 ; 1.000        ; -0.036     ; 0.998      ;
; 0.005  ; REG8BIT:inst3|FFD:inst7|inst                                                                                        ; REG8BIT:inst3|FFD:inst4|inst     ; ANTIRREBOTE:inst7|inst10         ; ANTIRREBOTE:inst7|inst10 ; 1.000        ; -0.044     ; 0.938      ;
; 0.035  ; REG8BIT:inst3|FFD:inst3|inst                                                                                        ; REG8BIT:inst3|FFD:inst7|inst     ; ANTIRREBOTE:inst7|inst10         ; ANTIRREBOTE:inst7|inst10 ; 1.000        ; -0.044     ; 0.908      ;
; 0.050  ; REG8BIT:inst3|FFD:inst3|inst                                                                                        ; REG8BIT:inst3|FFD:inst3|inst     ; ANTIRREBOTE:inst7|inst10         ; ANTIRREBOTE:inst7|inst10 ; 1.000        ; -0.044     ; 0.893      ;
; 0.070  ; REG8BIT:inst3|FFD:inst1|inst                                                                                        ; REG8BIT:inst3|FFD:inst1|inst     ; ANTIRREBOTE:inst7|inst10         ; ANTIRREBOTE:inst7|inst10 ; 1.000        ; -0.036     ; 0.881      ;
; 0.132  ; REG8BIT:inst3|FFD:inst2|inst                                                                                        ; REG8BIT:inst3|FFD:inst2|inst     ; ANTIRREBOTE:inst7|inst10         ; ANTIRREBOTE:inst7|inst10 ; 1.000        ; -0.044     ; 0.811      ;
; 0.458  ; CONTADOR_RIZO:inst|FFD:inst|inst                                                                                    ; CONTADOR_RIZO:inst|FFD:inst|inst ; CONTADOR_RIZO:inst|FFD:inst|inst ; ANTIRREBOTE:inst7|inst10 ; 0.500        ; 1.559      ; 1.703      ;
; 0.947  ; CONTADOR_RIZO:inst|FFD:inst|inst                                                                                    ; CONTADOR_RIZO:inst|FFD:inst|inst ; CONTADOR_RIZO:inst|FFD:inst|inst ; ANTIRREBOTE:inst7|inst10 ; 1.000        ; 1.559      ; 1.714      ;
+--------+---------------------------------------------------------------------------------------------------------------------+----------------------------------+----------------------------------+--------------------------+--------------+------------+------------+


+--------------------------------------------------------------------------------------------------------------------------------------------------------------------------------------------+
; Fast 1200mV 0C Model Setup: 'CLOCK_50'                                                                                                                                                     ;
+--------+------------------------------------------------------+------------------------------------------------------+--------------+-------------+--------------+------------+------------+
; Slack  ; From Node                                            ; To Node                                              ; Launch Clock ; Latch Clock ; Relationship ; Clock Skew ; Data Delay ;
+--------+------------------------------------------------------+------------------------------------------------------+--------------+-------------+--------------+------------+------------+
; -0.461 ; ANTIRREBOTE:inst7|CONTADOR_ANTIRREBOTE:inst11|inst20 ; ANTIRREBOTE:inst7|CONTADOR_ANTIRREBOTE:inst11|inst50 ; CLOCK_50     ; CLOCK_50    ; 1.000        ; 0.154      ; 1.602      ;
; -0.461 ; ANTIRREBOTE:inst7|CONTADOR_ANTIRREBOTE:inst11|inst20 ; ANTIRREBOTE:inst7|CONTADOR_ANTIRREBOTE:inst11|inst52 ; CLOCK_50     ; CLOCK_50    ; 1.000        ; 0.154      ; 1.602      ;
; -0.459 ; ANTIRREBOTE:inst7|CONTADOR_ANTIRREBOTE:inst11|inst24 ; ANTIRREBOTE:inst7|CONTADOR_ANTIRREBOTE:inst11|inst50 ; CLOCK_50     ; CLOCK_50    ; 1.000        ; 0.154      ; 1.600      ;
; -0.459 ; ANTIRREBOTE:inst7|CONTADOR_ANTIRREBOTE:inst11|inst24 ; ANTIRREBOTE:inst7|CONTADOR_ANTIRREBOTE:inst11|inst52 ; CLOCK_50     ; CLOCK_50    ; 1.000        ; 0.154      ; 1.600      ;
; -0.417 ; ANTIRREBOTE:inst7|CONTADOR_ANTIRREBOTE:inst11|inst52 ; ANTIRREBOTE:inst7|inst10                             ; CLOCK_50     ; CLOCK_50    ; 1.000        ; -0.232     ; 1.172      ;
; -0.406 ; ANTIRREBOTE:inst7|CONTADOR_ANTIRREBOTE:inst11|inst28 ; ANTIRREBOTE:inst7|CONTADOR_ANTIRREBOTE:inst11|inst50 ; CLOCK_50     ; CLOCK_50    ; 1.000        ; -0.042     ; 1.351      ;
; -0.406 ; ANTIRREBOTE:inst7|CONTADOR_ANTIRREBOTE:inst11|inst28 ; ANTIRREBOTE:inst7|CONTADOR_ANTIRREBOTE:inst11|inst52 ; CLOCK_50     ; CLOCK_50    ; 1.000        ; -0.042     ; 1.351      ;
; -0.405 ; ANTIRREBOTE:inst7|CONTADOR_ANTIRREBOTE:inst11|inst26 ; ANTIRREBOTE:inst7|inst10                             ; CLOCK_50     ; CLOCK_50    ; 1.000        ; -0.035     ; 1.357      ;
; -0.402 ; ANTIRREBOTE:inst7|CONTADOR_ANTIRREBOTE:inst11|inst14 ; ANTIRREBOTE:inst7|CONTADOR_ANTIRREBOTE:inst11|inst50 ; CLOCK_50     ; CLOCK_50    ; 1.000        ; 0.154      ; 1.543      ;
; -0.402 ; ANTIRREBOTE:inst7|CONTADOR_ANTIRREBOTE:inst11|inst14 ; ANTIRREBOTE:inst7|CONTADOR_ANTIRREBOTE:inst11|inst52 ; CLOCK_50     ; CLOCK_50    ; 1.000        ; 0.154      ; 1.543      ;
; -0.395 ; ANTIRREBOTE:inst7|CONTADOR_ANTIRREBOTE:inst11|inst26 ; ANTIRREBOTE:inst7|CONTADOR_ANTIRREBOTE:inst11|inst50 ; CLOCK_50     ; CLOCK_50    ; 1.000        ; 0.154      ; 1.536      ;
; -0.395 ; ANTIRREBOTE:inst7|CONTADOR_ANTIRREBOTE:inst11|inst26 ; ANTIRREBOTE:inst7|CONTADOR_ANTIRREBOTE:inst11|inst52 ; CLOCK_50     ; CLOCK_50    ; 1.000        ; 0.154      ; 1.536      ;
; -0.387 ; ANTIRREBOTE:inst7|CONTADOR_ANTIRREBOTE:inst11|inst18 ; ANTIRREBOTE:inst7|CONTADOR_ANTIRREBOTE:inst11|inst50 ; CLOCK_50     ; CLOCK_50    ; 1.000        ; 0.154      ; 1.528      ;
; -0.387 ; ANTIRREBOTE:inst7|CONTADOR_ANTIRREBOTE:inst11|inst18 ; ANTIRREBOTE:inst7|CONTADOR_ANTIRREBOTE:inst11|inst52 ; CLOCK_50     ; CLOCK_50    ; 1.000        ; 0.154      ; 1.528      ;
; -0.335 ; ANTIRREBOTE:inst7|CONTADOR_ANTIRREBOTE:inst11|inst13 ; ANTIRREBOTE:inst7|CONTADOR_ANTIRREBOTE:inst11|inst50 ; CLOCK_50     ; CLOCK_50    ; 1.000        ; 0.154      ; 1.476      ;
; -0.335 ; ANTIRREBOTE:inst7|CONTADOR_ANTIRREBOTE:inst11|inst13 ; ANTIRREBOTE:inst7|CONTADOR_ANTIRREBOTE:inst11|inst52 ; CLOCK_50     ; CLOCK_50    ; 1.000        ; 0.154      ; 1.476      ;
; -0.324 ; ANTIRREBOTE:inst7|CONTADOR_ANTIRREBOTE:inst11|inst22 ; ANTIRREBOTE:inst7|CONTADOR_ANTIRREBOTE:inst11|inst50 ; CLOCK_50     ; CLOCK_50    ; 1.000        ; 0.154      ; 1.465      ;
; -0.324 ; ANTIRREBOTE:inst7|CONTADOR_ANTIRREBOTE:inst11|inst22 ; ANTIRREBOTE:inst7|CONTADOR_ANTIRREBOTE:inst11|inst52 ; CLOCK_50     ; CLOCK_50    ; 1.000        ; 0.154      ; 1.465      ;
; -0.279 ; ANTIRREBOTE:inst7|CONTADOR_ANTIRREBOTE:inst11|inst20 ; ANTIRREBOTE:inst7|CONTADOR_ANTIRREBOTE:inst11|inst44 ; CLOCK_50     ; CLOCK_50    ; 1.000        ; 0.154      ; 1.420      ;
; -0.277 ; ANTIRREBOTE:inst7|CONTADOR_ANTIRREBOTE:inst11|inst20 ; ANTIRREBOTE:inst7|CONTADOR_ANTIRREBOTE:inst11|inst46 ; CLOCK_50     ; CLOCK_50    ; 1.000        ; 0.154      ; 1.418      ;
; -0.277 ; ANTIRREBOTE:inst7|CONTADOR_ANTIRREBOTE:inst11|inst20 ; ANTIRREBOTE:inst7|CONTADOR_ANTIRREBOTE:inst11|inst48 ; CLOCK_50     ; CLOCK_50    ; 1.000        ; 0.154      ; 1.418      ;
; -0.277 ; ANTIRREBOTE:inst7|CONTADOR_ANTIRREBOTE:inst11|inst24 ; ANTIRREBOTE:inst7|CONTADOR_ANTIRREBOTE:inst11|inst44 ; CLOCK_50     ; CLOCK_50    ; 1.000        ; 0.154      ; 1.418      ;
; -0.275 ; ANTIRREBOTE:inst7|CONTADOR_ANTIRREBOTE:inst11|inst24 ; ANTIRREBOTE:inst7|CONTADOR_ANTIRREBOTE:inst11|inst46 ; CLOCK_50     ; CLOCK_50    ; 1.000        ; 0.154      ; 1.416      ;
; -0.275 ; ANTIRREBOTE:inst7|CONTADOR_ANTIRREBOTE:inst11|inst24 ; ANTIRREBOTE:inst7|CONTADOR_ANTIRREBOTE:inst11|inst48 ; CLOCK_50     ; CLOCK_50    ; 1.000        ; 0.154      ; 1.416      ;
; -0.254 ; ANTIRREBOTE:inst7|CONTADOR_ANTIRREBOTE:inst11|inst16 ; ANTIRREBOTE:inst7|CONTADOR_ANTIRREBOTE:inst11|inst50 ; CLOCK_50     ; CLOCK_50    ; 1.000        ; 0.154      ; 1.395      ;
; -0.254 ; ANTIRREBOTE:inst7|CONTADOR_ANTIRREBOTE:inst11|inst16 ; ANTIRREBOTE:inst7|CONTADOR_ANTIRREBOTE:inst11|inst52 ; CLOCK_50     ; CLOCK_50    ; 1.000        ; 0.154      ; 1.395      ;
; -0.224 ; ANTIRREBOTE:inst7|CONTADOR_ANTIRREBOTE:inst11|inst28 ; ANTIRREBOTE:inst7|CONTADOR_ANTIRREBOTE:inst11|inst44 ; CLOCK_50     ; CLOCK_50    ; 1.000        ; -0.042     ; 1.169      ;
; -0.222 ; ANTIRREBOTE:inst7|CONTADOR_ANTIRREBOTE:inst11|inst28 ; ANTIRREBOTE:inst7|CONTADOR_ANTIRREBOTE:inst11|inst46 ; CLOCK_50     ; CLOCK_50    ; 1.000        ; -0.042     ; 1.167      ;
; -0.222 ; ANTIRREBOTE:inst7|CONTADOR_ANTIRREBOTE:inst11|inst28 ; ANTIRREBOTE:inst7|CONTADOR_ANTIRREBOTE:inst11|inst48 ; CLOCK_50     ; CLOCK_50    ; 1.000        ; -0.042     ; 1.167      ;
; -0.220 ; ANTIRREBOTE:inst7|CONTADOR_ANTIRREBOTE:inst11|inst14 ; ANTIRREBOTE:inst7|CONTADOR_ANTIRREBOTE:inst11|inst44 ; CLOCK_50     ; CLOCK_50    ; 1.000        ; 0.154      ; 1.361      ;
; -0.218 ; ANTIRREBOTE:inst7|CONTADOR_ANTIRREBOTE:inst11|inst14 ; ANTIRREBOTE:inst7|CONTADOR_ANTIRREBOTE:inst11|inst46 ; CLOCK_50     ; CLOCK_50    ; 1.000        ; 0.154      ; 1.359      ;
; -0.218 ; ANTIRREBOTE:inst7|CONTADOR_ANTIRREBOTE:inst11|inst14 ; ANTIRREBOTE:inst7|CONTADOR_ANTIRREBOTE:inst11|inst48 ; CLOCK_50     ; CLOCK_50    ; 1.000        ; 0.154      ; 1.359      ;
; -0.213 ; ANTIRREBOTE:inst7|CONTADOR_ANTIRREBOTE:inst11|inst26 ; ANTIRREBOTE:inst7|CONTADOR_ANTIRREBOTE:inst11|inst44 ; CLOCK_50     ; CLOCK_50    ; 1.000        ; 0.154      ; 1.354      ;
; -0.211 ; ANTIRREBOTE:inst7|CONTADOR_ANTIRREBOTE:inst11|inst26 ; ANTIRREBOTE:inst7|CONTADOR_ANTIRREBOTE:inst11|inst46 ; CLOCK_50     ; CLOCK_50    ; 1.000        ; 0.154      ; 1.352      ;
; -0.211 ; ANTIRREBOTE:inst7|CONTADOR_ANTIRREBOTE:inst11|inst26 ; ANTIRREBOTE:inst7|CONTADOR_ANTIRREBOTE:inst11|inst48 ; CLOCK_50     ; CLOCK_50    ; 1.000        ; 0.154      ; 1.352      ;
; -0.207 ; ANTIRREBOTE:inst7|CONTADOR_ANTIRREBOTE:inst11|inst30 ; ANTIRREBOTE:inst7|CONTADOR_ANTIRREBOTE:inst11|inst50 ; CLOCK_50     ; CLOCK_50    ; 1.000        ; 0.154      ; 1.348      ;
; -0.207 ; ANTIRREBOTE:inst7|CONTADOR_ANTIRREBOTE:inst11|inst30 ; ANTIRREBOTE:inst7|CONTADOR_ANTIRREBOTE:inst11|inst52 ; CLOCK_50     ; CLOCK_50    ; 1.000        ; 0.154      ; 1.348      ;
; -0.205 ; ANTIRREBOTE:inst7|CONTADOR_ANTIRREBOTE:inst11|inst18 ; ANTIRREBOTE:inst7|CONTADOR_ANTIRREBOTE:inst11|inst44 ; CLOCK_50     ; CLOCK_50    ; 1.000        ; 0.154      ; 1.346      ;
; -0.203 ; ANTIRREBOTE:inst7|CONTADOR_ANTIRREBOTE:inst11|inst18 ; ANTIRREBOTE:inst7|CONTADOR_ANTIRREBOTE:inst11|inst46 ; CLOCK_50     ; CLOCK_50    ; 1.000        ; 0.154      ; 1.344      ;
; -0.203 ; ANTIRREBOTE:inst7|CONTADOR_ANTIRREBOTE:inst11|inst18 ; ANTIRREBOTE:inst7|CONTADOR_ANTIRREBOTE:inst11|inst48 ; CLOCK_50     ; CLOCK_50    ; 1.000        ; 0.154      ; 1.344      ;
; -0.176 ; ANTIRREBOTE:inst7|CONTADOR_ANTIRREBOTE:inst11|inst14 ; ANTIRREBOTE:inst7|CONTADOR_ANTIRREBOTE:inst11|inst26 ; CLOCK_50     ; CLOCK_50    ; 1.000        ; -0.035     ; 1.128      ;
; -0.174 ; ANTIRREBOTE:inst7|CONTADOR_ANTIRREBOTE:inst11|inst14 ; ANTIRREBOTE:inst7|CONTADOR_ANTIRREBOTE:inst11|inst30 ; CLOCK_50     ; CLOCK_50    ; 1.000        ; -0.035     ; 1.126      ;
; -0.161 ; ANTIRREBOTE:inst7|CONTADOR_ANTIRREBOTE:inst11|inst18 ; ANTIRREBOTE:inst7|CONTADOR_ANTIRREBOTE:inst11|inst26 ; CLOCK_50     ; CLOCK_50    ; 1.000        ; -0.035     ; 1.113      ;
; -0.159 ; ANTIRREBOTE:inst7|CONTADOR_ANTIRREBOTE:inst11|inst18 ; ANTIRREBOTE:inst7|CONTADOR_ANTIRREBOTE:inst11|inst30 ; CLOCK_50     ; CLOCK_50    ; 1.000        ; -0.035     ; 1.111      ;
; -0.153 ; ANTIRREBOTE:inst7|CONTADOR_ANTIRREBOTE:inst11|inst13 ; ANTIRREBOTE:inst7|CONTADOR_ANTIRREBOTE:inst11|inst44 ; CLOCK_50     ; CLOCK_50    ; 1.000        ; 0.154      ; 1.294      ;
; -0.151 ; ANTIRREBOTE:inst7|CONTADOR_ANTIRREBOTE:inst11|inst13 ; ANTIRREBOTE:inst7|CONTADOR_ANTIRREBOTE:inst11|inst46 ; CLOCK_50     ; CLOCK_50    ; 1.000        ; 0.154      ; 1.292      ;
; -0.151 ; ANTIRREBOTE:inst7|CONTADOR_ANTIRREBOTE:inst11|inst13 ; ANTIRREBOTE:inst7|CONTADOR_ANTIRREBOTE:inst11|inst48 ; CLOCK_50     ; CLOCK_50    ; 1.000        ; 0.154      ; 1.292      ;
; -0.145 ; ANTIRREBOTE:inst7|CONTADOR_ANTIRREBOTE:inst11|inst32 ; ANTIRREBOTE:inst7|CONTADOR_ANTIRREBOTE:inst11|inst50 ; CLOCK_50     ; CLOCK_50    ; 1.000        ; -0.043     ; 1.089      ;
; -0.145 ; ANTIRREBOTE:inst7|CONTADOR_ANTIRREBOTE:inst11|inst32 ; ANTIRREBOTE:inst7|CONTADOR_ANTIRREBOTE:inst11|inst52 ; CLOCK_50     ; CLOCK_50    ; 1.000        ; -0.043     ; 1.089      ;
; -0.142 ; ANTIRREBOTE:inst7|CONTADOR_ANTIRREBOTE:inst11|inst22 ; ANTIRREBOTE:inst7|CONTADOR_ANTIRREBOTE:inst11|inst44 ; CLOCK_50     ; CLOCK_50    ; 1.000        ; 0.154      ; 1.283      ;
; -0.140 ; ANTIRREBOTE:inst7|CONTADOR_ANTIRREBOTE:inst11|inst22 ; ANTIRREBOTE:inst7|CONTADOR_ANTIRREBOTE:inst11|inst46 ; CLOCK_50     ; CLOCK_50    ; 1.000        ; 0.154      ; 1.281      ;
; -0.140 ; ANTIRREBOTE:inst7|CONTADOR_ANTIRREBOTE:inst11|inst22 ; ANTIRREBOTE:inst7|CONTADOR_ANTIRREBOTE:inst11|inst48 ; CLOCK_50     ; CLOCK_50    ; 1.000        ; 0.154      ; 1.281      ;
; -0.109 ; ANTIRREBOTE:inst7|CONTADOR_ANTIRREBOTE:inst11|inst13 ; ANTIRREBOTE:inst7|CONTADOR_ANTIRREBOTE:inst11|inst26 ; CLOCK_50     ; CLOCK_50    ; 1.000        ; -0.035     ; 1.061      ;
; -0.107 ; ANTIRREBOTE:inst7|CONTADOR_ANTIRREBOTE:inst11|inst13 ; ANTIRREBOTE:inst7|CONTADOR_ANTIRREBOTE:inst11|inst30 ; CLOCK_50     ; CLOCK_50    ; 1.000        ; -0.035     ; 1.059      ;
; -0.094 ; ANTIRREBOTE:inst7|CONTADOR_ANTIRREBOTE:inst11|inst20 ; ANTIRREBOTE:inst7|CONTADOR_ANTIRREBOTE:inst11|inst38 ; CLOCK_50     ; CLOCK_50    ; 1.000        ; 0.154      ; 1.235      ;
; -0.094 ; ANTIRREBOTE:inst7|CONTADOR_ANTIRREBOTE:inst11|inst20 ; ANTIRREBOTE:inst7|CONTADOR_ANTIRREBOTE:inst11|inst40 ; CLOCK_50     ; CLOCK_50    ; 1.000        ; 0.154      ; 1.235      ;
; -0.093 ; ANTIRREBOTE:inst7|CONTADOR_ANTIRREBOTE:inst11|inst20 ; ANTIRREBOTE:inst7|CONTADOR_ANTIRREBOTE:inst11|inst36 ; CLOCK_50     ; CLOCK_50    ; 1.000        ; -0.036     ; 1.044      ;
; -0.093 ; ANTIRREBOTE:inst7|CONTADOR_ANTIRREBOTE:inst11|inst20 ; ANTIRREBOTE:inst7|CONTADOR_ANTIRREBOTE:inst11|inst42 ; CLOCK_50     ; CLOCK_50    ; 1.000        ; 0.154      ; 1.234      ;
; -0.092 ; ANTIRREBOTE:inst7|CONTADOR_ANTIRREBOTE:inst11|inst24 ; ANTIRREBOTE:inst7|CONTADOR_ANTIRREBOTE:inst11|inst38 ; CLOCK_50     ; CLOCK_50    ; 1.000        ; 0.154      ; 1.233      ;
; -0.092 ; ANTIRREBOTE:inst7|CONTADOR_ANTIRREBOTE:inst11|inst24 ; ANTIRREBOTE:inst7|CONTADOR_ANTIRREBOTE:inst11|inst40 ; CLOCK_50     ; CLOCK_50    ; 1.000        ; 0.154      ; 1.233      ;
; -0.091 ; ANTIRREBOTE:inst7|CONTADOR_ANTIRREBOTE:inst11|inst24 ; ANTIRREBOTE:inst7|CONTADOR_ANTIRREBOTE:inst11|inst36 ; CLOCK_50     ; CLOCK_50    ; 1.000        ; -0.036     ; 1.042      ;
; -0.091 ; ANTIRREBOTE:inst7|CONTADOR_ANTIRREBOTE:inst11|inst24 ; ANTIRREBOTE:inst7|CONTADOR_ANTIRREBOTE:inst11|inst42 ; CLOCK_50     ; CLOCK_50    ; 1.000        ; 0.154      ; 1.232      ;
; -0.072 ; ANTIRREBOTE:inst7|CONTADOR_ANTIRREBOTE:inst11|inst16 ; ANTIRREBOTE:inst7|CONTADOR_ANTIRREBOTE:inst11|inst44 ; CLOCK_50     ; CLOCK_50    ; 1.000        ; 0.154      ; 1.213      ;
; -0.070 ; ANTIRREBOTE:inst7|CONTADOR_ANTIRREBOTE:inst11|inst16 ; ANTIRREBOTE:inst7|CONTADOR_ANTIRREBOTE:inst11|inst46 ; CLOCK_50     ; CLOCK_50    ; 1.000        ; 0.154      ; 1.211      ;
; -0.070 ; ANTIRREBOTE:inst7|CONTADOR_ANTIRREBOTE:inst11|inst16 ; ANTIRREBOTE:inst7|CONTADOR_ANTIRREBOTE:inst11|inst48 ; CLOCK_50     ; CLOCK_50    ; 1.000        ; 0.154      ; 1.211      ;
; -0.066 ; ANTIRREBOTE:inst7|CONTADOR_ANTIRREBOTE:inst11|inst34 ; ANTIRREBOTE:inst7|CONTADOR_ANTIRREBOTE:inst11|inst50 ; CLOCK_50     ; CLOCK_50    ; 1.000        ; -0.043     ; 1.010      ;
; -0.066 ; ANTIRREBOTE:inst7|CONTADOR_ANTIRREBOTE:inst11|inst34 ; ANTIRREBOTE:inst7|CONTADOR_ANTIRREBOTE:inst11|inst52 ; CLOCK_50     ; CLOCK_50    ; 1.000        ; -0.043     ; 1.010      ;
; -0.039 ; ANTIRREBOTE:inst7|CONTADOR_ANTIRREBOTE:inst11|inst28 ; ANTIRREBOTE:inst7|CONTADOR_ANTIRREBOTE:inst11|inst38 ; CLOCK_50     ; CLOCK_50    ; 1.000        ; -0.042     ; 0.984      ;
; -0.039 ; ANTIRREBOTE:inst7|CONTADOR_ANTIRREBOTE:inst11|inst28 ; ANTIRREBOTE:inst7|CONTADOR_ANTIRREBOTE:inst11|inst40 ; CLOCK_50     ; CLOCK_50    ; 1.000        ; -0.042     ; 0.984      ;
; -0.038 ; ANTIRREBOTE:inst7|CONTADOR_ANTIRREBOTE:inst11|inst28 ; ANTIRREBOTE:inst7|CONTADOR_ANTIRREBOTE:inst11|inst36 ; CLOCK_50     ; CLOCK_50    ; 1.000        ; -0.232     ; 0.793      ;
; -0.038 ; ANTIRREBOTE:inst7|CONTADOR_ANTIRREBOTE:inst11|inst28 ; ANTIRREBOTE:inst7|CONTADOR_ANTIRREBOTE:inst11|inst42 ; CLOCK_50     ; CLOCK_50    ; 1.000        ; -0.042     ; 0.983      ;
; -0.035 ; ANTIRREBOTE:inst7|CONTADOR_ANTIRREBOTE:inst11|inst14 ; ANTIRREBOTE:inst7|CONTADOR_ANTIRREBOTE:inst11|inst38 ; CLOCK_50     ; CLOCK_50    ; 1.000        ; 0.154      ; 1.176      ;
; -0.035 ; ANTIRREBOTE:inst7|CONTADOR_ANTIRREBOTE:inst11|inst14 ; ANTIRREBOTE:inst7|CONTADOR_ANTIRREBOTE:inst11|inst40 ; CLOCK_50     ; CLOCK_50    ; 1.000        ; 0.154      ; 1.176      ;
; -0.034 ; ANTIRREBOTE:inst7|CONTADOR_ANTIRREBOTE:inst11|inst14 ; ANTIRREBOTE:inst7|CONTADOR_ANTIRREBOTE:inst11|inst36 ; CLOCK_50     ; CLOCK_50    ; 1.000        ; -0.036     ; 0.985      ;
; -0.034 ; ANTIRREBOTE:inst7|CONTADOR_ANTIRREBOTE:inst11|inst14 ; ANTIRREBOTE:inst7|CONTADOR_ANTIRREBOTE:inst11|inst42 ; CLOCK_50     ; CLOCK_50    ; 1.000        ; 0.154      ; 1.175      ;
; -0.028 ; ANTIRREBOTE:inst7|CONTADOR_ANTIRREBOTE:inst11|inst16 ; ANTIRREBOTE:inst7|CONTADOR_ANTIRREBOTE:inst11|inst26 ; CLOCK_50     ; CLOCK_50    ; 1.000        ; -0.035     ; 0.980      ;
; -0.028 ; ANTIRREBOTE:inst7|CONTADOR_ANTIRREBOTE:inst11|inst26 ; ANTIRREBOTE:inst7|CONTADOR_ANTIRREBOTE:inst11|inst38 ; CLOCK_50     ; CLOCK_50    ; 1.000        ; 0.154      ; 1.169      ;
; -0.028 ; ANTIRREBOTE:inst7|CONTADOR_ANTIRREBOTE:inst11|inst26 ; ANTIRREBOTE:inst7|CONTADOR_ANTIRREBOTE:inst11|inst40 ; CLOCK_50     ; CLOCK_50    ; 1.000        ; 0.154      ; 1.169      ;
; -0.027 ; ANTIRREBOTE:inst7|CONTADOR_ANTIRREBOTE:inst11|inst14 ; ANTIRREBOTE:inst7|CONTADOR_ANTIRREBOTE:inst11|inst22 ; CLOCK_50     ; CLOCK_50    ; 1.000        ; -0.035     ; 0.979      ;
; -0.027 ; ANTIRREBOTE:inst7|CONTADOR_ANTIRREBOTE:inst11|inst26 ; ANTIRREBOTE:inst7|CONTADOR_ANTIRREBOTE:inst11|inst36 ; CLOCK_50     ; CLOCK_50    ; 1.000        ; -0.036     ; 0.978      ;
; -0.027 ; ANTIRREBOTE:inst7|CONTADOR_ANTIRREBOTE:inst11|inst26 ; ANTIRREBOTE:inst7|CONTADOR_ANTIRREBOTE:inst11|inst42 ; CLOCK_50     ; CLOCK_50    ; 1.000        ; 0.154      ; 1.168      ;
; -0.026 ; ANTIRREBOTE:inst7|CONTADOR_ANTIRREBOTE:inst11|inst16 ; ANTIRREBOTE:inst7|CONTADOR_ANTIRREBOTE:inst11|inst30 ; CLOCK_50     ; CLOCK_50    ; 1.000        ; -0.035     ; 0.978      ;
; -0.025 ; ANTIRREBOTE:inst7|CONTADOR_ANTIRREBOTE:inst11|inst30 ; ANTIRREBOTE:inst7|CONTADOR_ANTIRREBOTE:inst11|inst44 ; CLOCK_50     ; CLOCK_50    ; 1.000        ; 0.154      ; 1.166      ;
; -0.024 ; ANTIRREBOTE:inst7|CONTADOR_ANTIRREBOTE:inst11|inst14 ; ANTIRREBOTE:inst7|CONTADOR_ANTIRREBOTE:inst11|inst20 ; CLOCK_50     ; CLOCK_50    ; 1.000        ; -0.035     ; 0.976      ;
; -0.023 ; ANTIRREBOTE:inst7|CONTADOR_ANTIRREBOTE:inst11|inst30 ; ANTIRREBOTE:inst7|CONTADOR_ANTIRREBOTE:inst11|inst46 ; CLOCK_50     ; CLOCK_50    ; 1.000        ; 0.154      ; 1.164      ;
; -0.023 ; ANTIRREBOTE:inst7|CONTADOR_ANTIRREBOTE:inst11|inst30 ; ANTIRREBOTE:inst7|CONTADOR_ANTIRREBOTE:inst11|inst48 ; CLOCK_50     ; CLOCK_50    ; 1.000        ; 0.154      ; 1.164      ;
; -0.020 ; ANTIRREBOTE:inst7|CONTADOR_ANTIRREBOTE:inst11|inst18 ; ANTIRREBOTE:inst7|CONTADOR_ANTIRREBOTE:inst11|inst38 ; CLOCK_50     ; CLOCK_50    ; 1.000        ; 0.154      ; 1.161      ;
; -0.020 ; ANTIRREBOTE:inst7|CONTADOR_ANTIRREBOTE:inst11|inst18 ; ANTIRREBOTE:inst7|CONTADOR_ANTIRREBOTE:inst11|inst40 ; CLOCK_50     ; CLOCK_50    ; 1.000        ; 0.154      ; 1.161      ;
; -0.019 ; ANTIRREBOTE:inst7|CONTADOR_ANTIRREBOTE:inst11|inst18 ; ANTIRREBOTE:inst7|CONTADOR_ANTIRREBOTE:inst11|inst36 ; CLOCK_50     ; CLOCK_50    ; 1.000        ; -0.036     ; 0.970      ;
; -0.019 ; ANTIRREBOTE:inst7|CONTADOR_ANTIRREBOTE:inst11|inst18 ; ANTIRREBOTE:inst7|CONTADOR_ANTIRREBOTE:inst11|inst42 ; CLOCK_50     ; CLOCK_50    ; 1.000        ; 0.154      ; 1.160      ;
; -0.012 ; ANTIRREBOTE:inst7|CONTADOR_ANTIRREBOTE:inst11|inst18 ; ANTIRREBOTE:inst7|CONTADOR_ANTIRREBOTE:inst11|inst22 ; CLOCK_50     ; CLOCK_50    ; 1.000        ; -0.035     ; 0.964      ;
; -0.009 ; ANTIRREBOTE:inst7|CONTADOR_ANTIRREBOTE:inst11|inst18 ; ANTIRREBOTE:inst7|CONTADOR_ANTIRREBOTE:inst11|inst20 ; CLOCK_50     ; CLOCK_50    ; 1.000        ; -0.035     ; 0.961      ;
; -0.002 ; ANTIRREBOTE:inst7|CONTADOR_ANTIRREBOTE:inst11|inst36 ; ANTIRREBOTE:inst7|CONTADOR_ANTIRREBOTE:inst11|inst50 ; CLOCK_50     ; CLOCK_50    ; 1.000        ; 0.154      ; 1.143      ;
; -0.002 ; ANTIRREBOTE:inst7|CONTADOR_ANTIRREBOTE:inst11|inst36 ; ANTIRREBOTE:inst7|CONTADOR_ANTIRREBOTE:inst11|inst52 ; CLOCK_50     ; CLOCK_50    ; 1.000        ; 0.154      ; 1.143      ;
; 0.002  ; ANTIRREBOTE:inst7|CONTADOR_ANTIRREBOTE:inst11|inst14 ; ANTIRREBOTE:inst7|CONTADOR_ANTIRREBOTE:inst11|inst16 ; CLOCK_50     ; CLOCK_50    ; 1.000        ; -0.035     ; 0.950      ;
; 0.005  ; ANTIRREBOTE:inst7|CONTADOR_ANTIRREBOTE:inst11|inst14 ; ANTIRREBOTE:inst7|CONTADOR_ANTIRREBOTE:inst11|inst24 ; CLOCK_50     ; CLOCK_50    ; 1.000        ; -0.035     ; 0.947      ;
; 0.010  ; ANTIRREBOTE:inst7|CONTADOR_ANTIRREBOTE:inst11|inst14 ; ANTIRREBOTE:inst7|CONTADOR_ANTIRREBOTE:inst11|inst28 ; CLOCK_50     ; CLOCK_50    ; 1.000        ; 0.153      ; 1.130      ;
; 0.020  ; ANTIRREBOTE:inst7|CONTADOR_ANTIRREBOTE:inst11|inst18 ; ANTIRREBOTE:inst7|CONTADOR_ANTIRREBOTE:inst11|inst24 ; CLOCK_50     ; CLOCK_50    ; 1.000        ; -0.035     ; 0.932      ;
; 0.025  ; ANTIRREBOTE:inst7|CONTADOR_ANTIRREBOTE:inst11|inst18 ; ANTIRREBOTE:inst7|CONTADOR_ANTIRREBOTE:inst11|inst28 ; CLOCK_50     ; CLOCK_50    ; 1.000        ; 0.153      ; 1.115      ;
; 0.032  ; ANTIRREBOTE:inst7|CONTADOR_ANTIRREBOTE:inst11|inst13 ; ANTIRREBOTE:inst7|CONTADOR_ANTIRREBOTE:inst11|inst38 ; CLOCK_50     ; CLOCK_50    ; 1.000        ; 0.154      ; 1.109      ;
+--------+------------------------------------------------------+------------------------------------------------------+--------------+-------------+--------------+------------+------------+


+-----------------------------------------------------------------------------------------------------------------------------------------------------------------------------------------------+
; Fast 1200mV 0C Model Setup: 'CONTADOR_RIZO:inst|FFD:inst|inst'                                                                                                                                ;
+-------+-----------------------------------+-----------------------------------+-----------------------------------+----------------------------------+--------------+------------+------------+
; Slack ; From Node                         ; To Node                           ; Launch Clock                      ; Latch Clock                      ; Relationship ; Clock Skew ; Data Delay ;
+-------+-----------------------------------+-----------------------------------+-----------------------------------+----------------------------------+--------------+------------+------------+
; 0.453 ; CONTADOR_RIZO:inst|FFD:inst1|inst ; CONTADOR_RIZO:inst|FFD:inst1|inst ; CONTADOR_RIZO:inst|FFD:inst1|inst ; CONTADOR_RIZO:inst|FFD:inst|inst ; 0.500        ; 0.514      ; 0.673      ;
; 0.938 ; CONTADOR_RIZO:inst|FFD:inst1|inst ; CONTADOR_RIZO:inst|FFD:inst1|inst ; CONTADOR_RIZO:inst|FFD:inst1|inst ; CONTADOR_RIZO:inst|FFD:inst|inst ; 1.000        ; 0.514      ; 0.688      ;
+-------+-----------------------------------+-----------------------------------+-----------------------------------+----------------------------------+--------------+------------+------------+


+------------------------------------------------------------------------------------------------------------------------------------------------------------------------------------------------+
; Fast 1200mV 0C Model Setup: 'CONTADOR_RIZO:inst|FFD:inst1|inst'                                                                                                                                ;
+-------+-----------------------------------+-----------------------------------+-----------------------------------+-----------------------------------+--------------+------------+------------+
; Slack ; From Node                         ; To Node                           ; Launch Clock                      ; Latch Clock                       ; Relationship ; Clock Skew ; Data Delay ;
+-------+-----------------------------------+-----------------------------------+-----------------------------------+-----------------------------------+--------------+------------+------------+
; 0.624 ; CONTADOR_RIZO:inst|FFD:inst2|inst ; CONTADOR_RIZO:inst|FFD:inst2|inst ; CONTADOR_RIZO:inst|FFD:inst1|inst ; CONTADOR_RIZO:inst|FFD:inst1|inst ; 1.000        ; -0.024     ; 0.359      ;
+-------+-----------------------------------+-----------------------------------+-----------------------------------+-----------------------------------+--------------+------------+------------+


+------------------------------------------------------------------------------------------------------------------------------------------------------------------------------------------------------------------------------------------------------------------------+
; Fast 1200mV 0C Model Hold: 'ANTIRREBOTE:inst7|inst10'                                                                                                                                                                                                                  ;
+--------+---------------------------------------------------------------------------------------------------------------------+----------------------------------+----------------------------------+--------------------------+--------------+------------+------------+
; Slack  ; From Node                                                                                                           ; To Node                          ; Launch Clock                     ; Latch Clock              ; Relationship ; Clock Skew ; Data Delay ;
+--------+---------------------------------------------------------------------------------------------------------------------+----------------------------------+----------------------------------+--------------------------+--------------+------------+------------+
; -0.196 ; CONTADOR_RIZO:inst|FFD:inst|inst                                                                                    ; CONTADOR_RIZO:inst|FFD:inst|inst ; CONTADOR_RIZO:inst|FFD:inst|inst ; ANTIRREBOTE:inst7|inst10 ; 0.000        ; 1.635      ; 1.638      ;
; 0.299  ; CONTADOR_RIZO:inst|FFD:inst|inst                                                                                    ; CONTADOR_RIZO:inst|FFD:inst|inst ; CONTADOR_RIZO:inst|FFD:inst|inst ; ANTIRREBOTE:inst7|inst10 ; -0.500       ; 1.635      ; 1.633      ;
; 0.463  ; REG8BIT:inst3|FFD:inst1|inst                                                                                        ; REG8BIT:inst3|FFD:inst1|inst     ; ANTIRREBOTE:inst7|inst10         ; ANTIRREBOTE:inst7|inst10 ; 0.000        ; 0.036      ; 0.583      ;
; 0.464  ; REG8BIT:inst3|FFD:inst2|inst                                                                                        ; REG8BIT:inst3|FFD:inst2|inst     ; ANTIRREBOTE:inst7|inst10         ; ANTIRREBOTE:inst7|inst10 ; 0.000        ; 0.044      ; 0.592      ;
; 0.527  ; REG8BIT:inst3|FFD:inst3|inst                                                                                        ; REG8BIT:inst3|FFD:inst3|inst     ; ANTIRREBOTE:inst7|inst10         ; ANTIRREBOTE:inst7|inst10 ; 0.000        ; 0.044      ; 0.655      ;
; 0.557  ; REG8BIT:inst3|FFD:inst8|inst                                                                                        ; REG8BIT:inst3|FFD:inst8|inst     ; ANTIRREBOTE:inst7|inst10         ; ANTIRREBOTE:inst7|inst10 ; 0.000        ; 0.036      ; 0.677      ;
; 0.604  ; REG8BIT:inst3|FFD:inst7|inst                                                                                        ; REG8BIT:inst3|FFD:inst7|inst     ; ANTIRREBOTE:inst7|inst10         ; ANTIRREBOTE:inst7|inst10 ; 0.000        ; 0.044      ; 0.732      ;
; 0.605  ; REG8BIT:inst3|FFD:inst3|inst                                                                                        ; REG8BIT:inst3|FFD:inst7|inst     ; ANTIRREBOTE:inst7|inst10         ; ANTIRREBOTE:inst7|inst10 ; 0.000        ; 0.044      ; 0.733      ;
; 0.650  ; REG8BIT:inst3|FFD:inst7|inst                                                                                        ; REG8BIT:inst3|FFD:inst4|inst     ; ANTIRREBOTE:inst7|inst10         ; ANTIRREBOTE:inst7|inst10 ; 0.000        ; 0.044      ; 0.778      ;
; 0.711  ; REG8BIT:inst3|FFD:inst3|inst                                                                                        ; REG8BIT:inst3|FFD:inst4|inst     ; ANTIRREBOTE:inst7|inst10         ; ANTIRREBOTE:inst7|inst10 ; 0.000        ; 0.044      ; 0.839      ;
; 0.720  ; REG8BIT:inst3|FFD:inst5|inst                                                                                        ; REG8BIT:inst3|FFD:inst5|inst     ; ANTIRREBOTE:inst7|inst10         ; ANTIRREBOTE:inst7|inst10 ; 0.000        ; 0.036      ; 0.840      ;
; 0.739  ; REG8BIT:inst3|FFD:inst2|inst                                                                                        ; REG8BIT:inst3|FFD:inst3|inst     ; ANTIRREBOTE:inst7|inst10         ; ANTIRREBOTE:inst7|inst10 ; 0.000        ; 0.044      ; 0.867      ;
; 0.763  ; REG8BIT:inst3|FFD:inst8|inst                                                                                        ; REG8BIT:inst3|FFD:inst2|inst     ; ANTIRREBOTE:inst7|inst10         ; ANTIRREBOTE:inst7|inst10 ; 0.000        ; 0.231      ; 1.078      ;
; 0.777  ; REG8BIT:inst3|FFD:inst5|inst                                                                                        ; REG8BIT:inst3|FFD:inst2|inst     ; ANTIRREBOTE:inst7|inst10         ; ANTIRREBOTE:inst7|inst10 ; 0.000        ; 0.233      ; 1.094      ;
; 0.779  ; REG8BIT:inst3|FFD:inst1|inst                                                                                        ; REG8BIT:inst3|FFD:inst3|inst     ; ANTIRREBOTE:inst7|inst10         ; ANTIRREBOTE:inst7|inst10 ; 0.000        ; 0.231      ; 1.094      ;
; 0.795  ; REG8BIT:inst3|FFD:inst4|inst                                                                                        ; REG8BIT:inst3|FFD:inst4|inst     ; ANTIRREBOTE:inst7|inst10         ; ANTIRREBOTE:inst7|inst10 ; 0.000        ; 0.044      ; 0.923      ;
; 0.841  ; REG8BIT:inst3|FFD:inst8|inst                                                                                        ; REG8BIT:inst3|FFD:inst3|inst     ; ANTIRREBOTE:inst7|inst10         ; ANTIRREBOTE:inst7|inst10 ; 0.000        ; 0.231      ; 1.156      ;
; 0.855  ; REG8BIT:inst3|FFD:inst5|inst                                                                                        ; REG8BIT:inst3|FFD:inst3|inst     ; ANTIRREBOTE:inst7|inst10         ; ANTIRREBOTE:inst7|inst10 ; 0.000        ; 0.233      ; 1.172      ;
; 0.857  ; REG8BIT:inst3|FFD:inst6|inst                                                                                        ; REG8BIT:inst3|FFD:inst6|inst     ; ANTIRREBOTE:inst7|inst10         ; ANTIRREBOTE:inst7|inst10 ; 0.000        ; 0.036      ; 0.977      ;
; 0.880  ; REG8BIT:inst3|FFD:inst2|inst                                                                                        ; REG8BIT:inst3|FFD:inst7|inst     ; ANTIRREBOTE:inst7|inst10         ; ANTIRREBOTE:inst7|inst10 ; 0.000        ; 0.044      ; 1.008      ;
; 0.900  ; REG8BIT:inst3|FFD:inst6|inst                                                                                        ; REG8BIT:inst3|FFD:inst2|inst     ; ANTIRREBOTE:inst7|inst10         ; ANTIRREBOTE:inst7|inst10 ; 0.000        ; 0.231      ; 1.215      ;
; 0.900  ; REG8BIT:inst3|FFD:inst5|inst                                                                                        ; REG8BIT:inst3|FFD:inst6|inst     ; ANTIRREBOTE:inst7|inst10         ; ANTIRREBOTE:inst7|inst10 ; 0.000        ; 0.038      ; 1.022      ;
; 0.903  ; REG8BIT:inst3|FFD:inst1|inst                                                                                        ; REG8BIT:inst3|FFD:inst2|inst     ; ANTIRREBOTE:inst7|inst10         ; ANTIRREBOTE:inst7|inst10 ; 0.000        ; 0.231      ; 1.218      ;
; 0.920  ; REG8BIT:inst3|FFD:inst1|inst                                                                                        ; REG8BIT:inst3|FFD:inst7|inst     ; ANTIRREBOTE:inst7|inst10         ; ANTIRREBOTE:inst7|inst10 ; 0.000        ; 0.231      ; 1.235      ;
; 0.978  ; REG8BIT:inst3|FFD:inst6|inst                                                                                        ; REG8BIT:inst3|FFD:inst3|inst     ; ANTIRREBOTE:inst7|inst10         ; ANTIRREBOTE:inst7|inst10 ; 0.000        ; 0.231      ; 1.293      ;
; 0.982  ; REG8BIT:inst3|FFD:inst8|inst                                                                                        ; REG8BIT:inst3|FFD:inst7|inst     ; ANTIRREBOTE:inst7|inst10         ; ANTIRREBOTE:inst7|inst10 ; 0.000        ; 0.231      ; 1.297      ;
; 0.986  ; REG8BIT:inst3|FFD:inst2|inst                                                                                        ; REG8BIT:inst3|FFD:inst4|inst     ; ANTIRREBOTE:inst7|inst10         ; ANTIRREBOTE:inst7|inst10 ; 0.000        ; 0.044      ; 1.114      ;
; 0.993  ; REG8BIT:inst3|FFD:inst5|inst                                                                                        ; REG8BIT:inst3|FFD:inst8|inst     ; ANTIRREBOTE:inst7|inst10         ; ANTIRREBOTE:inst7|inst10 ; 0.000        ; 0.038      ; 1.115      ;
; 0.996  ; REG8BIT:inst3|FFD:inst5|inst                                                                                        ; REG8BIT:inst3|FFD:inst7|inst     ; ANTIRREBOTE:inst7|inst10         ; ANTIRREBOTE:inst7|inst10 ; 0.000        ; 0.233      ; 1.313      ;
; 1.026  ; REG8BIT:inst3|FFD:inst1|inst                                                                                        ; REG8BIT:inst3|FFD:inst4|inst     ; ANTIRREBOTE:inst7|inst10         ; ANTIRREBOTE:inst7|inst10 ; 0.000        ; 0.231      ; 1.341      ;
; 1.029  ; REG8BIT:inst3|FFD:inst8|inst                                                                                        ; REG8BIT:inst3|FFD:inst1|inst     ; ANTIRREBOTE:inst7|inst10         ; ANTIRREBOTE:inst7|inst10 ; 0.000        ; 0.036      ; 1.149      ;
; 1.059  ; REG8BIT:inst3|FFD:inst5|inst                                                                                        ; REG8BIT:inst3|FFD:inst1|inst     ; ANTIRREBOTE:inst7|inst10         ; ANTIRREBOTE:inst7|inst10 ; 0.000        ; 0.038      ; 1.181      ;
; 1.088  ; REG8BIT:inst3|FFD:inst8|inst                                                                                        ; REG8BIT:inst3|FFD:inst4|inst     ; ANTIRREBOTE:inst7|inst10         ; ANTIRREBOTE:inst7|inst10 ; 0.000        ; 0.231      ; 1.403      ;
; 1.091  ; ROM:inst1|miROM:inst|altsyncram:altsyncram_component|altsyncram_3nr3:auto_generated|ram_block1a0~porta_address_reg0 ; REG8BIT:inst3|FFD:inst4|inst     ; CLOCK_50                         ; ANTIRREBOTE:inst7|inst10 ; 0.000        ; 0.395      ; 1.600      ;
; 1.099  ; ROM:inst1|miROM:inst|altsyncram:altsyncram_component|altsyncram_3nr3:auto_generated|ram_block1a0~porta_address_reg0 ; REG8BIT:inst3|FFD:inst7|inst     ; CLOCK_50                         ; ANTIRREBOTE:inst7|inst10 ; 0.000        ; 0.395      ; 1.608      ;
; 1.102  ; REG8BIT:inst3|FFD:inst5|inst                                                                                        ; REG8BIT:inst3|FFD:inst4|inst     ; ANTIRREBOTE:inst7|inst10         ; ANTIRREBOTE:inst7|inst10 ; 0.000        ; 0.233      ; 1.419      ;
; 1.119  ; REG8BIT:inst3|FFD:inst6|inst                                                                                        ; REG8BIT:inst3|FFD:inst7|inst     ; ANTIRREBOTE:inst7|inst10         ; ANTIRREBOTE:inst7|inst10 ; 0.000        ; 0.231      ; 1.434      ;
; 1.132  ; REG8BIT:inst3|FFD:inst6|inst                                                                                        ; REG8BIT:inst3|FFD:inst8|inst     ; ANTIRREBOTE:inst7|inst10         ; ANTIRREBOTE:inst7|inst10 ; 0.000        ; 0.036      ; 1.252      ;
; 1.137  ; REG8BIT:inst3|FFD:inst6|inst                                                                                        ; REG8BIT:inst3|FFD:inst1|inst     ; ANTIRREBOTE:inst7|inst10         ; ANTIRREBOTE:inst7|inst10 ; 0.000        ; 0.036      ; 1.257      ;
; 1.207  ; ROM:inst1|miROM:inst|altsyncram:altsyncram_component|altsyncram_3nr3:auto_generated|ram_block1a0~porta_address_reg0 ; REG8BIT:inst3|FFD:inst3|inst     ; CLOCK_50                         ; ANTIRREBOTE:inst7|inst10 ; 0.000        ; 0.395      ; 1.716      ;
; 1.210  ; ROM:inst1|miROM:inst|altsyncram:altsyncram_component|altsyncram_3nr3:auto_generated|ram_block1a0~porta_address_reg0 ; REG8BIT:inst3|FFD:inst2|inst     ; CLOCK_50                         ; ANTIRREBOTE:inst7|inst10 ; 0.000        ; 0.395      ; 1.719      ;
; 1.225  ; REG8BIT:inst3|FFD:inst6|inst                                                                                        ; REG8BIT:inst3|FFD:inst4|inst     ; ANTIRREBOTE:inst7|inst10         ; ANTIRREBOTE:inst7|inst10 ; 0.000        ; 0.231      ; 1.540      ;
; 1.325  ; ROM:inst1|miROM:inst|altsyncram:altsyncram_component|altsyncram_3nr3:auto_generated|ram_block1a0~porta_address_reg0 ; REG8BIT:inst3|FFD:inst5|inst     ; CLOCK_50                         ; ANTIRREBOTE:inst7|inst10 ; 0.000        ; 0.198      ; 1.637      ;
; 1.337  ; ROM:inst1|miROM:inst|altsyncram:altsyncram_component|altsyncram_3nr3:auto_generated|ram_block1a0~porta_address_reg0 ; REG8BIT:inst3|FFD:inst1|inst     ; CLOCK_50                         ; ANTIRREBOTE:inst7|inst10 ; 0.000        ; 0.200      ; 1.651      ;
; 1.400  ; ROM:inst1|miROM:inst|altsyncram:altsyncram_component|altsyncram_3nr3:auto_generated|ram_block1a0~porta_address_reg0 ; REG8BIT:inst3|FFD:inst6|inst     ; CLOCK_50                         ; ANTIRREBOTE:inst7|inst10 ; 0.000        ; 0.200      ; 1.714      ;
; 1.403  ; ROM:inst1|miROM:inst|altsyncram:altsyncram_component|altsyncram_3nr3:auto_generated|ram_block1a0~porta_address_reg0 ; REG8BIT:inst3|FFD:inst8|inst     ; CLOCK_50                         ; ANTIRREBOTE:inst7|inst10 ; 0.000        ; 0.200      ; 1.717      ;
+--------+---------------------------------------------------------------------------------------------------------------------+----------------------------------+----------------------------------+--------------------------+--------------+------------+------------+


+--------------------------------------------------------------------------------------------------------------------------------------------------------------------------------------------------------------------------------------------------------------------------------+
; Fast 1200mV 0C Model Hold: 'CLOCK_50'                                                                                                                                                                                                                                          ;
+--------+------------------------------------------------------+---------------------------------------------------------------------------------------------------------------------+-----------------------------------+-------------+--------------+------------+------------+
; Slack  ; From Node                                            ; To Node                                                                                                             ; Launch Clock                      ; Latch Clock ; Relationship ; Clock Skew ; Data Delay ;
+--------+------------------------------------------------------+---------------------------------------------------------------------------------------------------------------------+-----------------------------------+-------------+--------------+------------+------------+
; -0.105 ; ANTIRREBOTE:inst7|inst10                             ; ANTIRREBOTE:inst7|inst10                                                                                            ; ANTIRREBOTE:inst7|inst10          ; CLOCK_50    ; 0.000        ; 1.317      ; 1.431      ;
; -0.032 ; CONTADOR_RIZO:inst|FFD:inst|inst                     ; ROM:inst1|miROM:inst|altsyncram:altsyncram_component|altsyncram_3nr3:auto_generated|ram_block1a0~porta_address_reg0 ; CONTADOR_RIZO:inst|FFD:inst|inst  ; CLOCK_50    ; 0.000        ; 1.491      ; 1.688      ;
; -0.001 ; CONTADOR_RIZO:inst|FFD:inst1|inst                    ; ROM:inst1|miROM:inst|altsyncram:altsyncram_component|altsyncram_3nr3:auto_generated|ram_block1a0~porta_address_reg0 ; CONTADOR_RIZO:inst|FFD:inst1|inst ; CLOCK_50    ; 0.000        ; 1.491      ; 1.719      ;
; 0.180  ; ANTIRREBOTE:inst7|CONTADOR_ANTIRREBOTE:inst11|inst28 ; ANTIRREBOTE:inst7|CONTADOR_ANTIRREBOTE:inst11|inst28                                                                ; CLOCK_50                          ; CLOCK_50    ; 0.000        ; 0.043      ; 0.307      ;
; 0.180  ; ANTIRREBOTE:inst7|CONTADOR_ANTIRREBOTE:inst11|inst32 ; ANTIRREBOTE:inst7|CONTADOR_ANTIRREBOTE:inst11|inst32                                                                ; CLOCK_50                          ; CLOCK_50    ; 0.000        ; 0.043      ; 0.307      ;
; 0.180  ; ANTIRREBOTE:inst7|CONTADOR_ANTIRREBOTE:inst11|inst34 ; ANTIRREBOTE:inst7|CONTADOR_ANTIRREBOTE:inst11|inst34                                                                ; CLOCK_50                          ; CLOCK_50    ; 0.000        ; 0.043      ; 0.307      ;
; 0.180  ; ANTIRREBOTE:inst7|CONTADOR_ANTIRREBOTE:inst11|inst38 ; ANTIRREBOTE:inst7|CONTADOR_ANTIRREBOTE:inst11|inst38                                                                ; CLOCK_50                          ; CLOCK_50    ; 0.000        ; 0.043      ; 0.307      ;
; 0.180  ; ANTIRREBOTE:inst7|CONTADOR_ANTIRREBOTE:inst11|inst40 ; ANTIRREBOTE:inst7|CONTADOR_ANTIRREBOTE:inst11|inst40                                                                ; CLOCK_50                          ; CLOCK_50    ; 0.000        ; 0.043      ; 0.307      ;
; 0.180  ; ANTIRREBOTE:inst7|CONTADOR_ANTIRREBOTE:inst11|inst42 ; ANTIRREBOTE:inst7|CONTADOR_ANTIRREBOTE:inst11|inst42                                                                ; CLOCK_50                          ; CLOCK_50    ; 0.000        ; 0.043      ; 0.307      ;
; 0.180  ; ANTIRREBOTE:inst7|CONTADOR_ANTIRREBOTE:inst11|inst44 ; ANTIRREBOTE:inst7|CONTADOR_ANTIRREBOTE:inst11|inst44                                                                ; CLOCK_50                          ; CLOCK_50    ; 0.000        ; 0.043      ; 0.307      ;
; 0.180  ; ANTIRREBOTE:inst7|CONTADOR_ANTIRREBOTE:inst11|inst46 ; ANTIRREBOTE:inst7|CONTADOR_ANTIRREBOTE:inst11|inst46                                                                ; CLOCK_50                          ; CLOCK_50    ; 0.000        ; 0.043      ; 0.307      ;
; 0.180  ; ANTIRREBOTE:inst7|CONTADOR_ANTIRREBOTE:inst11|inst48 ; ANTIRREBOTE:inst7|CONTADOR_ANTIRREBOTE:inst11|inst48                                                                ; CLOCK_50                          ; CLOCK_50    ; 0.000        ; 0.043      ; 0.307      ;
; 0.180  ; ANTIRREBOTE:inst7|CONTADOR_ANTIRREBOTE:inst11|inst50 ; ANTIRREBOTE:inst7|CONTADOR_ANTIRREBOTE:inst11|inst50                                                                ; CLOCK_50                          ; CLOCK_50    ; 0.000        ; 0.043      ; 0.307      ;
; 0.180  ; ANTIRREBOTE:inst7|CONTADOR_ANTIRREBOTE:inst11|inst52 ; ANTIRREBOTE:inst7|CONTADOR_ANTIRREBOTE:inst11|inst52                                                                ; CLOCK_50                          ; CLOCK_50    ; 0.000        ; 0.043      ; 0.307      ;
; 0.187  ; ANTIRREBOTE:inst7|CONTADOR_ANTIRREBOTE:inst11|inst36 ; ANTIRREBOTE:inst7|CONTADOR_ANTIRREBOTE:inst11|inst36                                                                ; CLOCK_50                          ; CLOCK_50    ; 0.000        ; 0.036      ; 0.307      ;
; 0.188  ; ANTIRREBOTE:inst7|CONTADOR_ANTIRREBOTE:inst11|inst14 ; ANTIRREBOTE:inst7|CONTADOR_ANTIRREBOTE:inst11|inst14                                                                ; CLOCK_50                          ; CLOCK_50    ; 0.000        ; 0.035      ; 0.307      ;
; 0.188  ; ANTIRREBOTE:inst7|CONTADOR_ANTIRREBOTE:inst11|inst16 ; ANTIRREBOTE:inst7|CONTADOR_ANTIRREBOTE:inst11|inst16                                                                ; CLOCK_50                          ; CLOCK_50    ; 0.000        ; 0.035      ; 0.307      ;
; 0.188  ; ANTIRREBOTE:inst7|CONTADOR_ANTIRREBOTE:inst11|inst18 ; ANTIRREBOTE:inst7|CONTADOR_ANTIRREBOTE:inst11|inst18                                                                ; CLOCK_50                          ; CLOCK_50    ; 0.000        ; 0.035      ; 0.307      ;
; 0.188  ; ANTIRREBOTE:inst7|CONTADOR_ANTIRREBOTE:inst11|inst20 ; ANTIRREBOTE:inst7|CONTADOR_ANTIRREBOTE:inst11|inst20                                                                ; CLOCK_50                          ; CLOCK_50    ; 0.000        ; 0.035      ; 0.307      ;
; 0.188  ; ANTIRREBOTE:inst7|CONTADOR_ANTIRREBOTE:inst11|inst22 ; ANTIRREBOTE:inst7|CONTADOR_ANTIRREBOTE:inst11|inst22                                                                ; CLOCK_50                          ; CLOCK_50    ; 0.000        ; 0.035      ; 0.307      ;
; 0.188  ; ANTIRREBOTE:inst7|CONTADOR_ANTIRREBOTE:inst11|inst24 ; ANTIRREBOTE:inst7|CONTADOR_ANTIRREBOTE:inst11|inst24                                                                ; CLOCK_50                          ; CLOCK_50    ; 0.000        ; 0.035      ; 0.307      ;
; 0.188  ; ANTIRREBOTE:inst7|CONTADOR_ANTIRREBOTE:inst11|inst26 ; ANTIRREBOTE:inst7|CONTADOR_ANTIRREBOTE:inst11|inst26                                                                ; CLOCK_50                          ; CLOCK_50    ; 0.000        ; 0.035      ; 0.307      ;
; 0.188  ; ANTIRREBOTE:inst7|CONTADOR_ANTIRREBOTE:inst11|inst30 ; ANTIRREBOTE:inst7|CONTADOR_ANTIRREBOTE:inst11|inst30                                                                ; CLOCK_50                          ; CLOCK_50    ; 0.000        ; 0.035      ; 0.307      ;
; 0.188  ; ANTIRREBOTE:inst7|CONTADOR_ANTIRREBOTE:inst11|inst26 ; ANTIRREBOTE:inst7|CONTADOR_ANTIRREBOTE:inst11|inst28                                                                ; CLOCK_50                          ; CLOCK_50    ; 0.000        ; 0.231      ; 0.503      ;
; 0.195  ; ANTIRREBOTE:inst7|CONTADOR_ANTIRREBOTE:inst11|inst13 ; ANTIRREBOTE:inst7|CONTADOR_ANTIRREBOTE:inst11|inst13                                                                ; CLOCK_50                          ; CLOCK_50    ; 0.000        ; 0.035      ; 0.314      ;
; 0.199  ; ANTIRREBOTE:inst7|CONTADOR_ANTIRREBOTE:inst11|inst16 ; ANTIRREBOTE:inst7|CONTADOR_ANTIRREBOTE:inst11|inst18                                                                ; CLOCK_50                          ; CLOCK_50    ; 0.000        ; 0.035      ; 0.318      ;
; 0.291  ; ANTIRREBOTE:inst7|CONTADOR_ANTIRREBOTE:inst11|inst46 ; ANTIRREBOTE:inst7|CONTADOR_ANTIRREBOTE:inst11|inst48                                                                ; CLOCK_50                          ; CLOCK_50    ; 0.000        ; 0.043      ; 0.418      ;
; 0.292  ; ANTIRREBOTE:inst7|CONTADOR_ANTIRREBOTE:inst11|inst40 ; ANTIRREBOTE:inst7|CONTADOR_ANTIRREBOTE:inst11|inst42                                                                ; CLOCK_50                          ; CLOCK_50    ; 0.000        ; 0.043      ; 0.419      ;
; 0.296  ; ANTIRREBOTE:inst7|CONTADOR_ANTIRREBOTE:inst11|inst38 ; ANTIRREBOTE:inst7|CONTADOR_ANTIRREBOTE:inst11|inst42                                                                ; CLOCK_50                          ; CLOCK_50    ; 0.000        ; 0.043      ; 0.423      ;
; 0.297  ; ANTIRREBOTE:inst7|CONTADOR_ANTIRREBOTE:inst11|inst38 ; ANTIRREBOTE:inst7|CONTADOR_ANTIRREBOTE:inst11|inst40                                                                ; CLOCK_50                          ; CLOCK_50    ; 0.000        ; 0.043      ; 0.424      ;
; 0.307  ; ANTIRREBOTE:inst7|CONTADOR_ANTIRREBOTE:inst11|inst32 ; ANTIRREBOTE:inst7|CONTADOR_ANTIRREBOTE:inst11|inst34                                                                ; CLOCK_50                          ; CLOCK_50    ; 0.000        ; 0.043      ; 0.434      ;
; 0.333  ; ANTIRREBOTE:inst7|CONTADOR_ANTIRREBOTE:inst11|inst36 ; ANTIRREBOTE:inst7|CONTADOR_ANTIRREBOTE:inst11|inst38                                                                ; CLOCK_50                          ; CLOCK_50    ; 0.000        ; 0.233      ; 0.650      ;
; 0.333  ; ANTIRREBOTE:inst7|CONTADOR_ANTIRREBOTE:inst11|inst36 ; ANTIRREBOTE:inst7|CONTADOR_ANTIRREBOTE:inst11|inst40                                                                ; CLOCK_50                          ; CLOCK_50    ; 0.000        ; 0.233      ; 0.650      ;
; 0.336  ; ANTIRREBOTE:inst7|CONTADOR_ANTIRREBOTE:inst11|inst36 ; ANTIRREBOTE:inst7|CONTADOR_ANTIRREBOTE:inst11|inst42                                                                ; CLOCK_50                          ; CLOCK_50    ; 0.000        ; 0.233      ; 0.653      ;
; 0.338  ; ANTIRREBOTE:inst7|CONTADOR_ANTIRREBOTE:inst11|inst30 ; ANTIRREBOTE:inst7|CONTADOR_ANTIRREBOTE:inst11|inst32                                                                ; CLOCK_50                          ; CLOCK_50    ; 0.000        ; 0.232      ; 0.654      ;
; 0.342  ; ANTIRREBOTE:inst7|CONTADOR_ANTIRREBOTE:inst11|inst30 ; ANTIRREBOTE:inst7|CONTADOR_ANTIRREBOTE:inst11|inst34                                                                ; CLOCK_50                          ; CLOCK_50    ; 0.000        ; 0.232      ; 0.658      ;
; 0.343  ; ANTIRREBOTE:inst7|CONTADOR_ANTIRREBOTE:inst11|inst24 ; ANTIRREBOTE:inst7|CONTADOR_ANTIRREBOTE:inst11|inst28                                                                ; CLOCK_50                          ; CLOCK_50    ; 0.000        ; 0.231      ; 0.658      ;
; 0.354  ; ANTIRREBOTE:inst7|CONTADOR_ANTIRREBOTE:inst11|inst50 ; ANTIRREBOTE:inst7|CONTADOR_ANTIRREBOTE:inst11|inst52                                                                ; CLOCK_50                          ; CLOCK_50    ; 0.000        ; 0.043      ; 0.481      ;
; 0.355  ; ANTIRREBOTE:inst7|CONTADOR_ANTIRREBOTE:inst11|inst22 ; ANTIRREBOTE:inst7|CONTADOR_ANTIRREBOTE:inst11|inst28                                                                ; CLOCK_50                          ; CLOCK_50    ; 0.000        ; 0.231      ; 0.670      ;
; 0.367  ; ANTIRREBOTE:inst7|CONTADOR_ANTIRREBOTE:inst11|inst44 ; ANTIRREBOTE:inst7|CONTADOR_ANTIRREBOTE:inst11|inst46                                                                ; CLOCK_50                          ; CLOCK_50    ; 0.000        ; 0.043      ; 0.494      ;
; 0.367  ; ANTIRREBOTE:inst7|CONTADOR_ANTIRREBOTE:inst11|inst44 ; ANTIRREBOTE:inst7|CONTADOR_ANTIRREBOTE:inst11|inst48                                                                ; CLOCK_50                          ; CLOCK_50    ; 0.000        ; 0.043      ; 0.494      ;
; 0.389  ; ANTIRREBOTE:inst7|CONTADOR_ANTIRREBOTE:inst11|inst22 ; ANTIRREBOTE:inst7|CONTADOR_ANTIRREBOTE:inst11|inst24                                                                ; CLOCK_50                          ; CLOCK_50    ; 0.000        ; 0.035      ; 0.508      ;
; 0.389  ; ANTIRREBOTE:inst7|CONTADOR_ANTIRREBOTE:inst11|inst26 ; ANTIRREBOTE:inst7|CONTADOR_ANTIRREBOTE:inst11|inst30                                                                ; CLOCK_50                          ; CLOCK_50    ; 0.000        ; 0.035      ; 0.508      ;
; 0.404  ; ANTIRREBOTE:inst7|CONTADOR_ANTIRREBOTE:inst11|inst16 ; ANTIRREBOTE:inst7|CONTADOR_ANTIRREBOTE:inst11|inst32                                                                ; CLOCK_50                          ; CLOCK_50    ; 0.000        ; 0.232      ; 0.720      ;
; 0.408  ; ANTIRREBOTE:inst7|CONTADOR_ANTIRREBOTE:inst11|inst16 ; ANTIRREBOTE:inst7|CONTADOR_ANTIRREBOTE:inst11|inst34                                                                ; CLOCK_50                          ; CLOCK_50    ; 0.000        ; 0.232      ; 0.724      ;
; 0.410  ; ANTIRREBOTE:inst7|CONTADOR_ANTIRREBOTE:inst11|inst42 ; ANTIRREBOTE:inst7|CONTADOR_ANTIRREBOTE:inst11|inst44                                                                ; CLOCK_50                          ; CLOCK_50    ; 0.000        ; 0.043      ; 0.537      ;
; 0.410  ; ANTIRREBOTE:inst7|CONTADOR_ANTIRREBOTE:inst11|inst42 ; ANTIRREBOTE:inst7|CONTADOR_ANTIRREBOTE:inst11|inst46                                                                ; CLOCK_50                          ; CLOCK_50    ; 0.000        ; 0.043      ; 0.537      ;
; 0.410  ; ANTIRREBOTE:inst7|CONTADOR_ANTIRREBOTE:inst11|inst42 ; ANTIRREBOTE:inst7|CONTADOR_ANTIRREBOTE:inst11|inst48                                                                ; CLOCK_50                          ; CLOCK_50    ; 0.000        ; 0.043      ; 0.537      ;
; 0.410  ; ANTIRREBOTE:inst7|CONTADOR_ANTIRREBOTE:inst11|inst20 ; ANTIRREBOTE:inst7|CONTADOR_ANTIRREBOTE:inst11|inst28                                                                ; CLOCK_50                          ; CLOCK_50    ; 0.000        ; 0.231      ; 0.725      ;
; 0.413  ; ANTIRREBOTE:inst7|CONTADOR_ANTIRREBOTE:inst11|inst34 ; ANTIRREBOTE:inst7|CONTADOR_ANTIRREBOTE:inst11|inst38                                                                ; CLOCK_50                          ; CLOCK_50    ; 0.000        ; 0.043      ; 0.540      ;
; 0.413  ; ANTIRREBOTE:inst7|CONTADOR_ANTIRREBOTE:inst11|inst34 ; ANTIRREBOTE:inst7|CONTADOR_ANTIRREBOTE:inst11|inst40                                                                ; CLOCK_50                          ; CLOCK_50    ; 0.000        ; 0.043      ; 0.540      ;
; 0.416  ; ANTIRREBOTE:inst7|CONTADOR_ANTIRREBOTE:inst11|inst34 ; ANTIRREBOTE:inst7|CONTADOR_ANTIRREBOTE:inst11|inst42                                                                ; CLOCK_50                          ; CLOCK_50    ; 0.000        ; 0.043      ; 0.543      ;
; 0.454  ; ANTIRREBOTE:inst7|CONTADOR_ANTIRREBOTE:inst11|inst46 ; ANTIRREBOTE:inst7|CONTADOR_ANTIRREBOTE:inst11|inst50                                                                ; CLOCK_50                          ; CLOCK_50    ; 0.000        ; 0.043      ; 0.581      ;
; 0.455  ; ANTIRREBOTE:inst7|CONTADOR_ANTIRREBOTE:inst11|inst46 ; ANTIRREBOTE:inst7|CONTADOR_ANTIRREBOTE:inst11|inst52                                                                ; CLOCK_50                          ; CLOCK_50    ; 0.000        ; 0.043      ; 0.582      ;
; 0.456  ; ANTIRREBOTE:inst7|CONTADOR_ANTIRREBOTE:inst11|inst40 ; ANTIRREBOTE:inst7|CONTADOR_ANTIRREBOTE:inst11|inst44                                                                ; CLOCK_50                          ; CLOCK_50    ; 0.000        ; 0.043      ; 0.583      ;
; 0.456  ; ANTIRREBOTE:inst7|CONTADOR_ANTIRREBOTE:inst11|inst40 ; ANTIRREBOTE:inst7|CONTADOR_ANTIRREBOTE:inst11|inst46                                                                ; CLOCK_50                          ; CLOCK_50    ; 0.000        ; 0.043      ; 0.583      ;
; 0.456  ; ANTIRREBOTE:inst7|CONTADOR_ANTIRREBOTE:inst11|inst40 ; ANTIRREBOTE:inst7|CONTADOR_ANTIRREBOTE:inst11|inst48                                                                ; CLOCK_50                          ; CLOCK_50    ; 0.000        ; 0.043      ; 0.583      ;
; 0.459  ; ANTIRREBOTE:inst7|inst1                              ; ANTIRREBOTE:inst7|inst2                                                                                             ; CLOCK_50                          ; CLOCK_50    ; 0.000        ; -0.154     ; 0.389      ;
; 0.459  ; ANTIRREBOTE:inst7|CONTADOR_ANTIRREBOTE:inst11|inst22 ; ANTIRREBOTE:inst7|CONTADOR_ANTIRREBOTE:inst11|inst32                                                                ; CLOCK_50                          ; CLOCK_50    ; 0.000        ; 0.232      ; 0.775      ;
; 0.461  ; ANTIRREBOTE:inst7|CONTADOR_ANTIRREBOTE:inst11|inst38 ; ANTIRREBOTE:inst7|CONTADOR_ANTIRREBOTE:inst11|inst44                                                                ; CLOCK_50                          ; CLOCK_50    ; 0.000        ; 0.043      ; 0.588      ;
; 0.461  ; ANTIRREBOTE:inst7|CONTADOR_ANTIRREBOTE:inst11|inst38 ; ANTIRREBOTE:inst7|CONTADOR_ANTIRREBOTE:inst11|inst46                                                                ; CLOCK_50                          ; CLOCK_50    ; 0.000        ; 0.043      ; 0.588      ;
; 0.461  ; ANTIRREBOTE:inst7|CONTADOR_ANTIRREBOTE:inst11|inst38 ; ANTIRREBOTE:inst7|CONTADOR_ANTIRREBOTE:inst11|inst48                                                                ; CLOCK_50                          ; CLOCK_50    ; 0.000        ; 0.043      ; 0.588      ;
; 0.463  ; ANTIRREBOTE:inst7|CONTADOR_ANTIRREBOTE:inst11|inst22 ; ANTIRREBOTE:inst7|CONTADOR_ANTIRREBOTE:inst11|inst34                                                                ; CLOCK_50                          ; CLOCK_50    ; 0.000        ; 0.232      ; 0.779      ;
; 0.468  ; ANTIRREBOTE:inst7|CONTADOR_ANTIRREBOTE:inst11|inst32 ; ANTIRREBOTE:inst7|CONTADOR_ANTIRREBOTE:inst11|inst38                                                                ; CLOCK_50                          ; CLOCK_50    ; 0.000        ; 0.043      ; 0.595      ;
; 0.468  ; ANTIRREBOTE:inst7|CONTADOR_ANTIRREBOTE:inst11|inst32 ; ANTIRREBOTE:inst7|CONTADOR_ANTIRREBOTE:inst11|inst40                                                                ; CLOCK_50                          ; CLOCK_50    ; 0.000        ; 0.043      ; 0.595      ;
; 0.471  ; ANTIRREBOTE:inst7|CONTADOR_ANTIRREBOTE:inst11|inst32 ; ANTIRREBOTE:inst7|CONTADOR_ANTIRREBOTE:inst11|inst42                                                                ; CLOCK_50                          ; CLOCK_50    ; 0.000        ; 0.043      ; 0.598      ;
; 0.471  ; ANTIRREBOTE:inst7|CONTADOR_ANTIRREBOTE:inst11|inst13 ; ANTIRREBOTE:inst7|CONTADOR_ANTIRREBOTE:inst11|inst32                                                                ; CLOCK_50                          ; CLOCK_50    ; 0.000        ; 0.232      ; 0.787      ;
; 0.475  ; ANTIRREBOTE:inst7|CONTADOR_ANTIRREBOTE:inst11|inst13 ; ANTIRREBOTE:inst7|CONTADOR_ANTIRREBOTE:inst11|inst34                                                                ; CLOCK_50                          ; CLOCK_50    ; 0.000        ; 0.232      ; 0.791      ;
; 0.476  ; ANTIRREBOTE:inst7|CONTADOR_ANTIRREBOTE:inst11|inst48 ; ANTIRREBOTE:inst7|CONTADOR_ANTIRREBOTE:inst11|inst50                                                                ; CLOCK_50                          ; CLOCK_50    ; 0.000        ; 0.043      ; 0.603      ;
; 0.477  ; ANTIRREBOTE:inst7|CONTADOR_ANTIRREBOTE:inst11|inst48 ; ANTIRREBOTE:inst7|CONTADOR_ANTIRREBOTE:inst11|inst52                                                                ; CLOCK_50                          ; CLOCK_50    ; 0.000        ; 0.043      ; 0.604      ;
; 0.486  ; ANTIRREBOTE:inst7|CONTADOR_ANTIRREBOTE:inst11|inst20 ; ANTIRREBOTE:inst7|CONTADOR_ANTIRREBOTE:inst11|inst22                                                                ; CLOCK_50                          ; CLOCK_50    ; 0.000        ; 0.035      ; 0.605      ;
; 0.486  ; ANTIRREBOTE:inst7|CONTADOR_ANTIRREBOTE:inst11|inst20 ; ANTIRREBOTE:inst7|CONTADOR_ANTIRREBOTE:inst11|inst24                                                                ; CLOCK_50                          ; CLOCK_50    ; 0.000        ; 0.035      ; 0.605      ;
; 0.488  ; ANTIRREBOTE:inst7|CONTADOR_ANTIRREBOTE:inst11|inst13 ; ANTIRREBOTE:inst7|CONTADOR_ANTIRREBOTE:inst11|inst16                                                                ; CLOCK_50                          ; CLOCK_50    ; 0.000        ; 0.035      ; 0.607      ;
; 0.488  ; CONTADOR_RIZO:inst|FFD:inst2|inst                    ; ROM:inst1|miROM:inst|altsyncram:altsyncram_component|altsyncram_3nr3:auto_generated|ram_block1a0~porta_address_reg0 ; CONTADOR_RIZO:inst|FFD:inst1|inst ; CLOCK_50    ; -0.500       ; 1.017      ; 1.129      ;
; 0.489  ; ANTIRREBOTE:inst7|CONTADOR_ANTIRREBOTE:inst11|inst13 ; ANTIRREBOTE:inst7|CONTADOR_ANTIRREBOTE:inst11|inst14                                                                ; CLOCK_50                          ; CLOCK_50    ; 0.000        ; 0.035      ; 0.608      ;
; 0.489  ; ANTIRREBOTE:inst7|CONTADOR_ANTIRREBOTE:inst11|inst13 ; ANTIRREBOTE:inst7|CONTADOR_ANTIRREBOTE:inst11|inst18                                                                ; CLOCK_50                          ; CLOCK_50    ; 0.000        ; 0.035      ; 0.608      ;
; 0.492  ; ANTIRREBOTE:inst7|CONTADOR_ANTIRREBOTE:inst11|inst34 ; ANTIRREBOTE:inst7|CONTADOR_ANTIRREBOTE:inst11|inst36                                                                ; CLOCK_50                          ; CLOCK_50    ; 0.000        ; -0.154     ; 0.422      ;
; 0.492  ; ANTIRREBOTE:inst7|CONTADOR_ANTIRREBOTE:inst11|inst28 ; ANTIRREBOTE:inst7|CONTADOR_ANTIRREBOTE:inst11|inst30                                                                ; CLOCK_50                          ; CLOCK_50    ; 0.000        ; -0.153     ; 0.423      ;
; 0.497  ; ANTIRREBOTE:inst7|CONTADOR_ANTIRREBOTE:inst11|inst36 ; ANTIRREBOTE:inst7|CONTADOR_ANTIRREBOTE:inst11|inst44                                                                ; CLOCK_50                          ; CLOCK_50    ; 0.000        ; 0.233      ; 0.814      ;
; 0.497  ; ANTIRREBOTE:inst7|CONTADOR_ANTIRREBOTE:inst11|inst36 ; ANTIRREBOTE:inst7|CONTADOR_ANTIRREBOTE:inst11|inst46                                                                ; CLOCK_50                          ; CLOCK_50    ; 0.000        ; 0.233      ; 0.814      ;
; 0.497  ; ANTIRREBOTE:inst7|CONTADOR_ANTIRREBOTE:inst11|inst36 ; ANTIRREBOTE:inst7|CONTADOR_ANTIRREBOTE:inst11|inst48                                                                ; CLOCK_50                          ; CLOCK_50    ; 0.000        ; 0.233      ; 0.814      ;
; 0.503  ; ANTIRREBOTE:inst7|CONTADOR_ANTIRREBOTE:inst11|inst30 ; ANTIRREBOTE:inst7|CONTADOR_ANTIRREBOTE:inst11|inst38                                                                ; CLOCK_50                          ; CLOCK_50    ; 0.000        ; 0.232      ; 0.819      ;
; 0.503  ; ANTIRREBOTE:inst7|CONTADOR_ANTIRREBOTE:inst11|inst30 ; ANTIRREBOTE:inst7|CONTADOR_ANTIRREBOTE:inst11|inst40                                                                ; CLOCK_50                          ; CLOCK_50    ; 0.000        ; 0.232      ; 0.819      ;
; 0.505  ; ANTIRREBOTE:inst7|CONTADOR_ANTIRREBOTE:inst11|inst18 ; ANTIRREBOTE:inst7|CONTADOR_ANTIRREBOTE:inst11|inst32                                                                ; CLOCK_50                          ; CLOCK_50    ; 0.000        ; 0.232      ; 0.821      ;
; 0.506  ; ANTIRREBOTE:inst7|CONTADOR_ANTIRREBOTE:inst11|inst30 ; ANTIRREBOTE:inst7|CONTADOR_ANTIRREBOTE:inst11|inst42                                                                ; CLOCK_50                          ; CLOCK_50    ; 0.000        ; 0.232      ; 0.822      ;
; 0.509  ; ANTIRREBOTE:inst7|CONTADOR_ANTIRREBOTE:inst11|inst18 ; ANTIRREBOTE:inst7|CONTADOR_ANTIRREBOTE:inst11|inst34                                                                ; CLOCK_50                          ; CLOCK_50    ; 0.000        ; 0.232      ; 0.825      ;
; 0.515  ; ANTIRREBOTE:inst7|CONTADOR_ANTIRREBOTE:inst11|inst14 ; ANTIRREBOTE:inst7|CONTADOR_ANTIRREBOTE:inst11|inst32                                                                ; CLOCK_50                          ; CLOCK_50    ; 0.000        ; 0.232      ; 0.831      ;
; 0.517  ; ANTIRREBOTE:inst7|CONTADOR_ANTIRREBOTE:inst11|inst16 ; ANTIRREBOTE:inst7|CONTADOR_ANTIRREBOTE:inst11|inst28                                                                ; CLOCK_50                          ; CLOCK_50    ; 0.000        ; 0.231      ; 0.832      ;
; 0.518  ; ANTIRREBOTE:inst7|CONTADOR_ANTIRREBOTE:inst11|inst26 ; ANTIRREBOTE:inst7|CONTADOR_ANTIRREBOTE:inst11|inst32                                                                ; CLOCK_50                          ; CLOCK_50    ; 0.000        ; 0.232      ; 0.834      ;
; 0.519  ; ANTIRREBOTE:inst7|CONTADOR_ANTIRREBOTE:inst11|inst14 ; ANTIRREBOTE:inst7|CONTADOR_ANTIRREBOTE:inst11|inst34                                                                ; CLOCK_50                          ; CLOCK_50    ; 0.000        ; 0.232      ; 0.835      ;
; 0.522  ; ANTIRREBOTE:inst7|CONTADOR_ANTIRREBOTE:inst11|inst26 ; ANTIRREBOTE:inst7|CONTADOR_ANTIRREBOTE:inst11|inst34                                                                ; CLOCK_50                          ; CLOCK_50    ; 0.000        ; 0.232      ; 0.838      ;
; 0.525  ; ANTIRREBOTE:inst7|CONTADOR_ANTIRREBOTE:inst11|inst44 ; ANTIRREBOTE:inst7|CONTADOR_ANTIRREBOTE:inst11|inst50                                                                ; CLOCK_50                          ; CLOCK_50    ; 0.000        ; 0.043      ; 0.652      ;
; 0.526  ; ANTIRREBOTE:inst7|CONTADOR_ANTIRREBOTE:inst11|inst44 ; ANTIRREBOTE:inst7|CONTADOR_ANTIRREBOTE:inst11|inst52                                                                ; CLOCK_50                          ; CLOCK_50    ; 0.000        ; 0.043      ; 0.653      ;
; 0.532  ; ANTIRREBOTE:inst7|CONTADOR_ANTIRREBOTE:inst11|inst28 ; ANTIRREBOTE:inst7|CONTADOR_ANTIRREBOTE:inst11|inst32                                                                ; CLOCK_50                          ; CLOCK_50    ; 0.000        ; 0.044      ; 0.660      ;
; 0.536  ; ANTIRREBOTE:inst7|CONTADOR_ANTIRREBOTE:inst11|inst30 ; ANTIRREBOTE:inst7|CONTADOR_ANTIRREBOTE:inst11|inst36                                                                ; CLOCK_50                          ; CLOCK_50    ; 0.000        ; 0.035      ; 0.655      ;
; 0.536  ; ANTIRREBOTE:inst7|CONTADOR_ANTIRREBOTE:inst11|inst24 ; ANTIRREBOTE:inst7|CONTADOR_ANTIRREBOTE:inst11|inst30                                                                ; CLOCK_50                          ; CLOCK_50    ; 0.000        ; 0.035      ; 0.655      ;
; 0.536  ; ANTIRREBOTE:inst7|CONTADOR_ANTIRREBOTE:inst11|inst28 ; ANTIRREBOTE:inst7|CONTADOR_ANTIRREBOTE:inst11|inst34                                                                ; CLOCK_50                          ; CLOCK_50    ; 0.000        ; 0.044      ; 0.664      ;
; 0.539  ; ANTIRREBOTE:inst7|CONTADOR_ANTIRREBOTE:inst11|inst24 ; ANTIRREBOTE:inst7|CONTADOR_ANTIRREBOTE:inst11|inst26                                                                ; CLOCK_50                          ; CLOCK_50    ; 0.000        ; 0.035      ; 0.658      ;
; 0.546  ; ANTIRREBOTE:inst7|inst10                             ; ANTIRREBOTE:inst7|inst10                                                                                            ; ANTIRREBOTE:inst7|inst10          ; CLOCK_50    ; -0.500       ; 1.317      ; 1.582      ;
; 0.548  ; ANTIRREBOTE:inst7|CONTADOR_ANTIRREBOTE:inst11|inst22 ; ANTIRREBOTE:inst7|CONTADOR_ANTIRREBOTE:inst11|inst30                                                                ; CLOCK_50                          ; CLOCK_50    ; 0.000        ; 0.035      ; 0.667      ;
+--------+------------------------------------------------------+---------------------------------------------------------------------------------------------------------------------+-----------------------------------+-------------+--------------+------------+------------+


+------------------------------------------------------------------------------------------------------------------------------------------------------------------------------------------------+
; Fast 1200mV 0C Model Hold: 'CONTADOR_RIZO:inst|FFD:inst|inst'                                                                                                                                  ;
+--------+-----------------------------------+-----------------------------------+-----------------------------------+----------------------------------+--------------+------------+------------+
; Slack  ; From Node                         ; To Node                           ; Launch Clock                      ; Latch Clock                      ; Relationship ; Clock Skew ; Data Delay ;
+--------+-----------------------------------+-----------------------------------+-----------------------------------+----------------------------------+--------------+------------+------------+
; -0.075 ; CONTADOR_RIZO:inst|FFD:inst1|inst ; CONTADOR_RIZO:inst|FFD:inst1|inst ; CONTADOR_RIZO:inst|FFD:inst1|inst ; CONTADOR_RIZO:inst|FFD:inst|inst ; 0.000        ; 0.547      ; 0.661      ;
; 0.403  ; CONTADOR_RIZO:inst|FFD:inst1|inst ; CONTADOR_RIZO:inst|FFD:inst1|inst ; CONTADOR_RIZO:inst|FFD:inst1|inst ; CONTADOR_RIZO:inst|FFD:inst|inst ; -0.500       ; 0.547      ; 0.639      ;
+--------+-----------------------------------+-----------------------------------+-----------------------------------+----------------------------------+--------------+------------+------------+


+------------------------------------------------------------------------------------------------------------------------------------------------------------------------------------------------+
; Fast 1200mV 0C Model Hold: 'CONTADOR_RIZO:inst|FFD:inst1|inst'                                                                                                                                 ;
+-------+-----------------------------------+-----------------------------------+-----------------------------------+-----------------------------------+--------------+------------+------------+
; Slack ; From Node                         ; To Node                           ; Launch Clock                      ; Latch Clock                       ; Relationship ; Clock Skew ; Data Delay ;
+-------+-----------------------------------+-----------------------------------+-----------------------------------+-----------------------------------+--------------+------------+------------+
; 0.206 ; CONTADOR_RIZO:inst|FFD:inst2|inst ; CONTADOR_RIZO:inst|FFD:inst2|inst ; CONTADOR_RIZO:inst|FFD:inst1|inst ; CONTADOR_RIZO:inst|FFD:inst1|inst ; 0.000        ; 0.024      ; 0.314      ;
+-------+-----------------------------------+-----------------------------------+-----------------------------------+-----------------------------------+--------------+------------+------------+


+--------------------------------------------------------------------------------------------------------------------------------------------------------------+
; Fast 1200mV 0C Model Recovery: 'CLOCK_50'                                                                                                                    ;
+-------+-------------------------+------------------------------------------------------+--------------+-------------+--------------+------------+------------+
; Slack ; From Node               ; To Node                                              ; Launch Clock ; Latch Clock ; Relationship ; Clock Skew ; Data Delay ;
+-------+-------------------------+------------------------------------------------------+--------------+-------------+--------------+------------+------------+
; 0.026 ; ANTIRREBOTE:inst7|inst2 ; ANTIRREBOTE:inst7|CONTADOR_ANTIRREBOTE:inst11|inst13 ; CLOCK_50     ; CLOCK_50    ; 1.000        ; -0.035     ; 0.926      ;
; 0.026 ; ANTIRREBOTE:inst7|inst2 ; ANTIRREBOTE:inst7|CONTADOR_ANTIRREBOTE:inst11|inst14 ; CLOCK_50     ; CLOCK_50    ; 1.000        ; -0.035     ; 0.926      ;
; 0.026 ; ANTIRREBOTE:inst7|inst2 ; ANTIRREBOTE:inst7|CONTADOR_ANTIRREBOTE:inst11|inst16 ; CLOCK_50     ; CLOCK_50    ; 1.000        ; -0.035     ; 0.926      ;
; 0.026 ; ANTIRREBOTE:inst7|inst2 ; ANTIRREBOTE:inst7|CONTADOR_ANTIRREBOTE:inst11|inst18 ; CLOCK_50     ; CLOCK_50    ; 1.000        ; -0.035     ; 0.926      ;
; 0.026 ; ANTIRREBOTE:inst7|inst2 ; ANTIRREBOTE:inst7|CONTADOR_ANTIRREBOTE:inst11|inst20 ; CLOCK_50     ; CLOCK_50    ; 1.000        ; -0.035     ; 0.926      ;
; 0.026 ; ANTIRREBOTE:inst7|inst2 ; ANTIRREBOTE:inst7|CONTADOR_ANTIRREBOTE:inst11|inst22 ; CLOCK_50     ; CLOCK_50    ; 1.000        ; -0.035     ; 0.926      ;
; 0.026 ; ANTIRREBOTE:inst7|inst2 ; ANTIRREBOTE:inst7|CONTADOR_ANTIRREBOTE:inst11|inst24 ; CLOCK_50     ; CLOCK_50    ; 1.000        ; -0.035     ; 0.926      ;
; 0.026 ; ANTIRREBOTE:inst7|inst2 ; ANTIRREBOTE:inst7|CONTADOR_ANTIRREBOTE:inst11|inst26 ; CLOCK_50     ; CLOCK_50    ; 1.000        ; -0.035     ; 0.926      ;
; 0.026 ; ANTIRREBOTE:inst7|inst2 ; ANTIRREBOTE:inst7|CONTADOR_ANTIRREBOTE:inst11|inst30 ; CLOCK_50     ; CLOCK_50    ; 1.000        ; -0.035     ; 0.926      ;
; 0.026 ; ANTIRREBOTE:inst7|inst2 ; ANTIRREBOTE:inst7|inst10                             ; CLOCK_50     ; CLOCK_50    ; 1.000        ; -0.035     ; 0.926      ;
; 0.105 ; ANTIRREBOTE:inst7|inst2 ; ANTIRREBOTE:inst7|CONTADOR_ANTIRREBOTE:inst11|inst36 ; CLOCK_50     ; CLOCK_50    ; 1.000        ; -0.036     ; 0.846      ;
; 0.214 ; ANTIRREBOTE:inst7|inst2 ; ANTIRREBOTE:inst7|CONTADOR_ANTIRREBOTE:inst11|inst28 ; CLOCK_50     ; CLOCK_50    ; 1.000        ; 0.153      ; 0.926      ;
; 0.295 ; ANTIRREBOTE:inst7|inst2 ; ANTIRREBOTE:inst7|CONTADOR_ANTIRREBOTE:inst11|inst32 ; CLOCK_50     ; CLOCK_50    ; 1.000        ; 0.154      ; 0.846      ;
; 0.295 ; ANTIRREBOTE:inst7|inst2 ; ANTIRREBOTE:inst7|CONTADOR_ANTIRREBOTE:inst11|inst34 ; CLOCK_50     ; CLOCK_50    ; 1.000        ; 0.154      ; 0.846      ;
; 0.295 ; ANTIRREBOTE:inst7|inst2 ; ANTIRREBOTE:inst7|CONTADOR_ANTIRREBOTE:inst11|inst38 ; CLOCK_50     ; CLOCK_50    ; 1.000        ; 0.154      ; 0.846      ;
; 0.295 ; ANTIRREBOTE:inst7|inst2 ; ANTIRREBOTE:inst7|CONTADOR_ANTIRREBOTE:inst11|inst40 ; CLOCK_50     ; CLOCK_50    ; 1.000        ; 0.154      ; 0.846      ;
; 0.295 ; ANTIRREBOTE:inst7|inst2 ; ANTIRREBOTE:inst7|CONTADOR_ANTIRREBOTE:inst11|inst42 ; CLOCK_50     ; CLOCK_50    ; 1.000        ; 0.154      ; 0.846      ;
; 0.295 ; ANTIRREBOTE:inst7|inst2 ; ANTIRREBOTE:inst7|CONTADOR_ANTIRREBOTE:inst11|inst44 ; CLOCK_50     ; CLOCK_50    ; 1.000        ; 0.154      ; 0.846      ;
; 0.295 ; ANTIRREBOTE:inst7|inst2 ; ANTIRREBOTE:inst7|CONTADOR_ANTIRREBOTE:inst11|inst46 ; CLOCK_50     ; CLOCK_50    ; 1.000        ; 0.154      ; 0.846      ;
; 0.295 ; ANTIRREBOTE:inst7|inst2 ; ANTIRREBOTE:inst7|CONTADOR_ANTIRREBOTE:inst11|inst48 ; CLOCK_50     ; CLOCK_50    ; 1.000        ; 0.154      ; 0.846      ;
; 0.295 ; ANTIRREBOTE:inst7|inst2 ; ANTIRREBOTE:inst7|CONTADOR_ANTIRREBOTE:inst11|inst50 ; CLOCK_50     ; CLOCK_50    ; 1.000        ; 0.154      ; 0.846      ;
; 0.295 ; ANTIRREBOTE:inst7|inst2 ; ANTIRREBOTE:inst7|CONTADOR_ANTIRREBOTE:inst11|inst52 ; CLOCK_50     ; CLOCK_50    ; 1.000        ; 0.154      ; 0.846      ;
+-------+-------------------------+------------------------------------------------------+--------------+-------------+--------------+------------+------------+


+--------------------------------------------------------------------------------------------------------------------------------------------------------------+
; Fast 1200mV 0C Model Removal: 'CLOCK_50'                                                                                                                     ;
+-------+-------------------------+------------------------------------------------------+--------------+-------------+--------------+------------+------------+
; Slack ; From Node               ; To Node                                              ; Launch Clock ; Latch Clock ; Relationship ; Clock Skew ; Data Delay ;
+-------+-------------------------+------------------------------------------------------+--------------+-------------+--------------+------------+------------+
; 0.450 ; ANTIRREBOTE:inst7|inst2 ; ANTIRREBOTE:inst7|CONTADOR_ANTIRREBOTE:inst11|inst32 ; CLOCK_50     ; CLOCK_50    ; 0.000        ; 0.233      ; 0.767      ;
; 0.450 ; ANTIRREBOTE:inst7|inst2 ; ANTIRREBOTE:inst7|CONTADOR_ANTIRREBOTE:inst11|inst34 ; CLOCK_50     ; CLOCK_50    ; 0.000        ; 0.233      ; 0.767      ;
; 0.450 ; ANTIRREBOTE:inst7|inst2 ; ANTIRREBOTE:inst7|CONTADOR_ANTIRREBOTE:inst11|inst38 ; CLOCK_50     ; CLOCK_50    ; 0.000        ; 0.233      ; 0.767      ;
; 0.450 ; ANTIRREBOTE:inst7|inst2 ; ANTIRREBOTE:inst7|CONTADOR_ANTIRREBOTE:inst11|inst40 ; CLOCK_50     ; CLOCK_50    ; 0.000        ; 0.233      ; 0.767      ;
; 0.450 ; ANTIRREBOTE:inst7|inst2 ; ANTIRREBOTE:inst7|CONTADOR_ANTIRREBOTE:inst11|inst42 ; CLOCK_50     ; CLOCK_50    ; 0.000        ; 0.233      ; 0.767      ;
; 0.450 ; ANTIRREBOTE:inst7|inst2 ; ANTIRREBOTE:inst7|CONTADOR_ANTIRREBOTE:inst11|inst44 ; CLOCK_50     ; CLOCK_50    ; 0.000        ; 0.233      ; 0.767      ;
; 0.450 ; ANTIRREBOTE:inst7|inst2 ; ANTIRREBOTE:inst7|CONTADOR_ANTIRREBOTE:inst11|inst46 ; CLOCK_50     ; CLOCK_50    ; 0.000        ; 0.233      ; 0.767      ;
; 0.450 ; ANTIRREBOTE:inst7|inst2 ; ANTIRREBOTE:inst7|CONTADOR_ANTIRREBOTE:inst11|inst48 ; CLOCK_50     ; CLOCK_50    ; 0.000        ; 0.233      ; 0.767      ;
; 0.450 ; ANTIRREBOTE:inst7|inst2 ; ANTIRREBOTE:inst7|CONTADOR_ANTIRREBOTE:inst11|inst50 ; CLOCK_50     ; CLOCK_50    ; 0.000        ; 0.233      ; 0.767      ;
; 0.450 ; ANTIRREBOTE:inst7|inst2 ; ANTIRREBOTE:inst7|CONTADOR_ANTIRREBOTE:inst11|inst52 ; CLOCK_50     ; CLOCK_50    ; 0.000        ; 0.233      ; 0.767      ;
; 0.520 ; ANTIRREBOTE:inst7|inst2 ; ANTIRREBOTE:inst7|CONTADOR_ANTIRREBOTE:inst11|inst28 ; CLOCK_50     ; CLOCK_50    ; 0.000        ; 0.232      ; 0.836      ;
; 0.647 ; ANTIRREBOTE:inst7|inst2 ; ANTIRREBOTE:inst7|CONTADOR_ANTIRREBOTE:inst11|inst36 ; CLOCK_50     ; CLOCK_50    ; 0.000        ; 0.036      ; 0.767      ;
; 0.716 ; ANTIRREBOTE:inst7|inst2 ; ANTIRREBOTE:inst7|CONTADOR_ANTIRREBOTE:inst11|inst13 ; CLOCK_50     ; CLOCK_50    ; 0.000        ; 0.036      ; 0.836      ;
; 0.716 ; ANTIRREBOTE:inst7|inst2 ; ANTIRREBOTE:inst7|CONTADOR_ANTIRREBOTE:inst11|inst14 ; CLOCK_50     ; CLOCK_50    ; 0.000        ; 0.036      ; 0.836      ;
; 0.716 ; ANTIRREBOTE:inst7|inst2 ; ANTIRREBOTE:inst7|CONTADOR_ANTIRREBOTE:inst11|inst16 ; CLOCK_50     ; CLOCK_50    ; 0.000        ; 0.036      ; 0.836      ;
; 0.716 ; ANTIRREBOTE:inst7|inst2 ; ANTIRREBOTE:inst7|CONTADOR_ANTIRREBOTE:inst11|inst18 ; CLOCK_50     ; CLOCK_50    ; 0.000        ; 0.036      ; 0.836      ;
; 0.716 ; ANTIRREBOTE:inst7|inst2 ; ANTIRREBOTE:inst7|CONTADOR_ANTIRREBOTE:inst11|inst20 ; CLOCK_50     ; CLOCK_50    ; 0.000        ; 0.036      ; 0.836      ;
; 0.716 ; ANTIRREBOTE:inst7|inst2 ; ANTIRREBOTE:inst7|CONTADOR_ANTIRREBOTE:inst11|inst22 ; CLOCK_50     ; CLOCK_50    ; 0.000        ; 0.036      ; 0.836      ;
; 0.716 ; ANTIRREBOTE:inst7|inst2 ; ANTIRREBOTE:inst7|CONTADOR_ANTIRREBOTE:inst11|inst24 ; CLOCK_50     ; CLOCK_50    ; 0.000        ; 0.036      ; 0.836      ;
; 0.716 ; ANTIRREBOTE:inst7|inst2 ; ANTIRREBOTE:inst7|CONTADOR_ANTIRREBOTE:inst11|inst26 ; CLOCK_50     ; CLOCK_50    ; 0.000        ; 0.036      ; 0.836      ;
; 0.716 ; ANTIRREBOTE:inst7|inst2 ; ANTIRREBOTE:inst7|CONTADOR_ANTIRREBOTE:inst11|inst30 ; CLOCK_50     ; CLOCK_50    ; 0.000        ; 0.036      ; 0.836      ;
; 0.716 ; ANTIRREBOTE:inst7|inst2 ; ANTIRREBOTE:inst7|inst10                             ; CLOCK_50     ; CLOCK_50    ; 0.000        ; 0.036      ; 0.836      ;
+-------+-------------------------+------------------------------------------------------+--------------+-------------+--------------+------------+------------+


+---------------------------------------------------------------------------------------------------------------------------------------------------------------------------------------------------------+
; Fast 1200mV 0C Model Minimum Pulse Width: 'CLOCK_50'                                                                                                                                                    ;
+--------+--------------+----------------+------------------+----------+------------+---------------------------------------------------------------------------------------------------------------------+
; Slack  ; Actual Width ; Required Width ; Type             ; Clock    ; Clock Edge ; Target                                                                                                              ;
+--------+--------------+----------------+------------------+----------+------------+---------------------------------------------------------------------------------------------------------------------+
; -3.000 ; 1.000        ; 4.000          ; Port Rate        ; CLOCK_50 ; Rise       ; CLOCK_50                                                                                                            ;
; -1.000 ; 1.000        ; 2.000          ; Min Period       ; CLOCK_50 ; Rise       ; ANTIRREBOTE:inst7|CONTADOR_ANTIRREBOTE:inst11|inst13                                                                ;
; -1.000 ; 1.000        ; 2.000          ; Min Period       ; CLOCK_50 ; Rise       ; ANTIRREBOTE:inst7|CONTADOR_ANTIRREBOTE:inst11|inst14                                                                ;
; -1.000 ; 1.000        ; 2.000          ; Min Period       ; CLOCK_50 ; Rise       ; ANTIRREBOTE:inst7|CONTADOR_ANTIRREBOTE:inst11|inst16                                                                ;
; -1.000 ; 1.000        ; 2.000          ; Min Period       ; CLOCK_50 ; Rise       ; ANTIRREBOTE:inst7|CONTADOR_ANTIRREBOTE:inst11|inst18                                                                ;
; -1.000 ; 1.000        ; 2.000          ; Min Period       ; CLOCK_50 ; Rise       ; ANTIRREBOTE:inst7|CONTADOR_ANTIRREBOTE:inst11|inst20                                                                ;
; -1.000 ; 1.000        ; 2.000          ; Min Period       ; CLOCK_50 ; Rise       ; ANTIRREBOTE:inst7|CONTADOR_ANTIRREBOTE:inst11|inst22                                                                ;
; -1.000 ; 1.000        ; 2.000          ; Min Period       ; CLOCK_50 ; Rise       ; ANTIRREBOTE:inst7|CONTADOR_ANTIRREBOTE:inst11|inst24                                                                ;
; -1.000 ; 1.000        ; 2.000          ; Min Period       ; CLOCK_50 ; Rise       ; ANTIRREBOTE:inst7|CONTADOR_ANTIRREBOTE:inst11|inst26                                                                ;
; -1.000 ; 1.000        ; 2.000          ; Min Period       ; CLOCK_50 ; Rise       ; ANTIRREBOTE:inst7|CONTADOR_ANTIRREBOTE:inst11|inst28                                                                ;
; -1.000 ; 1.000        ; 2.000          ; Min Period       ; CLOCK_50 ; Rise       ; ANTIRREBOTE:inst7|CONTADOR_ANTIRREBOTE:inst11|inst30                                                                ;
; -1.000 ; 1.000        ; 2.000          ; Min Period       ; CLOCK_50 ; Rise       ; ANTIRREBOTE:inst7|CONTADOR_ANTIRREBOTE:inst11|inst32                                                                ;
; -1.000 ; 1.000        ; 2.000          ; Min Period       ; CLOCK_50 ; Rise       ; ANTIRREBOTE:inst7|CONTADOR_ANTIRREBOTE:inst11|inst34                                                                ;
; -1.000 ; 1.000        ; 2.000          ; Min Period       ; CLOCK_50 ; Rise       ; ANTIRREBOTE:inst7|CONTADOR_ANTIRREBOTE:inst11|inst36                                                                ;
; -1.000 ; 1.000        ; 2.000          ; Min Period       ; CLOCK_50 ; Rise       ; ANTIRREBOTE:inst7|CONTADOR_ANTIRREBOTE:inst11|inst38                                                                ;
; -1.000 ; 1.000        ; 2.000          ; Min Period       ; CLOCK_50 ; Rise       ; ANTIRREBOTE:inst7|CONTADOR_ANTIRREBOTE:inst11|inst40                                                                ;
; -1.000 ; 1.000        ; 2.000          ; Min Period       ; CLOCK_50 ; Rise       ; ANTIRREBOTE:inst7|CONTADOR_ANTIRREBOTE:inst11|inst42                                                                ;
; -1.000 ; 1.000        ; 2.000          ; Min Period       ; CLOCK_50 ; Rise       ; ANTIRREBOTE:inst7|CONTADOR_ANTIRREBOTE:inst11|inst44                                                                ;
; -1.000 ; 1.000        ; 2.000          ; Min Period       ; CLOCK_50 ; Rise       ; ANTIRREBOTE:inst7|CONTADOR_ANTIRREBOTE:inst11|inst46                                                                ;
; -1.000 ; 1.000        ; 2.000          ; Min Period       ; CLOCK_50 ; Rise       ; ANTIRREBOTE:inst7|CONTADOR_ANTIRREBOTE:inst11|inst48                                                                ;
; -1.000 ; 1.000        ; 2.000          ; Min Period       ; CLOCK_50 ; Rise       ; ANTIRREBOTE:inst7|CONTADOR_ANTIRREBOTE:inst11|inst50                                                                ;
; -1.000 ; 1.000        ; 2.000          ; Min Period       ; CLOCK_50 ; Rise       ; ANTIRREBOTE:inst7|CONTADOR_ANTIRREBOTE:inst11|inst52                                                                ;
; -1.000 ; 1.000        ; 2.000          ; Min Period       ; CLOCK_50 ; Rise       ; ANTIRREBOTE:inst7|inst1                                                                                             ;
; -1.000 ; 1.000        ; 2.000          ; Min Period       ; CLOCK_50 ; Rise       ; ANTIRREBOTE:inst7|inst10                                                                                            ;
; -1.000 ; 1.000        ; 2.000          ; Min Period       ; CLOCK_50 ; Rise       ; ANTIRREBOTE:inst7|inst2                                                                                             ;
; -1.000 ; 1.000        ; 2.000          ; Min Period       ; CLOCK_50 ; Rise       ; ROM:inst1|miROM:inst|altsyncram:altsyncram_component|altsyncram_3nr3:auto_generated|ram_block1a0~porta_address_reg0 ;
; -0.297 ; -0.067       ; 0.230          ; Low Pulse Width  ; CLOCK_50 ; Rise       ; ROM:inst1|miROM:inst|altsyncram:altsyncram_component|altsyncram_3nr3:auto_generated|ram_block1a0~porta_address_reg0 ;
; -0.262 ; -0.078       ; 0.184          ; Low Pulse Width  ; CLOCK_50 ; Rise       ; ANTIRREBOTE:inst7|CONTADOR_ANTIRREBOTE:inst11|inst28                                                                ;
; -0.262 ; -0.078       ; 0.184          ; Low Pulse Width  ; CLOCK_50 ; Rise       ; ANTIRREBOTE:inst7|CONTADOR_ANTIRREBOTE:inst11|inst32                                                                ;
; -0.262 ; -0.078       ; 0.184          ; Low Pulse Width  ; CLOCK_50 ; Rise       ; ANTIRREBOTE:inst7|CONTADOR_ANTIRREBOTE:inst11|inst34                                                                ;
; -0.262 ; -0.078       ; 0.184          ; Low Pulse Width  ; CLOCK_50 ; Rise       ; ANTIRREBOTE:inst7|CONTADOR_ANTIRREBOTE:inst11|inst38                                                                ;
; -0.262 ; -0.078       ; 0.184          ; Low Pulse Width  ; CLOCK_50 ; Rise       ; ANTIRREBOTE:inst7|CONTADOR_ANTIRREBOTE:inst11|inst40                                                                ;
; -0.262 ; -0.078       ; 0.184          ; Low Pulse Width  ; CLOCK_50 ; Rise       ; ANTIRREBOTE:inst7|CONTADOR_ANTIRREBOTE:inst11|inst42                                                                ;
; -0.262 ; -0.078       ; 0.184          ; Low Pulse Width  ; CLOCK_50 ; Rise       ; ANTIRREBOTE:inst7|CONTADOR_ANTIRREBOTE:inst11|inst44                                                                ;
; -0.262 ; -0.078       ; 0.184          ; Low Pulse Width  ; CLOCK_50 ; Rise       ; ANTIRREBOTE:inst7|CONTADOR_ANTIRREBOTE:inst11|inst46                                                                ;
; -0.262 ; -0.078       ; 0.184          ; Low Pulse Width  ; CLOCK_50 ; Rise       ; ANTIRREBOTE:inst7|CONTADOR_ANTIRREBOTE:inst11|inst48                                                                ;
; -0.262 ; -0.078       ; 0.184          ; Low Pulse Width  ; CLOCK_50 ; Rise       ; ANTIRREBOTE:inst7|CONTADOR_ANTIRREBOTE:inst11|inst50                                                                ;
; -0.262 ; -0.078       ; 0.184          ; Low Pulse Width  ; CLOCK_50 ; Rise       ; ANTIRREBOTE:inst7|CONTADOR_ANTIRREBOTE:inst11|inst52                                                                ;
; -0.262 ; -0.078       ; 0.184          ; Low Pulse Width  ; CLOCK_50 ; Rise       ; ANTIRREBOTE:inst7|inst1                                                                                             ;
; -0.233 ; -0.049       ; 0.184          ; Low Pulse Width  ; CLOCK_50 ; Rise       ; ANTIRREBOTE:inst7|CONTADOR_ANTIRREBOTE:inst11|inst13                                                                ;
; -0.233 ; -0.049       ; 0.184          ; Low Pulse Width  ; CLOCK_50 ; Rise       ; ANTIRREBOTE:inst7|CONTADOR_ANTIRREBOTE:inst11|inst14                                                                ;
; -0.233 ; -0.049       ; 0.184          ; Low Pulse Width  ; CLOCK_50 ; Rise       ; ANTIRREBOTE:inst7|CONTADOR_ANTIRREBOTE:inst11|inst16                                                                ;
; -0.233 ; -0.049       ; 0.184          ; Low Pulse Width  ; CLOCK_50 ; Rise       ; ANTIRREBOTE:inst7|CONTADOR_ANTIRREBOTE:inst11|inst18                                                                ;
; -0.233 ; -0.049       ; 0.184          ; Low Pulse Width  ; CLOCK_50 ; Rise       ; ANTIRREBOTE:inst7|CONTADOR_ANTIRREBOTE:inst11|inst20                                                                ;
; -0.233 ; -0.049       ; 0.184          ; Low Pulse Width  ; CLOCK_50 ; Rise       ; ANTIRREBOTE:inst7|CONTADOR_ANTIRREBOTE:inst11|inst22                                                                ;
; -0.233 ; -0.049       ; 0.184          ; Low Pulse Width  ; CLOCK_50 ; Rise       ; ANTIRREBOTE:inst7|CONTADOR_ANTIRREBOTE:inst11|inst24                                                                ;
; -0.233 ; -0.049       ; 0.184          ; Low Pulse Width  ; CLOCK_50 ; Rise       ; ANTIRREBOTE:inst7|CONTADOR_ANTIRREBOTE:inst11|inst26                                                                ;
; -0.233 ; -0.049       ; 0.184          ; Low Pulse Width  ; CLOCK_50 ; Rise       ; ANTIRREBOTE:inst7|CONTADOR_ANTIRREBOTE:inst11|inst30                                                                ;
; -0.233 ; -0.049       ; 0.184          ; Low Pulse Width  ; CLOCK_50 ; Rise       ; ANTIRREBOTE:inst7|CONTADOR_ANTIRREBOTE:inst11|inst36                                                                ;
; -0.233 ; -0.049       ; 0.184          ; Low Pulse Width  ; CLOCK_50 ; Rise       ; ANTIRREBOTE:inst7|inst10                                                                                            ;
; -0.233 ; -0.049       ; 0.184          ; Low Pulse Width  ; CLOCK_50 ; Rise       ; ANTIRREBOTE:inst7|inst2                                                                                             ;
; -0.082 ; -0.082       ; 0.000          ; Low Pulse Width  ; CLOCK_50 ; Rise       ; inst7|inst11|inst28|clk                                                                                             ;
; -0.082 ; -0.082       ; 0.000          ; Low Pulse Width  ; CLOCK_50 ; Rise       ; inst7|inst11|inst32|clk                                                                                             ;
; -0.082 ; -0.082       ; 0.000          ; Low Pulse Width  ; CLOCK_50 ; Rise       ; inst7|inst11|inst34|clk                                                                                             ;
; -0.082 ; -0.082       ; 0.000          ; Low Pulse Width  ; CLOCK_50 ; Rise       ; inst7|inst11|inst38|clk                                                                                             ;
; -0.082 ; -0.082       ; 0.000          ; Low Pulse Width  ; CLOCK_50 ; Rise       ; inst7|inst11|inst40|clk                                                                                             ;
; -0.082 ; -0.082       ; 0.000          ; Low Pulse Width  ; CLOCK_50 ; Rise       ; inst7|inst11|inst42|clk                                                                                             ;
; -0.082 ; -0.082       ; 0.000          ; Low Pulse Width  ; CLOCK_50 ; Rise       ; inst7|inst11|inst44|clk                                                                                             ;
; -0.082 ; -0.082       ; 0.000          ; Low Pulse Width  ; CLOCK_50 ; Rise       ; inst7|inst11|inst46|clk                                                                                             ;
; -0.082 ; -0.082       ; 0.000          ; Low Pulse Width  ; CLOCK_50 ; Rise       ; inst7|inst11|inst48|clk                                                                                             ;
; -0.082 ; -0.082       ; 0.000          ; Low Pulse Width  ; CLOCK_50 ; Rise       ; inst7|inst11|inst50|clk                                                                                             ;
; -0.082 ; -0.082       ; 0.000          ; Low Pulse Width  ; CLOCK_50 ; Rise       ; inst7|inst11|inst52|clk                                                                                             ;
; -0.082 ; -0.082       ; 0.000          ; Low Pulse Width  ; CLOCK_50 ; Rise       ; inst7|inst1|clk                                                                                                     ;
; -0.059 ; -0.059       ; 0.000          ; Low Pulse Width  ; CLOCK_50 ; Rise       ; CLOCK_50~input|o                                                                                                    ;
; -0.054 ; -0.054       ; 0.000          ; Low Pulse Width  ; CLOCK_50 ; Rise       ; inst7|inst11|inst36|clk                                                                                             ;
; -0.054 ; -0.054       ; 0.000          ; Low Pulse Width  ; CLOCK_50 ; Rise       ; inst7|inst2|clk                                                                                                     ;
; -0.053 ; -0.053       ; 0.000          ; Low Pulse Width  ; CLOCK_50 ; Rise       ; inst1|inst|altsyncram_component|auto_generated|ram_block1a0|clk0                                                    ;
; -0.053 ; -0.053       ; 0.000          ; Low Pulse Width  ; CLOCK_50 ; Rise       ; inst7|inst10|clk                                                                                                    ;
; -0.053 ; -0.053       ; 0.000          ; Low Pulse Width  ; CLOCK_50 ; Rise       ; inst7|inst11|inst13|clk                                                                                             ;
; -0.053 ; -0.053       ; 0.000          ; Low Pulse Width  ; CLOCK_50 ; Rise       ; inst7|inst11|inst14|clk                                                                                             ;
; -0.053 ; -0.053       ; 0.000          ; Low Pulse Width  ; CLOCK_50 ; Rise       ; inst7|inst11|inst16|clk                                                                                             ;
; -0.053 ; -0.053       ; 0.000          ; Low Pulse Width  ; CLOCK_50 ; Rise       ; inst7|inst11|inst18|clk                                                                                             ;
; -0.053 ; -0.053       ; 0.000          ; Low Pulse Width  ; CLOCK_50 ; Rise       ; inst7|inst11|inst20|clk                                                                                             ;
; -0.053 ; -0.053       ; 0.000          ; Low Pulse Width  ; CLOCK_50 ; Rise       ; inst7|inst11|inst22|clk                                                                                             ;
; -0.053 ; -0.053       ; 0.000          ; Low Pulse Width  ; CLOCK_50 ; Rise       ; inst7|inst11|inst24|clk                                                                                             ;
; -0.053 ; -0.053       ; 0.000          ; Low Pulse Width  ; CLOCK_50 ; Rise       ; inst7|inst11|inst26|clk                                                                                             ;
; -0.053 ; -0.053       ; 0.000          ; Low Pulse Width  ; CLOCK_50 ; Rise       ; inst7|inst11|inst30|clk                                                                                             ;
; -0.045 ; -0.045       ; 0.000          ; Low Pulse Width  ; CLOCK_50 ; Rise       ; CLOCK_50~inputclkctrl|inclk[0]                                                                                      ;
; -0.045 ; -0.045       ; 0.000          ; Low Pulse Width  ; CLOCK_50 ; Rise       ; CLOCK_50~inputclkctrl|outclk                                                                                        ;
; 0.500  ; 0.500        ; 0.000          ; High Pulse Width ; CLOCK_50 ; Rise       ; CLOCK_50~input|i                                                                                                    ;
; 0.500  ; 0.500        ; 0.000          ; Low Pulse Width  ; CLOCK_50 ; Rise       ; CLOCK_50~input|i                                                                                                    ;
; 0.831  ; 1.047        ; 0.216          ; High Pulse Width ; CLOCK_50 ; Rise       ; ANTIRREBOTE:inst7|CONTADOR_ANTIRREBOTE:inst11|inst13                                                                ;
; 0.831  ; 1.047        ; 0.216          ; High Pulse Width ; CLOCK_50 ; Rise       ; ANTIRREBOTE:inst7|CONTADOR_ANTIRREBOTE:inst11|inst14                                                                ;
; 0.831  ; 1.047        ; 0.216          ; High Pulse Width ; CLOCK_50 ; Rise       ; ANTIRREBOTE:inst7|CONTADOR_ANTIRREBOTE:inst11|inst16                                                                ;
; 0.831  ; 1.047        ; 0.216          ; High Pulse Width ; CLOCK_50 ; Rise       ; ANTIRREBOTE:inst7|CONTADOR_ANTIRREBOTE:inst11|inst18                                                                ;
; 0.831  ; 1.047        ; 0.216          ; High Pulse Width ; CLOCK_50 ; Rise       ; ANTIRREBOTE:inst7|CONTADOR_ANTIRREBOTE:inst11|inst20                                                                ;
; 0.831  ; 1.047        ; 0.216          ; High Pulse Width ; CLOCK_50 ; Rise       ; ANTIRREBOTE:inst7|CONTADOR_ANTIRREBOTE:inst11|inst22                                                                ;
; 0.831  ; 1.047        ; 0.216          ; High Pulse Width ; CLOCK_50 ; Rise       ; ANTIRREBOTE:inst7|CONTADOR_ANTIRREBOTE:inst11|inst24                                                                ;
; 0.831  ; 1.047        ; 0.216          ; High Pulse Width ; CLOCK_50 ; Rise       ; ANTIRREBOTE:inst7|CONTADOR_ANTIRREBOTE:inst11|inst26                                                                ;
; 0.831  ; 1.047        ; 0.216          ; High Pulse Width ; CLOCK_50 ; Rise       ; ANTIRREBOTE:inst7|CONTADOR_ANTIRREBOTE:inst11|inst30                                                                ;
; 0.831  ; 1.047        ; 0.216          ; High Pulse Width ; CLOCK_50 ; Rise       ; ANTIRREBOTE:inst7|inst10                                                                                            ;
; 0.832  ; 1.048        ; 0.216          ; High Pulse Width ; CLOCK_50 ; Rise       ; ANTIRREBOTE:inst7|CONTADOR_ANTIRREBOTE:inst11|inst36                                                                ;
; 0.832  ; 1.048        ; 0.216          ; High Pulse Width ; CLOCK_50 ; Rise       ; ANTIRREBOTE:inst7|inst2                                                                                             ;
; 0.832  ; 1.062        ; 0.230          ; High Pulse Width ; CLOCK_50 ; Rise       ; ROM:inst1|miROM:inst|altsyncram:altsyncram_component|altsyncram_3nr3:auto_generated|ram_block1a0~porta_address_reg0 ;
; 0.859  ; 1.075        ; 0.216          ; High Pulse Width ; CLOCK_50 ; Rise       ; ANTIRREBOTE:inst7|CONTADOR_ANTIRREBOTE:inst11|inst28                                                                ;
; 0.859  ; 1.075        ; 0.216          ; High Pulse Width ; CLOCK_50 ; Rise       ; ANTIRREBOTE:inst7|CONTADOR_ANTIRREBOTE:inst11|inst32                                                                ;
; 0.859  ; 1.075        ; 0.216          ; High Pulse Width ; CLOCK_50 ; Rise       ; ANTIRREBOTE:inst7|CONTADOR_ANTIRREBOTE:inst11|inst34                                                                ;
; 0.859  ; 1.075        ; 0.216          ; High Pulse Width ; CLOCK_50 ; Rise       ; ANTIRREBOTE:inst7|CONTADOR_ANTIRREBOTE:inst11|inst38                                                                ;
; 0.859  ; 1.075        ; 0.216          ; High Pulse Width ; CLOCK_50 ; Rise       ; ANTIRREBOTE:inst7|CONTADOR_ANTIRREBOTE:inst11|inst40                                                                ;
; 0.859  ; 1.075        ; 0.216          ; High Pulse Width ; CLOCK_50 ; Rise       ; ANTIRREBOTE:inst7|CONTADOR_ANTIRREBOTE:inst11|inst42                                                                ;
+--------+--------------+----------------+------------------+----------+------------+---------------------------------------------------------------------------------------------------------------------+


+--------------------------------------------------------------------------------------------------------------------------------------+
; Fast 1200mV 0C Model Minimum Pulse Width: 'ANTIRREBOTE:inst7|inst10'                                                                 ;
+--------+--------------+----------------+------------------+--------------------------+------------+----------------------------------+
; Slack  ; Actual Width ; Required Width ; Type             ; Clock                    ; Clock Edge ; Target                           ;
+--------+--------------+----------------+------------------+--------------------------+------------+----------------------------------+
; -1.000 ; 1.000        ; 2.000          ; Min Period       ; ANTIRREBOTE:inst7|inst10 ; Rise       ; CONTADOR_RIZO:inst|FFD:inst|inst ;
; -1.000 ; 1.000        ; 2.000          ; Min Period       ; ANTIRREBOTE:inst7|inst10 ; Rise       ; REG8BIT:inst3|FFD:inst1|inst     ;
; -1.000 ; 1.000        ; 2.000          ; Min Period       ; ANTIRREBOTE:inst7|inst10 ; Rise       ; REG8BIT:inst3|FFD:inst2|inst     ;
; -1.000 ; 1.000        ; 2.000          ; Min Period       ; ANTIRREBOTE:inst7|inst10 ; Rise       ; REG8BIT:inst3|FFD:inst3|inst     ;
; -1.000 ; 1.000        ; 2.000          ; Min Period       ; ANTIRREBOTE:inst7|inst10 ; Rise       ; REG8BIT:inst3|FFD:inst4|inst     ;
; -1.000 ; 1.000        ; 2.000          ; Min Period       ; ANTIRREBOTE:inst7|inst10 ; Rise       ; REG8BIT:inst3|FFD:inst5|inst     ;
; -1.000 ; 1.000        ; 2.000          ; Min Period       ; ANTIRREBOTE:inst7|inst10 ; Rise       ; REG8BIT:inst3|FFD:inst6|inst     ;
; -1.000 ; 1.000        ; 2.000          ; Min Period       ; ANTIRREBOTE:inst7|inst10 ; Rise       ; REG8BIT:inst3|FFD:inst7|inst     ;
; -1.000 ; 1.000        ; 2.000          ; Min Period       ; ANTIRREBOTE:inst7|inst10 ; Rise       ; REG8BIT:inst3|FFD:inst8|inst     ;
; 0.190  ; 0.374        ; 0.184          ; Low Pulse Width  ; ANTIRREBOTE:inst7|inst10 ; Rise       ; REG8BIT:inst3|FFD:inst2|inst     ;
; 0.190  ; 0.374        ; 0.184          ; Low Pulse Width  ; ANTIRREBOTE:inst7|inst10 ; Rise       ; REG8BIT:inst3|FFD:inst3|inst     ;
; 0.191  ; 0.375        ; 0.184          ; Low Pulse Width  ; ANTIRREBOTE:inst7|inst10 ; Rise       ; REG8BIT:inst3|FFD:inst4|inst     ;
; 0.191  ; 0.375        ; 0.184          ; Low Pulse Width  ; ANTIRREBOTE:inst7|inst10 ; Rise       ; REG8BIT:inst3|FFD:inst7|inst     ;
; 0.219  ; 0.403        ; 0.184          ; Low Pulse Width  ; ANTIRREBOTE:inst7|inst10 ; Rise       ; REG8BIT:inst3|FFD:inst5|inst     ;
; 0.220  ; 0.404        ; 0.184          ; Low Pulse Width  ; ANTIRREBOTE:inst7|inst10 ; Rise       ; CONTADOR_RIZO:inst|FFD:inst|inst ;
; 0.220  ; 0.404        ; 0.184          ; Low Pulse Width  ; ANTIRREBOTE:inst7|inst10 ; Rise       ; REG8BIT:inst3|FFD:inst1|inst     ;
; 0.220  ; 0.404        ; 0.184          ; Low Pulse Width  ; ANTIRREBOTE:inst7|inst10 ; Rise       ; REG8BIT:inst3|FFD:inst6|inst     ;
; 0.220  ; 0.404        ; 0.184          ; Low Pulse Width  ; ANTIRREBOTE:inst7|inst10 ; Rise       ; REG8BIT:inst3|FFD:inst8|inst     ;
; 0.370  ; 0.370        ; 0.000          ; Low Pulse Width  ; ANTIRREBOTE:inst7|inst10 ; Rise       ; inst3|inst2|inst|clk             ;
; 0.370  ; 0.370        ; 0.000          ; Low Pulse Width  ; ANTIRREBOTE:inst7|inst10 ; Rise       ; inst3|inst3|inst|clk             ;
; 0.371  ; 0.371        ; 0.000          ; Low Pulse Width  ; ANTIRREBOTE:inst7|inst10 ; Rise       ; inst3|inst4|inst|clk             ;
; 0.371  ; 0.371        ; 0.000          ; Low Pulse Width  ; ANTIRREBOTE:inst7|inst10 ; Rise       ; inst3|inst7|inst|clk             ;
; 0.375  ; 0.591        ; 0.216          ; High Pulse Width ; ANTIRREBOTE:inst7|inst10 ; Rise       ; CONTADOR_RIZO:inst|FFD:inst|inst ;
; 0.375  ; 0.591        ; 0.216          ; High Pulse Width ; ANTIRREBOTE:inst7|inst10 ; Rise       ; REG8BIT:inst3|FFD:inst1|inst     ;
; 0.375  ; 0.591        ; 0.216          ; High Pulse Width ; ANTIRREBOTE:inst7|inst10 ; Rise       ; REG8BIT:inst3|FFD:inst6|inst     ;
; 0.375  ; 0.591        ; 0.216          ; High Pulse Width ; ANTIRREBOTE:inst7|inst10 ; Rise       ; REG8BIT:inst3|FFD:inst8|inst     ;
; 0.376  ; 0.592        ; 0.216          ; High Pulse Width ; ANTIRREBOTE:inst7|inst10 ; Rise       ; REG8BIT:inst3|FFD:inst5|inst     ;
; 0.399  ; 0.399        ; 0.000          ; Low Pulse Width  ; ANTIRREBOTE:inst7|inst10 ; Rise       ; inst3|inst5|inst|clk             ;
; 0.400  ; 0.400        ; 0.000          ; Low Pulse Width  ; ANTIRREBOTE:inst7|inst10 ; Rise       ; inst3|inst1|inst|clk             ;
; 0.400  ; 0.400        ; 0.000          ; Low Pulse Width  ; ANTIRREBOTE:inst7|inst10 ; Rise       ; inst3|inst6|inst|clk             ;
; 0.400  ; 0.400        ; 0.000          ; Low Pulse Width  ; ANTIRREBOTE:inst7|inst10 ; Rise       ; inst3|inst8|inst|clk             ;
; 0.400  ; 0.400        ; 0.000          ; Low Pulse Width  ; ANTIRREBOTE:inst7|inst10 ; Rise       ; inst|inst|inst|clk               ;
; 0.403  ; 0.619        ; 0.216          ; High Pulse Width ; ANTIRREBOTE:inst7|inst10 ; Rise       ; REG8BIT:inst3|FFD:inst2|inst     ;
; 0.403  ; 0.619        ; 0.216          ; High Pulse Width ; ANTIRREBOTE:inst7|inst10 ; Rise       ; REG8BIT:inst3|FFD:inst3|inst     ;
; 0.403  ; 0.619        ; 0.216          ; High Pulse Width ; ANTIRREBOTE:inst7|inst10 ; Rise       ; REG8BIT:inst3|FFD:inst4|inst     ;
; 0.403  ; 0.619        ; 0.216          ; High Pulse Width ; ANTIRREBOTE:inst7|inst10 ; Rise       ; REG8BIT:inst3|FFD:inst7|inst     ;
; 0.411  ; 0.411        ; 0.000          ; Low Pulse Width  ; ANTIRREBOTE:inst7|inst10 ; Rise       ; inst7|inst10~clkctrl|inclk[0]    ;
; 0.411  ; 0.411        ; 0.000          ; Low Pulse Width  ; ANTIRREBOTE:inst7|inst10 ; Rise       ; inst7|inst10~clkctrl|outclk      ;
; 0.500  ; 0.500        ; 0.000          ; High Pulse Width ; ANTIRREBOTE:inst7|inst10 ; Rise       ; inst7|inst10|q                   ;
; 0.500  ; 0.500        ; 0.000          ; Low Pulse Width  ; ANTIRREBOTE:inst7|inst10 ; Rise       ; inst7|inst10|q                   ;
; 0.586  ; 0.586        ; 0.000          ; High Pulse Width ; ANTIRREBOTE:inst7|inst10 ; Rise       ; inst7|inst10~clkctrl|inclk[0]    ;
; 0.586  ; 0.586        ; 0.000          ; High Pulse Width ; ANTIRREBOTE:inst7|inst10 ; Rise       ; inst7|inst10~clkctrl|outclk      ;
; 0.597  ; 0.597        ; 0.000          ; High Pulse Width ; ANTIRREBOTE:inst7|inst10 ; Rise       ; inst3|inst1|inst|clk             ;
; 0.597  ; 0.597        ; 0.000          ; High Pulse Width ; ANTIRREBOTE:inst7|inst10 ; Rise       ; inst3|inst6|inst|clk             ;
; 0.597  ; 0.597        ; 0.000          ; High Pulse Width ; ANTIRREBOTE:inst7|inst10 ; Rise       ; inst3|inst8|inst|clk             ;
; 0.597  ; 0.597        ; 0.000          ; High Pulse Width ; ANTIRREBOTE:inst7|inst10 ; Rise       ; inst|inst|inst|clk               ;
; 0.598  ; 0.598        ; 0.000          ; High Pulse Width ; ANTIRREBOTE:inst7|inst10 ; Rise       ; inst3|inst5|inst|clk             ;
; 0.625  ; 0.625        ; 0.000          ; High Pulse Width ; ANTIRREBOTE:inst7|inst10 ; Rise       ; inst3|inst2|inst|clk             ;
; 0.625  ; 0.625        ; 0.000          ; High Pulse Width ; ANTIRREBOTE:inst7|inst10 ; Rise       ; inst3|inst3|inst|clk             ;
; 0.625  ; 0.625        ; 0.000          ; High Pulse Width ; ANTIRREBOTE:inst7|inst10 ; Rise       ; inst3|inst4|inst|clk             ;
; 0.625  ; 0.625        ; 0.000          ; High Pulse Width ; ANTIRREBOTE:inst7|inst10 ; Rise       ; inst3|inst7|inst|clk             ;
+--------+--------------+----------------+------------------+--------------------------+------------+----------------------------------+


+------------------------------------------------------------------------------------------------------------------------------------------------+
; Fast 1200mV 0C Model Minimum Pulse Width: 'CONTADOR_RIZO:inst|FFD:inst1|inst'                                                                  ;
+--------+--------------+----------------+------------------+-----------------------------------+------------+-----------------------------------+
; Slack  ; Actual Width ; Required Width ; Type             ; Clock                             ; Clock Edge ; Target                            ;
+--------+--------------+----------------+------------------+-----------------------------------+------------+-----------------------------------+
; -1.000 ; 1.000        ; 2.000          ; Min Period       ; CONTADOR_RIZO:inst|FFD:inst1|inst ; Fall       ; CONTADOR_RIZO:inst|FFD:inst2|inst ;
; 0.232  ; 0.448        ; 0.216          ; High Pulse Width ; CONTADOR_RIZO:inst|FFD:inst1|inst ; Fall       ; CONTADOR_RIZO:inst|FFD:inst2|inst ;
; 0.367  ; 0.551        ; 0.184          ; Low Pulse Width  ; CONTADOR_RIZO:inst|FFD:inst1|inst ; Fall       ; CONTADOR_RIZO:inst|FFD:inst2|inst ;
; 0.453  ; 0.453        ; 0.000          ; Low Pulse Width  ; CONTADOR_RIZO:inst|FFD:inst1|inst ; Rise       ; inst|inst2|inst|clk               ;
; 0.500  ; 0.500        ; 0.000          ; High Pulse Width ; CONTADOR_RIZO:inst|FFD:inst1|inst ; Rise       ; inst|inst1|inst|q                 ;
; 0.500  ; 0.500        ; 0.000          ; Low Pulse Width  ; CONTADOR_RIZO:inst|FFD:inst1|inst ; Rise       ; inst|inst1|inst|q                 ;
; 0.545  ; 0.545        ; 0.000          ; High Pulse Width ; CONTADOR_RIZO:inst|FFD:inst1|inst ; Rise       ; inst|inst2|inst|clk               ;
+--------+--------------+----------------+------------------+-----------------------------------+------------+-----------------------------------+


+-----------------------------------------------------------------------------------------------------------------------------------------------+
; Fast 1200mV 0C Model Minimum Pulse Width: 'CONTADOR_RIZO:inst|FFD:inst|inst'                                                                  ;
+--------+--------------+----------------+------------------+----------------------------------+------------+-----------------------------------+
; Slack  ; Actual Width ; Required Width ; Type             ; Clock                            ; Clock Edge ; Target                            ;
+--------+--------------+----------------+------------------+----------------------------------+------------+-----------------------------------+
; -1.000 ; 1.000        ; 2.000          ; Min Period       ; CONTADOR_RIZO:inst|FFD:inst|inst ; Fall       ; CONTADOR_RIZO:inst|FFD:inst1|inst ;
; 0.237  ; 0.453        ; 0.216          ; High Pulse Width ; CONTADOR_RIZO:inst|FFD:inst|inst ; Fall       ; CONTADOR_RIZO:inst|FFD:inst1|inst ;
; 0.363  ; 0.547        ; 0.184          ; Low Pulse Width  ; CONTADOR_RIZO:inst|FFD:inst|inst ; Fall       ; CONTADOR_RIZO:inst|FFD:inst1|inst ;
; 0.458  ; 0.458        ; 0.000          ; Low Pulse Width  ; CONTADOR_RIZO:inst|FFD:inst|inst ; Rise       ; inst|inst1|inst|clk               ;
; 0.500  ; 0.500        ; 0.000          ; High Pulse Width ; CONTADOR_RIZO:inst|FFD:inst|inst ; Rise       ; inst|inst|inst|q                  ;
; 0.500  ; 0.500        ; 0.000          ; Low Pulse Width  ; CONTADOR_RIZO:inst|FFD:inst|inst ; Rise       ; inst|inst|inst|q                  ;
; 0.541  ; 0.541        ; 0.000          ; High Pulse Width ; CONTADOR_RIZO:inst|FFD:inst|inst ; Rise       ; inst|inst1|inst|clk               ;
+--------+--------------+----------------+------------------+----------------------------------+------------+-----------------------------------+


+-----------------------------------------------------------------------+
; Setup Times                                                           ;
+-----------+------------+-------+-------+------------+-----------------+
; Data Port ; Clock Port ; Rise  ; Fall  ; Clock Edge ; Clock Reference ;
+-----------+------------+-------+-------+------------+-----------------+
; CLK       ; CLOCK_50   ; 0.923 ; 1.713 ; Rise       ; CLOCK_50        ;
; SIM_MODE  ; CLOCK_50   ; 1.788 ; 2.614 ; Rise       ; CLOCK_50        ;
+-----------+------------+-------+-------+------------+-----------------+


+-------------------------------------------------------------------------+
; Hold Times                                                              ;
+-----------+------------+--------+--------+------------+-----------------+
; Data Port ; Clock Port ; Rise   ; Fall   ; Clock Edge ; Clock Reference ;
+-----------+------------+--------+--------+------------+-----------------+
; CLK       ; CLOCK_50   ; -0.689 ; -1.478 ; Rise       ; CLOCK_50        ;
; SIM_MODE  ; CLOCK_50   ; -1.449 ; -2.206 ; Rise       ; CLOCK_50        ;
+-----------+------------+--------+--------+------------+-----------------+


+-------------------------------------------------------------------------------------------------------------------+
; Clock to Output Times                                                                                             ;
+--------------+-----------------------------------+-------+-------+------------+-----------------------------------+
; Data Port    ; Clock Port                        ; Rise  ; Fall  ; Clock Edge ; Clock Reference                   ;
+--------------+-----------------------------------+-------+-------+------------+-----------------------------------+
; ACC[*]       ; ANTIRREBOTE:inst7|inst10          ; 4.127 ; 4.281 ; Rise       ; ANTIRREBOTE:inst7|inst10          ;
;  ACC[0]      ; ANTIRREBOTE:inst7|inst10          ; 3.639 ; 3.720 ; Rise       ; ANTIRREBOTE:inst7|inst10          ;
;  ACC[1]      ; ANTIRREBOTE:inst7|inst10          ; 3.840 ; 3.940 ; Rise       ; ANTIRREBOTE:inst7|inst10          ;
;  ACC[2]      ; ANTIRREBOTE:inst7|inst10          ; 3.740 ; 3.829 ; Rise       ; ANTIRREBOTE:inst7|inst10          ;
;  ACC[3]      ; ANTIRREBOTE:inst7|inst10          ; 4.127 ; 4.281 ; Rise       ; ANTIRREBOTE:inst7|inst10          ;
;  ACC[4]      ; ANTIRREBOTE:inst7|inst10          ; 3.866 ; 3.936 ; Rise       ; ANTIRREBOTE:inst7|inst10          ;
;  ACC[5]      ; ANTIRREBOTE:inst7|inst10          ; 3.740 ; 3.808 ; Rise       ; ANTIRREBOTE:inst7|inst10          ;
;  ACC[6]      ; ANTIRREBOTE:inst7|inst10          ; 3.716 ; 3.786 ; Rise       ; ANTIRREBOTE:inst7|inst10          ;
;  ACC[7]      ; ANTIRREBOTE:inst7|inst10          ; 3.821 ; 3.902 ; Rise       ; ANTIRREBOTE:inst7|inst10          ;
; Cout         ; ANTIRREBOTE:inst7|inst10          ; 5.778 ; 5.997 ; Rise       ; ANTIRREBOTE:inst7|inst10          ;
; HEX0[*]      ; ANTIRREBOTE:inst7|inst10          ; 5.016 ; 4.960 ; Rise       ; ANTIRREBOTE:inst7|inst10          ;
;  HEX0[0]     ; ANTIRREBOTE:inst7|inst10          ; 4.732 ; 4.660 ; Rise       ; ANTIRREBOTE:inst7|inst10          ;
;  HEX0[1]     ; ANTIRREBOTE:inst7|inst10          ; 4.727 ; 4.667 ; Rise       ; ANTIRREBOTE:inst7|inst10          ;
;  HEX0[2]     ; ANTIRREBOTE:inst7|inst10          ; 4.973 ; 4.928 ; Rise       ; ANTIRREBOTE:inst7|inst10          ;
;  HEX0[3]     ; ANTIRREBOTE:inst7|inst10          ; 5.007 ; 4.958 ; Rise       ; ANTIRREBOTE:inst7|inst10          ;
;  HEX0[4]     ; ANTIRREBOTE:inst7|inst10          ; 5.016 ; 4.960 ; Rise       ; ANTIRREBOTE:inst7|inst10          ;
;  HEX0[5]     ; ANTIRREBOTE:inst7|inst10          ; 4.959 ; 4.931 ; Rise       ; ANTIRREBOTE:inst7|inst10          ;
;  HEX0[6]     ; ANTIRREBOTE:inst7|inst10          ; 4.982 ; 4.941 ; Rise       ; ANTIRREBOTE:inst7|inst10          ;
; HEX1[*]      ; ANTIRREBOTE:inst7|inst10          ; 5.010 ; 4.943 ; Rise       ; ANTIRREBOTE:inst7|inst10          ;
;  HEX1[0]     ; ANTIRREBOTE:inst7|inst10          ; 5.010 ; 4.916 ; Rise       ; ANTIRREBOTE:inst7|inst10          ;
;  HEX1[1]     ; ANTIRREBOTE:inst7|inst10          ; 4.722 ; 4.730 ; Rise       ; ANTIRREBOTE:inst7|inst10          ;
;  HEX1[2]     ; ANTIRREBOTE:inst7|inst10          ; 4.787 ; 4.804 ; Rise       ; ANTIRREBOTE:inst7|inst10          ;
;  HEX1[3]     ; ANTIRREBOTE:inst7|inst10          ; 5.005 ; 4.943 ; Rise       ; ANTIRREBOTE:inst7|inst10          ;
;  HEX1[4]     ; ANTIRREBOTE:inst7|inst10          ; 4.738 ; 4.699 ; Rise       ; ANTIRREBOTE:inst7|inst10          ;
;  HEX1[5]     ; ANTIRREBOTE:inst7|inst10          ; 4.828 ; 4.764 ; Rise       ; ANTIRREBOTE:inst7|inst10          ;
;  HEX1[6]     ; ANTIRREBOTE:inst7|inst10          ; 4.834 ; 4.831 ; Rise       ; ANTIRREBOTE:inst7|inst10          ;
; PULSO        ; ANTIRREBOTE:inst7|inst10          ; 1.910 ;       ; Rise       ; ANTIRREBOTE:inst7|inst10          ;
; PULSO        ; ANTIRREBOTE:inst7|inst10          ;       ; 1.996 ; Fall       ; ANTIRREBOTE:inst7|inst10          ;
; Cout         ; CLOCK_50                          ; 7.351 ; 7.436 ; Rise       ; CLOCK_50                          ;
; ROM_OUT[*]   ; CLOCK_50                          ; 5.606 ; 5.782 ; Rise       ; CLOCK_50                          ;
;  ROM_OUT[0]  ; CLOCK_50                          ; 4.972 ; 5.052 ; Rise       ; CLOCK_50                          ;
;  ROM_OUT[1]  ; CLOCK_50                          ; 4.690 ; 4.772 ; Rise       ; CLOCK_50                          ;
;  ROM_OUT[2]  ; CLOCK_50                          ; 4.662 ; 4.735 ; Rise       ; CLOCK_50                          ;
;  ROM_OUT[3]  ; CLOCK_50                          ; 4.687 ; 4.769 ; Rise       ; CLOCK_50                          ;
;  ROM_OUT[4]  ; CLOCK_50                          ; 4.697 ; 4.775 ; Rise       ; CLOCK_50                          ;
;  ROM_OUT[5]  ; CLOCK_50                          ; 5.606 ; 5.782 ; Rise       ; CLOCK_50                          ;
;  ROM_OUT[6]  ; CLOCK_50                          ; 4.846 ; 4.936 ; Rise       ; CLOCK_50                          ;
;  ROM_OUT[7]  ; CLOCK_50                          ; 4.761 ; 4.853 ; Rise       ; CLOCK_50                          ;
;  ROM_OUT[8]  ; CLOCK_50                          ; 4.908 ; 5.000 ; Rise       ; CLOCK_50                          ;
;  ROM_OUT[9]  ; CLOCK_50                          ; 4.694 ; 4.765 ; Rise       ; CLOCK_50                          ;
;  ROM_OUT[10] ; CLOCK_50                          ; 4.765 ; 4.844 ; Rise       ; CLOCK_50                          ;
; PC[*]        ; CONTADOR_RIZO:inst|FFD:inst1|inst ; 2.065 ;       ; Rise       ; CONTADOR_RIZO:inst|FFD:inst1|inst ;
;  PC[1]       ; CONTADOR_RIZO:inst|FFD:inst1|inst ; 2.065 ;       ; Rise       ; CONTADOR_RIZO:inst|FFD:inst1|inst ;
; PC[*]        ; CONTADOR_RIZO:inst|FFD:inst1|inst ; 4.236 ; 4.059 ; Fall       ; CONTADOR_RIZO:inst|FFD:inst1|inst ;
;  PC[1]       ; CONTADOR_RIZO:inst|FFD:inst1|inst ;       ; 2.076 ; Fall       ; CONTADOR_RIZO:inst|FFD:inst1|inst ;
;  PC[2]       ; CONTADOR_RIZO:inst|FFD:inst1|inst ; 4.236 ; 4.059 ; Fall       ; CONTADOR_RIZO:inst|FFD:inst1|inst ;
; PC[*]        ; CONTADOR_RIZO:inst|FFD:inst|inst  ; 3.071 ;       ; Rise       ; CONTADOR_RIZO:inst|FFD:inst|inst  ;
;  PC[0]       ; CONTADOR_RIZO:inst|FFD:inst|inst  ; 3.071 ;       ; Rise       ; CONTADOR_RIZO:inst|FFD:inst|inst  ;
; PC[*]        ; CONTADOR_RIZO:inst|FFD:inst|inst  ;       ; 3.185 ; Fall       ; CONTADOR_RIZO:inst|FFD:inst|inst  ;
;  PC[0]       ; CONTADOR_RIZO:inst|FFD:inst|inst  ;       ; 3.185 ; Fall       ; CONTADOR_RIZO:inst|FFD:inst|inst  ;
+--------------+-----------------------------------+-------+-------+------------+-----------------------------------+


+-------------------------------------------------------------------------------------------------------------------+
; Minimum Clock to Output Times                                                                                     ;
+--------------+-----------------------------------+-------+-------+------------+-----------------------------------+
; Data Port    ; Clock Port                        ; Rise  ; Fall  ; Clock Edge ; Clock Reference                   ;
+--------------+-----------------------------------+-------+-------+------------+-----------------------------------+
; ACC[*]       ; ANTIRREBOTE:inst7|inst10          ; 3.539 ; 3.616 ; Rise       ; ANTIRREBOTE:inst7|inst10          ;
;  ACC[0]      ; ANTIRREBOTE:inst7|inst10          ; 3.539 ; 3.616 ; Rise       ; ANTIRREBOTE:inst7|inst10          ;
;  ACC[1]      ; ANTIRREBOTE:inst7|inst10          ; 3.733 ; 3.828 ; Rise       ; ANTIRREBOTE:inst7|inst10          ;
;  ACC[2]      ; ANTIRREBOTE:inst7|inst10          ; 3.637 ; 3.722 ; Rise       ; ANTIRREBOTE:inst7|inst10          ;
;  ACC[3]      ; ANTIRREBOTE:inst7|inst10          ; 4.008 ; 4.156 ; Rise       ; ANTIRREBOTE:inst7|inst10          ;
;  ACC[4]      ; ANTIRREBOTE:inst7|inst10          ; 3.758 ; 3.824 ; Rise       ; ANTIRREBOTE:inst7|inst10          ;
;  ACC[5]      ; ANTIRREBOTE:inst7|inst10          ; 3.637 ; 3.701 ; Rise       ; ANTIRREBOTE:inst7|inst10          ;
;  ACC[6]      ; ANTIRREBOTE:inst7|inst10          ; 3.612 ; 3.679 ; Rise       ; ANTIRREBOTE:inst7|inst10          ;
;  ACC[7]      ; ANTIRREBOTE:inst7|inst10          ; 3.714 ; 3.791 ; Rise       ; ANTIRREBOTE:inst7|inst10          ;
; Cout         ; ANTIRREBOTE:inst7|inst10          ; 4.517 ; 4.617 ; Rise       ; ANTIRREBOTE:inst7|inst10          ;
; HEX0[*]      ; ANTIRREBOTE:inst7|inst10          ; 4.308 ; 4.244 ; Rise       ; ANTIRREBOTE:inst7|inst10          ;
;  HEX0[0]     ; ANTIRREBOTE:inst7|inst10          ; 4.308 ; 4.244 ; Rise       ; ANTIRREBOTE:inst7|inst10          ;
;  HEX0[1]     ; ANTIRREBOTE:inst7|inst10          ; 4.314 ; 4.251 ; Rise       ; ANTIRREBOTE:inst7|inst10          ;
;  HEX0[2]     ; ANTIRREBOTE:inst7|inst10          ; 4.562 ; 4.515 ; Rise       ; ANTIRREBOTE:inst7|inst10          ;
;  HEX0[3]     ; ANTIRREBOTE:inst7|inst10          ; 4.571 ; 4.530 ; Rise       ; ANTIRREBOTE:inst7|inst10          ;
;  HEX0[4]     ; ANTIRREBOTE:inst7|inst10          ; 4.650 ; 4.540 ; Rise       ; ANTIRREBOTE:inst7|inst10          ;
;  HEX0[5]     ; ANTIRREBOTE:inst7|inst10          ; 4.550 ; 4.504 ; Rise       ; ANTIRREBOTE:inst7|inst10          ;
;  HEX0[6]     ; ANTIRREBOTE:inst7|inst10          ; 4.558 ; 4.514 ; Rise       ; ANTIRREBOTE:inst7|inst10          ;
; HEX1[*]      ; ANTIRREBOTE:inst7|inst10          ; 4.292 ; 4.268 ; Rise       ; ANTIRREBOTE:inst7|inst10          ;
;  HEX1[0]     ; ANTIRREBOTE:inst7|inst10          ; 4.302 ; 4.268 ; Rise       ; ANTIRREBOTE:inst7|inst10          ;
;  HEX1[1]     ; ANTIRREBOTE:inst7|inst10          ; 4.379 ; 4.343 ; Rise       ; ANTIRREBOTE:inst7|inst10          ;
;  HEX1[2]     ; ANTIRREBOTE:inst7|inst10          ; 4.292 ; 4.352 ; Rise       ; ANTIRREBOTE:inst7|inst10          ;
;  HEX1[3]     ; ANTIRREBOTE:inst7|inst10          ; 4.296 ; 4.272 ; Rise       ; ANTIRREBOTE:inst7|inst10          ;
;  HEX1[4]     ; ANTIRREBOTE:inst7|inst10          ; 4.366 ; 4.337 ; Rise       ; ANTIRREBOTE:inst7|inst10          ;
;  HEX1[5]     ; ANTIRREBOTE:inst7|inst10          ; 4.427 ; 4.415 ; Rise       ; ANTIRREBOTE:inst7|inst10          ;
;  HEX1[6]     ; ANTIRREBOTE:inst7|inst10          ; 4.317 ; 4.304 ; Rise       ; ANTIRREBOTE:inst7|inst10          ;
; PULSO        ; ANTIRREBOTE:inst7|inst10          ; 1.885 ;       ; Rise       ; ANTIRREBOTE:inst7|inst10          ;
; PULSO        ; ANTIRREBOTE:inst7|inst10          ;       ; 1.967 ; Fall       ; ANTIRREBOTE:inst7|inst10          ;
; Cout         ; CLOCK_50                          ; 5.401 ; 5.493 ; Rise       ; CLOCK_50                          ;
; ROM_OUT[*]   ; CLOCK_50                          ; 4.493 ; 4.562 ; Rise       ; CLOCK_50                          ;
;  ROM_OUT[0]  ; CLOCK_50                          ; 4.791 ; 4.867 ; Rise       ; CLOCK_50                          ;
;  ROM_OUT[1]  ; CLOCK_50                          ; 4.520 ; 4.598 ; Rise       ; CLOCK_50                          ;
;  ROM_OUT[2]  ; CLOCK_50                          ; 4.493 ; 4.562 ; Rise       ; CLOCK_50                          ;
;  ROM_OUT[3]  ; CLOCK_50                          ; 4.517 ; 4.595 ; Rise       ; CLOCK_50                          ;
;  ROM_OUT[4]  ; CLOCK_50                          ; 4.527 ; 4.602 ; Rise       ; CLOCK_50                          ;
;  ROM_OUT[5]  ; CLOCK_50                          ; 5.436 ; 5.609 ; Rise       ; CLOCK_50                          ;
;  ROM_OUT[6]  ; CLOCK_50                          ; 4.669 ; 4.755 ; Rise       ; CLOCK_50                          ;
;  ROM_OUT[7]  ; CLOCK_50                          ; 4.588 ; 4.676 ; Rise       ; CLOCK_50                          ;
;  ROM_OUT[8]  ; CLOCK_50                          ; 4.730 ; 4.818 ; Rise       ; CLOCK_50                          ;
;  ROM_OUT[9]  ; CLOCK_50                          ; 4.524 ; 4.592 ; Rise       ; CLOCK_50                          ;
;  ROM_OUT[10] ; CLOCK_50                          ; 4.593 ; 4.668 ; Rise       ; CLOCK_50                          ;
; PC[*]        ; CONTADOR_RIZO:inst|FFD:inst1|inst ; 2.043 ;       ; Rise       ; CONTADOR_RIZO:inst|FFD:inst1|inst ;
;  PC[1]       ; CONTADOR_RIZO:inst|FFD:inst1|inst ; 2.043 ;       ; Rise       ; CONTADOR_RIZO:inst|FFD:inst1|inst ;
; PC[*]        ; CONTADOR_RIZO:inst|FFD:inst1|inst ; 4.178 ; 2.051 ; Fall       ; CONTADOR_RIZO:inst|FFD:inst1|inst ;
;  PC[1]       ; CONTADOR_RIZO:inst|FFD:inst1|inst ;       ; 2.051 ; Fall       ; CONTADOR_RIZO:inst|FFD:inst1|inst ;
;  PC[2]       ; CONTADOR_RIZO:inst|FFD:inst1|inst ; 4.178 ; 3.998 ; Fall       ; CONTADOR_RIZO:inst|FFD:inst1|inst ;
; PC[*]        ; CONTADOR_RIZO:inst|FFD:inst|inst  ; 3.009 ;       ; Rise       ; CONTADOR_RIZO:inst|FFD:inst|inst  ;
;  PC[0]       ; CONTADOR_RIZO:inst|FFD:inst|inst  ; 3.009 ;       ; Rise       ; CONTADOR_RIZO:inst|FFD:inst|inst  ;
; PC[*]        ; CONTADOR_RIZO:inst|FFD:inst|inst  ;       ; 3.115 ; Fall       ; CONTADOR_RIZO:inst|FFD:inst|inst  ;
;  PC[0]       ; CONTADOR_RIZO:inst|FFD:inst|inst  ;       ; 3.115 ; Fall       ; CONTADOR_RIZO:inst|FFD:inst|inst  ;
+--------------+-----------------------------------+-------+-------+------------+-----------------------------------+


---------------------------------------------
; Fast 1200mV 0C Model Metastability Report ;
---------------------------------------------
No synchronizer chains to report.


+--------------------------------------------------------------------------------------------------+
; Multicorner Timing Analysis Summary                                                              ;
+------------------------------------+---------+--------+----------+---------+---------------------+
; Clock                              ; Setup   ; Hold   ; Recovery ; Removal ; Minimum Pulse Width ;
+------------------------------------+---------+--------+----------+---------+---------------------+
; Worst-case Slack                   ; -5.264  ; -0.256 ; -0.717   ; 0.450   ; -3.000              ;
;  ANTIRREBOTE:inst7|inst10          ; -5.264  ; -0.256 ; N/A      ; N/A     ; -1.000              ;
;  CLOCK_50                          ; -1.606  ; -0.105 ; -0.717   ; 0.450   ; -3.000              ;
;  CONTADOR_RIZO:inst|FFD:inst1|inst ; 0.317   ; 0.206  ; N/A      ; N/A     ; -1.000              ;
;  CONTADOR_RIZO:inst|FFD:inst|inst  ; 0.375   ; -0.075 ; N/A      ; N/A     ; -1.000              ;
; Design-wide TNS                    ; -58.806 ; -0.448 ; -10.395  ; 0.0     ; -47.061             ;
;  ANTIRREBOTE:inst7|inst10          ; -37.879 ; -0.256 ; N/A      ; N/A     ; -9.000              ;
;  CLOCK_50                          ; -20.927 ; -0.137 ; -10.395  ; 0.000   ; -36.061             ;
;  CONTADOR_RIZO:inst|FFD:inst1|inst ; 0.000   ; 0.000  ; N/A      ; N/A     ; -1.000              ;
;  CONTADOR_RIZO:inst|FFD:inst|inst  ; 0.000   ; -0.075 ; N/A      ; N/A     ; -1.000              ;
+------------------------------------+---------+--------+----------+---------+---------------------+


+-----------------------------------------------------------------------+
; Setup Times                                                           ;
+-----------+------------+-------+-------+------------+-----------------+
; Data Port ; Clock Port ; Rise  ; Fall  ; Clock Edge ; Clock Reference ;
+-----------+------------+-------+-------+------------+-----------------+
; CLK       ; CLOCK_50   ; 1.625 ; 2.180 ; Rise       ; CLOCK_50        ;
; SIM_MODE  ; CLOCK_50   ; 3.190 ; 3.796 ; Rise       ; CLOCK_50        ;
+-----------+------------+-------+-------+------------+-----------------+


+-------------------------------------------------------------------------+
; Hold Times                                                              ;
+-----------+------------+--------+--------+------------+-----------------+
; Data Port ; Clock Port ; Rise   ; Fall   ; Clock Edge ; Clock Reference ;
+-----------+------------+--------+--------+------------+-----------------+
; CLK       ; CLOCK_50   ; -0.689 ; -1.478 ; Rise       ; CLOCK_50        ;
; SIM_MODE  ; CLOCK_50   ; -1.449 ; -2.206 ; Rise       ; CLOCK_50        ;
+-----------+------------+--------+--------+------------+-----------------+


+---------------------------------------------------------------------------------------------------------------------+
; Clock to Output Times                                                                                               ;
+--------------+-----------------------------------+--------+--------+------------+-----------------------------------+
; Data Port    ; Clock Port                        ; Rise   ; Fall   ; Clock Edge ; Clock Reference                   ;
+--------------+-----------------------------------+--------+--------+------------+-----------------------------------+
; ACC[*]       ; ANTIRREBOTE:inst7|inst10          ; 6.936  ; 6.980  ; Rise       ; ANTIRREBOTE:inst7|inst10          ;
;  ACC[0]      ; ANTIRREBOTE:inst7|inst10          ; 6.135  ; 6.141  ; Rise       ; ANTIRREBOTE:inst7|inst10          ;
;  ACC[1]      ; ANTIRREBOTE:inst7|inst10          ; 6.423  ; 6.470  ; Rise       ; ANTIRREBOTE:inst7|inst10          ;
;  ACC[2]      ; ANTIRREBOTE:inst7|inst10          ; 6.274  ; 6.283  ; Rise       ; ANTIRREBOTE:inst7|inst10          ;
;  ACC[3]      ; ANTIRREBOTE:inst7|inst10          ; 6.936  ; 6.980  ; Rise       ; ANTIRREBOTE:inst7|inst10          ;
;  ACC[4]      ; ANTIRREBOTE:inst7|inst10          ; 6.525  ; 6.534  ; Rise       ; ANTIRREBOTE:inst7|inst10          ;
;  ACC[5]      ; ANTIRREBOTE:inst7|inst10          ; 6.311  ; 6.319  ; Rise       ; ANTIRREBOTE:inst7|inst10          ;
;  ACC[6]      ; ANTIRREBOTE:inst7|inst10          ; 6.283  ; 6.300  ; Rise       ; ANTIRREBOTE:inst7|inst10          ;
;  ACC[7]      ; ANTIRREBOTE:inst7|inst10          ; 6.472  ; 6.451  ; Rise       ; ANTIRREBOTE:inst7|inst10          ;
; Cout         ; ANTIRREBOTE:inst7|inst10          ; 9.956  ; 10.044 ; Rise       ; ANTIRREBOTE:inst7|inst10          ;
; HEX0[*]      ; ANTIRREBOTE:inst7|inst10          ; 8.254  ; 8.062  ; Rise       ; ANTIRREBOTE:inst7|inst10          ;
;  HEX0[0]     ; ANTIRREBOTE:inst7|inst10          ; 7.740  ; 7.536  ; Rise       ; ANTIRREBOTE:inst7|inst10          ;
;  HEX0[1]     ; ANTIRREBOTE:inst7|inst10          ; 7.734  ; 7.606  ; Rise       ; ANTIRREBOTE:inst7|inst10          ;
;  HEX0[2]     ; ANTIRREBOTE:inst7|inst10          ; 8.125  ; 8.033  ; Rise       ; ANTIRREBOTE:inst7|inst10          ;
;  HEX0[3]     ; ANTIRREBOTE:inst7|inst10          ; 8.238  ; 8.062  ; Rise       ; ANTIRREBOTE:inst7|inst10          ;
;  HEX0[4]     ; ANTIRREBOTE:inst7|inst10          ; 8.254  ; 8.042  ; Rise       ; ANTIRREBOTE:inst7|inst10          ;
;  HEX0[5]     ; ANTIRREBOTE:inst7|inst10          ; 8.148  ; 8.028  ; Rise       ; ANTIRREBOTE:inst7|inst10          ;
;  HEX0[6]     ; ANTIRREBOTE:inst7|inst10          ; 8.191  ; 8.043  ; Rise       ; ANTIRREBOTE:inst7|inst10          ;
; HEX1[*]      ; ANTIRREBOTE:inst7|inst10          ; 8.288  ; 8.085  ; Rise       ; ANTIRREBOTE:inst7|inst10          ;
;  HEX1[0]     ; ANTIRREBOTE:inst7|inst10          ; 8.288  ; 8.072  ; Rise       ; ANTIRREBOTE:inst7|inst10          ;
;  HEX1[1]     ; ANTIRREBOTE:inst7|inst10          ; 7.854  ; 7.764  ; Rise       ; ANTIRREBOTE:inst7|inst10          ;
;  HEX1[2]     ; ANTIRREBOTE:inst7|inst10          ; 7.939  ; 7.907  ; Rise       ; ANTIRREBOTE:inst7|inst10          ;
;  HEX1[3]     ; ANTIRREBOTE:inst7|inst10          ; 8.286  ; 8.085  ; Rise       ; ANTIRREBOTE:inst7|inst10          ;
;  HEX1[4]     ; ANTIRREBOTE:inst7|inst10          ; 7.861  ; 7.687  ; Rise       ; ANTIRREBOTE:inst7|inst10          ;
;  HEX1[5]     ; ANTIRREBOTE:inst7|inst10          ; 8.002  ; 7.841  ; Rise       ; ANTIRREBOTE:inst7|inst10          ;
;  HEX1[6]     ; ANTIRREBOTE:inst7|inst10          ; 8.014  ; 7.924  ; Rise       ; ANTIRREBOTE:inst7|inst10          ;
; PULSO        ; ANTIRREBOTE:inst7|inst10          ; 3.152  ;        ; Rise       ; ANTIRREBOTE:inst7|inst10          ;
; PULSO        ; ANTIRREBOTE:inst7|inst10          ;        ; 3.173  ; Fall       ; ANTIRREBOTE:inst7|inst10          ;
; Cout         ; CLOCK_50                          ; 13.117 ; 13.074 ; Rise       ; CLOCK_50                          ;
; ROM_OUT[*]   ; CLOCK_50                          ; 9.802  ; 9.873  ; Rise       ; CLOCK_50                          ;
;  ROM_OUT[0]  ; CLOCK_50                          ; 9.050  ; 9.016  ; Rise       ; CLOCK_50                          ;
;  ROM_OUT[1]  ; CLOCK_50                          ; 8.522  ; 8.493  ; Rise       ; CLOCK_50                          ;
;  ROM_OUT[2]  ; CLOCK_50                          ; 8.487  ; 8.454  ; Rise       ; CLOCK_50                          ;
;  ROM_OUT[3]  ; CLOCK_50                          ; 8.521  ; 8.491  ; Rise       ; CLOCK_50                          ;
;  ROM_OUT[4]  ; CLOCK_50                          ; 8.546  ; 8.483  ; Rise       ; CLOCK_50                          ;
;  ROM_OUT[5]  ; CLOCK_50                          ; 9.802  ; 9.873  ; Rise       ; CLOCK_50                          ;
;  ROM_OUT[6]  ; CLOCK_50                          ; 8.814  ; 8.771  ; Rise       ; CLOCK_50                          ;
;  ROM_OUT[7]  ; CLOCK_50                          ; 8.640  ; 8.598  ; Rise       ; CLOCK_50                          ;
;  ROM_OUT[8]  ; CLOCK_50                          ; 8.884  ; 8.863  ; Rise       ; CLOCK_50                          ;
;  ROM_OUT[9]  ; CLOCK_50                          ; 8.544  ; 8.489  ; Rise       ; CLOCK_50                          ;
;  ROM_OUT[10] ; CLOCK_50                          ; 8.617  ; 8.599  ; Rise       ; CLOCK_50                          ;
; PC[*]        ; CONTADOR_RIZO:inst|FFD:inst1|inst ; 3.299  ;        ; Rise       ; CONTADOR_RIZO:inst|FFD:inst1|inst ;
;  PC[1]       ; CONTADOR_RIZO:inst|FFD:inst1|inst ; 3.299  ;        ; Rise       ; CONTADOR_RIZO:inst|FFD:inst1|inst ;
; PC[*]        ; CONTADOR_RIZO:inst|FFD:inst1|inst ; 6.415  ; 6.154  ; Fall       ; CONTADOR_RIZO:inst|FFD:inst1|inst ;
;  PC[1]       ; CONTADOR_RIZO:inst|FFD:inst1|inst ;        ; 3.195  ; Fall       ; CONTADOR_RIZO:inst|FFD:inst1|inst ;
;  PC[2]       ; CONTADOR_RIZO:inst|FFD:inst1|inst ; 6.415  ; 6.154  ; Fall       ; CONTADOR_RIZO:inst|FFD:inst1|inst ;
; PC[*]        ; CONTADOR_RIZO:inst|FFD:inst|inst  ; 5.102  ;        ; Rise       ; CONTADOR_RIZO:inst|FFD:inst|inst  ;
;  PC[0]       ; CONTADOR_RIZO:inst|FFD:inst|inst  ; 5.102  ;        ; Rise       ; CONTADOR_RIZO:inst|FFD:inst|inst  ;
; PC[*]        ; CONTADOR_RIZO:inst|FFD:inst|inst  ;        ; 4.978  ; Fall       ; CONTADOR_RIZO:inst|FFD:inst|inst  ;
;  PC[0]       ; CONTADOR_RIZO:inst|FFD:inst|inst  ;        ; 4.978  ; Fall       ; CONTADOR_RIZO:inst|FFD:inst|inst  ;
+--------------+-----------------------------------+--------+--------+------------+-----------------------------------+


+-------------------------------------------------------------------------------------------------------------------+
; Minimum Clock to Output Times                                                                                     ;
+--------------+-----------------------------------+-------+-------+------------+-----------------------------------+
; Data Port    ; Clock Port                        ; Rise  ; Fall  ; Clock Edge ; Clock Reference                   ;
+--------------+-----------------------------------+-------+-------+------------+-----------------------------------+
; ACC[*]       ; ANTIRREBOTE:inst7|inst10          ; 3.539 ; 3.616 ; Rise       ; ANTIRREBOTE:inst7|inst10          ;
;  ACC[0]      ; ANTIRREBOTE:inst7|inst10          ; 3.539 ; 3.616 ; Rise       ; ANTIRREBOTE:inst7|inst10          ;
;  ACC[1]      ; ANTIRREBOTE:inst7|inst10          ; 3.733 ; 3.828 ; Rise       ; ANTIRREBOTE:inst7|inst10          ;
;  ACC[2]      ; ANTIRREBOTE:inst7|inst10          ; 3.637 ; 3.722 ; Rise       ; ANTIRREBOTE:inst7|inst10          ;
;  ACC[3]      ; ANTIRREBOTE:inst7|inst10          ; 4.008 ; 4.156 ; Rise       ; ANTIRREBOTE:inst7|inst10          ;
;  ACC[4]      ; ANTIRREBOTE:inst7|inst10          ; 3.758 ; 3.824 ; Rise       ; ANTIRREBOTE:inst7|inst10          ;
;  ACC[5]      ; ANTIRREBOTE:inst7|inst10          ; 3.637 ; 3.701 ; Rise       ; ANTIRREBOTE:inst7|inst10          ;
;  ACC[6]      ; ANTIRREBOTE:inst7|inst10          ; 3.612 ; 3.679 ; Rise       ; ANTIRREBOTE:inst7|inst10          ;
;  ACC[7]      ; ANTIRREBOTE:inst7|inst10          ; 3.714 ; 3.791 ; Rise       ; ANTIRREBOTE:inst7|inst10          ;
; Cout         ; ANTIRREBOTE:inst7|inst10          ; 4.517 ; 4.617 ; Rise       ; ANTIRREBOTE:inst7|inst10          ;
; HEX0[*]      ; ANTIRREBOTE:inst7|inst10          ; 4.308 ; 4.244 ; Rise       ; ANTIRREBOTE:inst7|inst10          ;
;  HEX0[0]     ; ANTIRREBOTE:inst7|inst10          ; 4.308 ; 4.244 ; Rise       ; ANTIRREBOTE:inst7|inst10          ;
;  HEX0[1]     ; ANTIRREBOTE:inst7|inst10          ; 4.314 ; 4.251 ; Rise       ; ANTIRREBOTE:inst7|inst10          ;
;  HEX0[2]     ; ANTIRREBOTE:inst7|inst10          ; 4.562 ; 4.515 ; Rise       ; ANTIRREBOTE:inst7|inst10          ;
;  HEX0[3]     ; ANTIRREBOTE:inst7|inst10          ; 4.571 ; 4.530 ; Rise       ; ANTIRREBOTE:inst7|inst10          ;
;  HEX0[4]     ; ANTIRREBOTE:inst7|inst10          ; 4.650 ; 4.540 ; Rise       ; ANTIRREBOTE:inst7|inst10          ;
;  HEX0[5]     ; ANTIRREBOTE:inst7|inst10          ; 4.550 ; 4.504 ; Rise       ; ANTIRREBOTE:inst7|inst10          ;
;  HEX0[6]     ; ANTIRREBOTE:inst7|inst10          ; 4.558 ; 4.514 ; Rise       ; ANTIRREBOTE:inst7|inst10          ;
; HEX1[*]      ; ANTIRREBOTE:inst7|inst10          ; 4.292 ; 4.268 ; Rise       ; ANTIRREBOTE:inst7|inst10          ;
;  HEX1[0]     ; ANTIRREBOTE:inst7|inst10          ; 4.302 ; 4.268 ; Rise       ; ANTIRREBOTE:inst7|inst10          ;
;  HEX1[1]     ; ANTIRREBOTE:inst7|inst10          ; 4.379 ; 4.343 ; Rise       ; ANTIRREBOTE:inst7|inst10          ;
;  HEX1[2]     ; ANTIRREBOTE:inst7|inst10          ; 4.292 ; 4.352 ; Rise       ; ANTIRREBOTE:inst7|inst10          ;
;  HEX1[3]     ; ANTIRREBOTE:inst7|inst10          ; 4.296 ; 4.272 ; Rise       ; ANTIRREBOTE:inst7|inst10          ;
;  HEX1[4]     ; ANTIRREBOTE:inst7|inst10          ; 4.366 ; 4.337 ; Rise       ; ANTIRREBOTE:inst7|inst10          ;
;  HEX1[5]     ; ANTIRREBOTE:inst7|inst10          ; 4.427 ; 4.415 ; Rise       ; ANTIRREBOTE:inst7|inst10          ;
;  HEX1[6]     ; ANTIRREBOTE:inst7|inst10          ; 4.317 ; 4.304 ; Rise       ; ANTIRREBOTE:inst7|inst10          ;
; PULSO        ; ANTIRREBOTE:inst7|inst10          ; 1.885 ;       ; Rise       ; ANTIRREBOTE:inst7|inst10          ;
; PULSO        ; ANTIRREBOTE:inst7|inst10          ;       ; 1.967 ; Fall       ; ANTIRREBOTE:inst7|inst10          ;
; Cout         ; CLOCK_50                          ; 5.401 ; 5.493 ; Rise       ; CLOCK_50                          ;
; ROM_OUT[*]   ; CLOCK_50                          ; 4.493 ; 4.562 ; Rise       ; CLOCK_50                          ;
;  ROM_OUT[0]  ; CLOCK_50                          ; 4.791 ; 4.867 ; Rise       ; CLOCK_50                          ;
;  ROM_OUT[1]  ; CLOCK_50                          ; 4.520 ; 4.598 ; Rise       ; CLOCK_50                          ;
;  ROM_OUT[2]  ; CLOCK_50                          ; 4.493 ; 4.562 ; Rise       ; CLOCK_50                          ;
;  ROM_OUT[3]  ; CLOCK_50                          ; 4.517 ; 4.595 ; Rise       ; CLOCK_50                          ;
;  ROM_OUT[4]  ; CLOCK_50                          ; 4.527 ; 4.602 ; Rise       ; CLOCK_50                          ;
;  ROM_OUT[5]  ; CLOCK_50                          ; 5.436 ; 5.609 ; Rise       ; CLOCK_50                          ;
;  ROM_OUT[6]  ; CLOCK_50                          ; 4.669 ; 4.755 ; Rise       ; CLOCK_50                          ;
;  ROM_OUT[7]  ; CLOCK_50                          ; 4.588 ; 4.676 ; Rise       ; CLOCK_50                          ;
;  ROM_OUT[8]  ; CLOCK_50                          ; 4.730 ; 4.818 ; Rise       ; CLOCK_50                          ;
;  ROM_OUT[9]  ; CLOCK_50                          ; 4.524 ; 4.592 ; Rise       ; CLOCK_50                          ;
;  ROM_OUT[10] ; CLOCK_50                          ; 4.593 ; 4.668 ; Rise       ; CLOCK_50                          ;
; PC[*]        ; CONTADOR_RIZO:inst|FFD:inst1|inst ; 2.043 ;       ; Rise       ; CONTADOR_RIZO:inst|FFD:inst1|inst ;
;  PC[1]       ; CONTADOR_RIZO:inst|FFD:inst1|inst ; 2.043 ;       ; Rise       ; CONTADOR_RIZO:inst|FFD:inst1|inst ;
; PC[*]        ; CONTADOR_RIZO:inst|FFD:inst1|inst ; 4.178 ; 2.051 ; Fall       ; CONTADOR_RIZO:inst|FFD:inst1|inst ;
;  PC[1]       ; CONTADOR_RIZO:inst|FFD:inst1|inst ;       ; 2.051 ; Fall       ; CONTADOR_RIZO:inst|FFD:inst1|inst ;
;  PC[2]       ; CONTADOR_RIZO:inst|FFD:inst1|inst ; 4.178 ; 3.998 ; Fall       ; CONTADOR_RIZO:inst|FFD:inst1|inst ;
; PC[*]        ; CONTADOR_RIZO:inst|FFD:inst|inst  ; 3.009 ;       ; Rise       ; CONTADOR_RIZO:inst|FFD:inst|inst  ;
;  PC[0]       ; CONTADOR_RIZO:inst|FFD:inst|inst  ; 3.009 ;       ; Rise       ; CONTADOR_RIZO:inst|FFD:inst|inst  ;
; PC[*]        ; CONTADOR_RIZO:inst|FFD:inst|inst  ;       ; 3.115 ; Fall       ; CONTADOR_RIZO:inst|FFD:inst|inst  ;
;  PC[0]       ; CONTADOR_RIZO:inst|FFD:inst|inst  ;       ; 3.115 ; Fall       ; CONTADOR_RIZO:inst|FFD:inst|inst  ;
+--------------+-----------------------------------+-------+-------+------------+-----------------------------------+


+------------------------------------------------------------------------------------------------------------------------------------------------------------------------------------------------------------------------------------------------------------------------------------------------------------------------------------------------------------------------------------------------------------------+
; Board Trace Model Assignments                                                                                                                                                                                                                                                                                                                                                                                    ;
+---------------+--------------+-------------------+-------------------------+-------------------------+---------------+---------------------+----------------+------------------+--------+------------------+------------------------+------------------------+--------------+---------------+-----------------+-------+---------------------+--------------------+---------------+-----------------+-------------+
; Pin           ; I/O Standard ; Near Tline Length ; Near Tline L per Length ; Near Tline C per Length ; Near Series R ; Near Differential R ; Near Pull-up R ; Near Pull-down R ; Near C ; Far Tline Length ; Far Tline L per Length ; Far Tline C per Length ; Far Series R ; Far Pull-up R ; Far Pull-down R ; Far C ; Termination Voltage ; Far Differential R ; EBD File Name ; EBD Signal Name ; EBD Far-end ;
+---------------+--------------+-------------------+-------------------------+-------------------------+---------------+---------------------+----------------+------------------+--------+------------------+------------------------+------------------------+--------------+---------------+-----------------+-------+---------------------+--------------------+---------------+-----------------+-------------+
; Cout          ; 3.3-V LVTTL  ; 0 in              ; 0 H/in                  ; 0 F/in                  ; short         ; -                   ; open           ; open             ; open   ; 0 in             ; 0 H/in                 ; 0 F/in                 ; short        ; open          ; open            ; open  ; 0 V                 ; -                  ; n/a           ; n/a             ; n/a         ;
; PC[2]         ; 3.3-V LVTTL  ; 0 in              ; 0 H/in                  ; 0 F/in                  ; short         ; -                   ; open           ; open             ; open   ; 0 in             ; 0 H/in                 ; 0 F/in                 ; short        ; open          ; open            ; open  ; 0 V                 ; -                  ; n/a           ; n/a             ; n/a         ;
; PC[1]         ; 3.3-V LVTTL  ; 0 in              ; 0 H/in                  ; 0 F/in                  ; short         ; -                   ; open           ; open             ; open   ; 0 in             ; 0 H/in                 ; 0 F/in                 ; short        ; open          ; open            ; open  ; 0 V                 ; -                  ; n/a           ; n/a             ; n/a         ;
; PC[0]         ; 3.3-V LVTTL  ; 0 in              ; 0 H/in                  ; 0 F/in                  ; short         ; -                   ; open           ; open             ; open   ; 0 in             ; 0 H/in                 ; 0 F/in                 ; short        ; open          ; open            ; open  ; 0 V                 ; -                  ; n/a           ; n/a             ; n/a         ;
; PULSO         ; 2.5 V        ; 0 in              ; 0 H/in                  ; 0 F/in                  ; short         ; -                   ; open           ; open             ; open   ; 0 in             ; 0 H/in                 ; 0 F/in                 ; short        ; open          ; open            ; open  ; 0 V                 ; -                  ; n/a           ; n/a             ; n/a         ;
; ACC[7]        ; 2.5 V        ; 0 in              ; 0 H/in                  ; 0 F/in                  ; short         ; -                   ; open           ; open             ; open   ; 0 in             ; 0 H/in                 ; 0 F/in                 ; short        ; open          ; open            ; open  ; 0 V                 ; -                  ; n/a           ; n/a             ; n/a         ;
; ACC[6]        ; 2.5 V        ; 0 in              ; 0 H/in                  ; 0 F/in                  ; short         ; -                   ; open           ; open             ; open   ; 0 in             ; 0 H/in                 ; 0 F/in                 ; short        ; open          ; open            ; open  ; 0 V                 ; -                  ; n/a           ; n/a             ; n/a         ;
; ACC[5]        ; 2.5 V        ; 0 in              ; 0 H/in                  ; 0 F/in                  ; short         ; -                   ; open           ; open             ; open   ; 0 in             ; 0 H/in                 ; 0 F/in                 ; short        ; open          ; open            ; open  ; 0 V                 ; -                  ; n/a           ; n/a             ; n/a         ;
; ACC[4]        ; 2.5 V        ; 0 in              ; 0 H/in                  ; 0 F/in                  ; short         ; -                   ; open           ; open             ; open   ; 0 in             ; 0 H/in                 ; 0 F/in                 ; short        ; open          ; open            ; open  ; 0 V                 ; -                  ; n/a           ; n/a             ; n/a         ;
; ACC[3]        ; 2.5 V        ; 0 in              ; 0 H/in                  ; 0 F/in                  ; short         ; -                   ; open           ; open             ; open   ; 0 in             ; 0 H/in                 ; 0 F/in                 ; short        ; open          ; open            ; open  ; 0 V                 ; -                  ; n/a           ; n/a             ; n/a         ;
; ACC[2]        ; 2.5 V        ; 0 in              ; 0 H/in                  ; 0 F/in                  ; short         ; -                   ; open           ; open             ; open   ; 0 in             ; 0 H/in                 ; 0 F/in                 ; short        ; open          ; open            ; open  ; 0 V                 ; -                  ; n/a           ; n/a             ; n/a         ;
; ACC[1]        ; 2.5 V        ; 0 in              ; 0 H/in                  ; 0 F/in                  ; short         ; -                   ; open           ; open             ; open   ; 0 in             ; 0 H/in                 ; 0 F/in                 ; short        ; open          ; open            ; open  ; 0 V                 ; -                  ; n/a           ; n/a             ; n/a         ;
; ACC[0]        ; 2.5 V        ; 0 in              ; 0 H/in                  ; 0 F/in                  ; short         ; -                   ; open           ; open             ; open   ; 0 in             ; 0 H/in                 ; 0 F/in                 ; short        ; open          ; open            ; open  ; 0 V                 ; -                  ; n/a           ; n/a             ; n/a         ;
; HEX0[6]       ; 3.3-V LVTTL  ; 0 in              ; 0 H/in                  ; 0 F/in                  ; short         ; -                   ; open           ; open             ; open   ; 0 in             ; 0 H/in                 ; 0 F/in                 ; short        ; open          ; open            ; open  ; 0 V                 ; -                  ; n/a           ; n/a             ; n/a         ;
; HEX0[5]       ; 3.3-V LVTTL  ; 0 in              ; 0 H/in                  ; 0 F/in                  ; short         ; -                   ; open           ; open             ; open   ; 0 in             ; 0 H/in                 ; 0 F/in                 ; short        ; open          ; open            ; open  ; 0 V                 ; -                  ; n/a           ; n/a             ; n/a         ;
; HEX0[4]       ; 3.3-V LVTTL  ; 0 in              ; 0 H/in                  ; 0 F/in                  ; short         ; -                   ; open           ; open             ; open   ; 0 in             ; 0 H/in                 ; 0 F/in                 ; short        ; open          ; open            ; open  ; 0 V                 ; -                  ; n/a           ; n/a             ; n/a         ;
; HEX0[3]       ; 3.3-V LVTTL  ; 0 in              ; 0 H/in                  ; 0 F/in                  ; short         ; -                   ; open           ; open             ; open   ; 0 in             ; 0 H/in                 ; 0 F/in                 ; short        ; open          ; open            ; open  ; 0 V                 ; -                  ; n/a           ; n/a             ; n/a         ;
; HEX0[2]       ; 3.3-V LVTTL  ; 0 in              ; 0 H/in                  ; 0 F/in                  ; short         ; -                   ; open           ; open             ; open   ; 0 in             ; 0 H/in                 ; 0 F/in                 ; short        ; open          ; open            ; open  ; 0 V                 ; -                  ; n/a           ; n/a             ; n/a         ;
; HEX0[1]       ; 3.3-V LVTTL  ; 0 in              ; 0 H/in                  ; 0 F/in                  ; short         ; -                   ; open           ; open             ; open   ; 0 in             ; 0 H/in                 ; 0 F/in                 ; short        ; open          ; open            ; open  ; 0 V                 ; -                  ; n/a           ; n/a             ; n/a         ;
; HEX0[0]       ; 3.3-V LVTTL  ; 0 in              ; 0 H/in                  ; 0 F/in                  ; short         ; -                   ; open           ; open             ; open   ; 0 in             ; 0 H/in                 ; 0 F/in                 ; short        ; open          ; open            ; open  ; 0 V                 ; -                  ; n/a           ; n/a             ; n/a         ;
; HEX1[6]       ; 3.3-V LVTTL  ; 0 in              ; 0 H/in                  ; 0 F/in                  ; short         ; -                   ; open           ; open             ; open   ; 0 in             ; 0 H/in                 ; 0 F/in                 ; short        ; open          ; open            ; open  ; 0 V                 ; -                  ; n/a           ; n/a             ; n/a         ;
; HEX1[5]       ; 3.3-V LVTTL  ; 0 in              ; 0 H/in                  ; 0 F/in                  ; short         ; -                   ; open           ; open             ; open   ; 0 in             ; 0 H/in                 ; 0 F/in                 ; short        ; open          ; open            ; open  ; 0 V                 ; -                  ; n/a           ; n/a             ; n/a         ;
; HEX1[4]       ; 3.3-V LVTTL  ; 0 in              ; 0 H/in                  ; 0 F/in                  ; short         ; -                   ; open           ; open             ; open   ; 0 in             ; 0 H/in                 ; 0 F/in                 ; short        ; open          ; open            ; open  ; 0 V                 ; -                  ; n/a           ; n/a             ; n/a         ;
; HEX1[3]       ; 3.3-V LVTTL  ; 0 in              ; 0 H/in                  ; 0 F/in                  ; short         ; -                   ; open           ; open             ; open   ; 0 in             ; 0 H/in                 ; 0 F/in                 ; short        ; open          ; open            ; open  ; 0 V                 ; -                  ; n/a           ; n/a             ; n/a         ;
; HEX1[2]       ; 3.3-V LVTTL  ; 0 in              ; 0 H/in                  ; 0 F/in                  ; short         ; -                   ; open           ; open             ; open   ; 0 in             ; 0 H/in                 ; 0 F/in                 ; short        ; open          ; open            ; open  ; 0 V                 ; -                  ; n/a           ; n/a             ; n/a         ;
; HEX1[1]       ; 3.3-V LVTTL  ; 0 in              ; 0 H/in                  ; 0 F/in                  ; short         ; -                   ; open           ; open             ; open   ; 0 in             ; 0 H/in                 ; 0 F/in                 ; short        ; open          ; open            ; open  ; 0 V                 ; -                  ; n/a           ; n/a             ; n/a         ;
; HEX1[0]       ; 3.3-V LVTTL  ; 0 in              ; 0 H/in                  ; 0 F/in                  ; short         ; -                   ; open           ; open             ; open   ; 0 in             ; 0 H/in                 ; 0 F/in                 ; short        ; open          ; open            ; open  ; 0 V                 ; -                  ; n/a           ; n/a             ; n/a         ;
; ROM_OUT[10]   ; 2.5 V        ; 0 in              ; 0 H/in                  ; 0 F/in                  ; short         ; -                   ; open           ; open             ; open   ; 0 in             ; 0 H/in                 ; 0 F/in                 ; short        ; open          ; open            ; open  ; 0 V                 ; -                  ; n/a           ; n/a             ; n/a         ;
; ROM_OUT[9]    ; 2.5 V        ; 0 in              ; 0 H/in                  ; 0 F/in                  ; short         ; -                   ; open           ; open             ; open   ; 0 in             ; 0 H/in                 ; 0 F/in                 ; short        ; open          ; open            ; open  ; 0 V                 ; -                  ; n/a           ; n/a             ; n/a         ;
; ROM_OUT[8]    ; 2.5 V        ; 0 in              ; 0 H/in                  ; 0 F/in                  ; short         ; -                   ; open           ; open             ; open   ; 0 in             ; 0 H/in                 ; 0 F/in                 ; short        ; open          ; open            ; open  ; 0 V                 ; -                  ; n/a           ; n/a             ; n/a         ;
; ROM_OUT[7]    ; 2.5 V        ; 0 in              ; 0 H/in                  ; 0 F/in                  ; short         ; -                   ; open           ; open             ; open   ; 0 in             ; 0 H/in                 ; 0 F/in                 ; short        ; open          ; open            ; open  ; 0 V                 ; -                  ; n/a           ; n/a             ; n/a         ;
; ROM_OUT[6]    ; 2.5 V        ; 0 in              ; 0 H/in                  ; 0 F/in                  ; short         ; -                   ; open           ; open             ; open   ; 0 in             ; 0 H/in                 ; 0 F/in                 ; short        ; open          ; open            ; open  ; 0 V                 ; -                  ; n/a           ; n/a             ; n/a         ;
; ROM_OUT[5]    ; 2.5 V        ; 0 in              ; 0 H/in                  ; 0 F/in                  ; short         ; -                   ; open           ; open             ; open   ; 0 in             ; 0 H/in                 ; 0 F/in                 ; short        ; open          ; open            ; open  ; 0 V                 ; -                  ; n/a           ; n/a             ; n/a         ;
; ROM_OUT[4]    ; 2.5 V        ; 0 in              ; 0 H/in                  ; 0 F/in                  ; short         ; -                   ; open           ; open             ; open   ; 0 in             ; 0 H/in                 ; 0 F/in                 ; short        ; open          ; open            ; open  ; 0 V                 ; -                  ; n/a           ; n/a             ; n/a         ;
; ROM_OUT[3]    ; 2.5 V        ; 0 in              ; 0 H/in                  ; 0 F/in                  ; short         ; -                   ; open           ; open             ; open   ; 0 in             ; 0 H/in                 ; 0 F/in                 ; short        ; open          ; open            ; open  ; 0 V                 ; -                  ; n/a           ; n/a             ; n/a         ;
; ROM_OUT[2]    ; 2.5 V        ; 0 in              ; 0 H/in                  ; 0 F/in                  ; short         ; -                   ; open           ; open             ; open   ; 0 in             ; 0 H/in                 ; 0 F/in                 ; short        ; open          ; open            ; open  ; 0 V                 ; -                  ; n/a           ; n/a             ; n/a         ;
; ROM_OUT[1]    ; 2.5 V        ; 0 in              ; 0 H/in                  ; 0 F/in                  ; short         ; -                   ; open           ; open             ; open   ; 0 in             ; 0 H/in                 ; 0 F/in                 ; short        ; open          ; open            ; open  ; 0 V                 ; -                  ; n/a           ; n/a             ; n/a         ;
; ROM_OUT[0]    ; 2.5 V        ; 0 in              ; 0 H/in                  ; 0 F/in                  ; short         ; -                   ; open           ; open             ; open   ; 0 in             ; 0 H/in                 ; 0 F/in                 ; short        ; open          ; open            ; open  ; 0 V                 ; -                  ; n/a           ; n/a             ; n/a         ;
; ~ALTERA_DCLK~ ; 3.3-V LVTTL  ; 0 in              ; 0 H/in                  ; 0 F/in                  ; short         ; -                   ; open           ; open             ; open   ; 0 in             ; 0 H/in                 ; 0 F/in                 ; short        ; open          ; open            ; open  ; 0 V                 ; -                  ; n/a           ; n/a             ; n/a         ;
; ~ALTERA_nCEO~ ; 3.3-V LVTTL  ; 0 in              ; 0 H/in                  ; 0 F/in                  ; short         ; -                   ; open           ; open             ; open   ; 0 in             ; 0 H/in                 ; 0 F/in                 ; short        ; open          ; open            ; open  ; 0 V                 ; -                  ; n/a           ; n/a             ; n/a         ;
+---------------+--------------+-------------------+-------------------------+-------------------------+---------------+---------------------+----------------+------------------+--------+------------------+------------------------+------------------------+--------------+---------------+-----------------+-------+---------------------+--------------------+---------------+-----------------+-------------+


+----------------------------------------------------------------------------+
; Input Transition Times                                                     ;
+-------------------------+--------------+-----------------+-----------------+
; Pin                     ; I/O Standard ; 10-90 Rise Time ; 90-10 Fall Time ;
+-------------------------+--------------+-----------------+-----------------+
; CLOCK_50                ; 3.3-V LVTTL  ; 2640 ps         ; 2640 ps         ;
; Reset                   ; 3.3-V LVTTL  ; 2640 ps         ; 2640 ps         ;
; SIM_MODE                ; 3.3-V LVTTL  ; 2640 ps         ; 2640 ps         ;
; CLK                     ; 3.3-V LVTTL  ; 2640 ps         ; 2640 ps         ;
; ~ALTERA_ASDO_DATA1~     ; 3.3-V LVTTL  ; 2640 ps         ; 2640 ps         ;
; ~ALTERA_FLASH_nCE_nCSO~ ; 3.3-V LVTTL  ; 2640 ps         ; 2640 ps         ;
; ~ALTERA_DATA0~          ; 3.3-V LVTTL  ; 2640 ps         ; 2640 ps         ;
+-------------------------+--------------+-----------------+-----------------+


+--------------------------------------------------------------------------------------------------------------------------------------------------------------------------------------------------------------------------------------------------------------------------------------------------------------------------------------------------------------------------------------------------------------------------------------------------------------------------------------------------------------------------------------------------------------------------------------------------------------------------------------------------------------------------------------------+
; Slow Corner Signal Integrity Metrics                                                                                                                                                                                                                                                                                                                                                                                                                                                                                                                                                                                                                                                       ;
+---------------+--------------+---------------------+---------------------+------------------------------+------------------------------+---------------------+---------------------+--------------------------------------+--------------------------------------+-----------------------------+-----------------------------+----------------------------+----------------------------+-----------------------------+-----------------------------+--------------------+--------------------+-------------------------------------+-------------------------------------+----------------------------+----------------------------+---------------------------+---------------------------+
; Pin           ; I/O Standard ; Board Delay on Rise ; Board Delay on Fall ; Steady State Voh at FPGA Pin ; Steady State Vol at FPGA Pin ; Voh Max at FPGA Pin ; Vol Min at FPGA Pin ; Ringback Voltage on Rise at FPGA Pin ; Ringback Voltage on Fall at FPGA Pin ; 10-90 Rise Time at FPGA Pin ; 90-10 Fall Time at FPGA Pin ; Monotonic Rise at FPGA Pin ; Monotonic Fall at FPGA Pin ; Steady State Voh at Far-end ; Steady State Vol at Far-end ; Voh Max at Far-end ; Vol Min at Far-end ; Ringback Voltage on Rise at Far-end ; Ringback Voltage on Fall at Far-end ; 10-90 Rise Time at Far-end ; 90-10 Fall Time at Far-end ; Monotonic Rise at Far-end ; Monotonic Fall at Far-end ;
+---------------+--------------+---------------------+---------------------+------------------------------+------------------------------+---------------------+---------------------+--------------------------------------+--------------------------------------+-----------------------------+-----------------------------+----------------------------+----------------------------+-----------------------------+-----------------------------+--------------------+--------------------+-------------------------------------+-------------------------------------+----------------------------+----------------------------+---------------------------+---------------------------+
; Cout          ; 3.3-V LVTTL  ; 0 s                 ; 0 s                 ; 3.08 V                       ; 2.06e-06 V                   ; 3.12 V              ; -0.0308 V           ; 0.224 V                              ; 0.218 V                              ; 1.32e-09 s                  ; 1.07e-09 s                  ; No                         ; Yes                        ; 3.08 V                      ; 2.06e-06 V                  ; 3.12 V             ; -0.0308 V          ; 0.224 V                             ; 0.218 V                             ; 1.32e-09 s                 ; 1.07e-09 s                 ; No                        ; Yes                       ;
; PC[2]         ; 3.3-V LVTTL  ; 0 s                 ; 0 s                 ; 3.08 V                       ; 2.06e-06 V                   ; 3.08 V              ; -0.00513 V          ; 0.274 V                              ; 0.267 V                              ; 5.67e-09 s                  ; 4.62e-09 s                  ; No                         ; Yes                        ; 3.08 V                      ; 2.06e-06 V                  ; 3.08 V             ; -0.00513 V         ; 0.274 V                             ; 0.267 V                             ; 5.67e-09 s                 ; 4.62e-09 s                 ; No                        ; Yes                       ;
; PC[1]         ; 3.3-V LVTTL  ; 0 s                 ; 0 s                 ; 3.08 V                       ; 2.06e-06 V                   ; 3.12 V              ; -0.0308 V           ; 0.224 V                              ; 0.218 V                              ; 1.32e-09 s                  ; 1.07e-09 s                  ; No                         ; Yes                        ; 3.08 V                      ; 2.06e-06 V                  ; 3.12 V             ; -0.0308 V          ; 0.224 V                             ; 0.218 V                             ; 1.32e-09 s                 ; 1.07e-09 s                 ; No                        ; Yes                       ;
; PC[0]         ; 3.3-V LVTTL  ; 0 s                 ; 0 s                 ; 3.08 V                       ; 2.06e-06 V                   ; 3.12 V              ; -0.0308 V           ; 0.224 V                              ; 0.218 V                              ; 1.32e-09 s                  ; 1.07e-09 s                  ; No                         ; Yes                        ; 3.08 V                      ; 2.06e-06 V                  ; 3.12 V             ; -0.0308 V          ; 0.224 V                             ; 0.218 V                             ; 1.32e-09 s                 ; 1.07e-09 s                 ; No                        ; Yes                       ;
; PULSO         ; 2.5 V        ; 0 s                 ; 0 s                 ; 2.32 V                       ; 1.08e-06 V                   ; 2.36 V              ; -0.0113 V           ; 0.122 V                              ; 0.022 V                              ; 4.5e-10 s                   ; 4.45e-10 s                  ; Yes                        ; Yes                        ; 2.32 V                      ; 1.08e-06 V                  ; 2.36 V             ; -0.0113 V          ; 0.122 V                             ; 0.022 V                             ; 4.5e-10 s                  ; 4.45e-10 s                 ; Yes                       ; Yes                       ;
; ACC[7]        ; 2.5 V        ; 0 s                 ; 0 s                 ; 2.32 V                       ; 1.08e-06 V                   ; 2.36 V              ; -0.0113 V           ; 0.122 V                              ; 0.022 V                              ; 4.5e-10 s                   ; 4.45e-10 s                  ; Yes                        ; Yes                        ; 2.32 V                      ; 1.08e-06 V                  ; 2.36 V             ; -0.0113 V          ; 0.122 V                             ; 0.022 V                             ; 4.5e-10 s                  ; 4.45e-10 s                 ; Yes                       ; Yes                       ;
; ACC[6]        ; 2.5 V        ; 0 s                 ; 0 s                 ; 2.32 V                       ; 1.08e-06 V                   ; 2.36 V              ; -0.0113 V           ; 0.122 V                              ; 0.022 V                              ; 4.5e-10 s                   ; 4.45e-10 s                  ; Yes                        ; Yes                        ; 2.32 V                      ; 1.08e-06 V                  ; 2.36 V             ; -0.0113 V          ; 0.122 V                             ; 0.022 V                             ; 4.5e-10 s                  ; 4.45e-10 s                 ; Yes                       ; Yes                       ;
; ACC[5]        ; 2.5 V        ; 0 s                 ; 0 s                 ; 2.32 V                       ; 1.08e-06 V                   ; 2.36 V              ; -0.0113 V           ; 0.122 V                              ; 0.022 V                              ; 4.5e-10 s                   ; 4.45e-10 s                  ; Yes                        ; Yes                        ; 2.32 V                      ; 1.08e-06 V                  ; 2.36 V             ; -0.0113 V          ; 0.122 V                             ; 0.022 V                             ; 4.5e-10 s                  ; 4.45e-10 s                 ; Yes                       ; Yes                       ;
; ACC[4]        ; 2.5 V        ; 0 s                 ; 0 s                 ; 2.32 V                       ; 1.08e-06 V                   ; 2.36 V              ; -0.0113 V           ; 0.122 V                              ; 0.022 V                              ; 4.5e-10 s                   ; 4.45e-10 s                  ; Yes                        ; Yes                        ; 2.32 V                      ; 1.08e-06 V                  ; 2.36 V             ; -0.0113 V          ; 0.122 V                             ; 0.022 V                             ; 4.5e-10 s                  ; 4.45e-10 s                 ; Yes                       ; Yes                       ;
; ACC[3]        ; 2.5 V        ; 0 s                 ; 0 s                 ; 2.32 V                       ; 1.08e-06 V                   ; 2.36 V              ; -0.0113 V           ; 0.122 V                              ; 0.022 V                              ; 4.5e-10 s                   ; 4.45e-10 s                  ; Yes                        ; Yes                        ; 2.32 V                      ; 1.08e-06 V                  ; 2.36 V             ; -0.0113 V          ; 0.122 V                             ; 0.022 V                             ; 4.5e-10 s                  ; 4.45e-10 s                 ; Yes                       ; Yes                       ;
; ACC[2]        ; 2.5 V        ; 0 s                 ; 0 s                 ; 2.32 V                       ; 1.08e-06 V                   ; 2.36 V              ; -0.0113 V           ; 0.122 V                              ; 0.022 V                              ; 4.5e-10 s                   ; 4.45e-10 s                  ; Yes                        ; Yes                        ; 2.32 V                      ; 1.08e-06 V                  ; 2.36 V             ; -0.0113 V          ; 0.122 V                             ; 0.022 V                             ; 4.5e-10 s                  ; 4.45e-10 s                 ; Yes                       ; Yes                       ;
; ACC[1]        ; 2.5 V        ; 0 s                 ; 0 s                 ; 2.32 V                       ; 1.08e-06 V                   ; 2.36 V              ; -0.0113 V           ; 0.122 V                              ; 0.022 V                              ; 4.5e-10 s                   ; 4.45e-10 s                  ; Yes                        ; Yes                        ; 2.32 V                      ; 1.08e-06 V                  ; 2.36 V             ; -0.0113 V          ; 0.122 V                             ; 0.022 V                             ; 4.5e-10 s                  ; 4.45e-10 s                 ; Yes                       ; Yes                       ;
; ACC[0]        ; 2.5 V        ; 0 s                 ; 0 s                 ; 2.32 V                       ; 1.08e-06 V                   ; 2.36 V              ; -0.0113 V           ; 0.122 V                              ; 0.022 V                              ; 4.5e-10 s                   ; 4.45e-10 s                  ; Yes                        ; Yes                        ; 2.32 V                      ; 1.08e-06 V                  ; 2.36 V             ; -0.0113 V          ; 0.122 V                             ; 0.022 V                             ; 4.5e-10 s                  ; 4.45e-10 s                 ; Yes                       ; Yes                       ;
; HEX0[6]       ; 3.3-V LVTTL  ; 0 s                 ; 0 s                 ; 3.08 V                       ; 3.08e-06 V                   ; 3.13 V              ; -0.0523 V           ; 0.237 V                              ; 0.168 V                              ; 6.67e-10 s                  ; 6.11e-10 s                  ; No                         ; No                         ; 3.08 V                      ; 3.08e-06 V                  ; 3.13 V             ; -0.0523 V          ; 0.237 V                             ; 0.168 V                             ; 6.67e-10 s                 ; 6.11e-10 s                 ; No                        ; No                        ;
; HEX0[5]       ; 3.3-V LVTTL  ; 0 s                 ; 0 s                 ; 3.08 V                       ; 3.08e-06 V                   ; 3.13 V              ; -0.0523 V           ; 0.237 V                              ; 0.168 V                              ; 6.67e-10 s                  ; 6.11e-10 s                  ; No                         ; No                         ; 3.08 V                      ; 3.08e-06 V                  ; 3.13 V             ; -0.0523 V          ; 0.237 V                             ; 0.168 V                             ; 6.67e-10 s                 ; 6.11e-10 s                 ; No                        ; No                        ;
; HEX0[4]       ; 3.3-V LVTTL  ; 0 s                 ; 0 s                 ; 3.08 V                       ; 3.08e-06 V                   ; 3.13 V              ; -0.0523 V           ; 0.237 V                              ; 0.168 V                              ; 6.67e-10 s                  ; 6.11e-10 s                  ; No                         ; No                         ; 3.08 V                      ; 3.08e-06 V                  ; 3.13 V             ; -0.0523 V          ; 0.237 V                             ; 0.168 V                             ; 6.67e-10 s                 ; 6.11e-10 s                 ; No                        ; No                        ;
; HEX0[3]       ; 3.3-V LVTTL  ; 0 s                 ; 0 s                 ; 3.08 V                       ; 3.08e-06 V                   ; 3.13 V              ; -0.0523 V           ; 0.237 V                              ; 0.168 V                              ; 6.67e-10 s                  ; 6.11e-10 s                  ; No                         ; No                         ; 3.08 V                      ; 3.08e-06 V                  ; 3.13 V             ; -0.0523 V          ; 0.237 V                             ; 0.168 V                             ; 6.67e-10 s                 ; 6.11e-10 s                 ; No                        ; No                        ;
; HEX0[2]       ; 3.3-V LVTTL  ; 0 s                 ; 0 s                 ; 3.08 V                       ; 3.08e-06 V                   ; 3.13 V              ; -0.0523 V           ; 0.237 V                              ; 0.168 V                              ; 6.67e-10 s                  ; 6.11e-10 s                  ; No                         ; No                         ; 3.08 V                      ; 3.08e-06 V                  ; 3.13 V             ; -0.0523 V          ; 0.237 V                             ; 0.168 V                             ; 6.67e-10 s                 ; 6.11e-10 s                 ; No                        ; No                        ;
; HEX0[1]       ; 3.3-V LVTTL  ; 0 s                 ; 0 s                 ; 3.08 V                       ; 3.08e-06 V                   ; 3.13 V              ; -0.0523 V           ; 0.237 V                              ; 0.168 V                              ; 6.67e-10 s                  ; 6.11e-10 s                  ; No                         ; No                         ; 3.08 V                      ; 3.08e-06 V                  ; 3.13 V             ; -0.0523 V          ; 0.237 V                             ; 0.168 V                             ; 6.67e-10 s                 ; 6.11e-10 s                 ; No                        ; No                        ;
; HEX0[0]       ; 3.3-V LVTTL  ; 0 s                 ; 0 s                 ; 3.08 V                       ; 3.08e-06 V                   ; 3.13 V              ; -0.0523 V           ; 0.237 V                              ; 0.168 V                              ; 6.67e-10 s                  ; 6.11e-10 s                  ; No                         ; No                         ; 3.08 V                      ; 3.08e-06 V                  ; 3.13 V             ; -0.0523 V          ; 0.237 V                             ; 0.168 V                             ; 6.67e-10 s                 ; 6.11e-10 s                 ; No                        ; No                        ;
; HEX1[6]       ; 3.3-V LVTTL  ; 0 s                 ; 0 s                 ; 3.08 V                       ; 3.08e-06 V                   ; 3.13 V              ; -0.0523 V           ; 0.237 V                              ; 0.168 V                              ; 6.67e-10 s                  ; 6.11e-10 s                  ; No                         ; No                         ; 3.08 V                      ; 3.08e-06 V                  ; 3.13 V             ; -0.0523 V          ; 0.237 V                             ; 0.168 V                             ; 6.67e-10 s                 ; 6.11e-10 s                 ; No                        ; No                        ;
; HEX1[5]       ; 3.3-V LVTTL  ; 0 s                 ; 0 s                 ; 3.08 V                       ; 3.08e-06 V                   ; 3.13 V              ; -0.0523 V           ; 0.237 V                              ; 0.168 V                              ; 6.67e-10 s                  ; 6.11e-10 s                  ; No                         ; No                         ; 3.08 V                      ; 3.08e-06 V                  ; 3.13 V             ; -0.0523 V          ; 0.237 V                             ; 0.168 V                             ; 6.67e-10 s                 ; 6.11e-10 s                 ; No                        ; No                        ;
; HEX1[4]       ; 3.3-V LVTTL  ; 0 s                 ; 0 s                 ; 3.08 V                       ; 3.08e-06 V                   ; 3.13 V              ; -0.0523 V           ; 0.237 V                              ; 0.168 V                              ; 6.67e-10 s                  ; 6.11e-10 s                  ; No                         ; No                         ; 3.08 V                      ; 3.08e-06 V                  ; 3.13 V             ; -0.0523 V          ; 0.237 V                             ; 0.168 V                             ; 6.67e-10 s                 ; 6.11e-10 s                 ; No                        ; No                        ;
; HEX1[3]       ; 3.3-V LVTTL  ; 0 s                 ; 0 s                 ; 3.08 V                       ; 3.08e-06 V                   ; 3.13 V              ; -0.0523 V           ; 0.237 V                              ; 0.168 V                              ; 6.67e-10 s                  ; 6.11e-10 s                  ; No                         ; No                         ; 3.08 V                      ; 3.08e-06 V                  ; 3.13 V             ; -0.0523 V          ; 0.237 V                             ; 0.168 V                             ; 6.67e-10 s                 ; 6.11e-10 s                 ; No                        ; No                        ;
; HEX1[2]       ; 3.3-V LVTTL  ; 0 s                 ; 0 s                 ; 3.08 V                       ; 3.08e-06 V                   ; 3.13 V              ; -0.0523 V           ; 0.237 V                              ; 0.168 V                              ; 6.67e-10 s                  ; 6.11e-10 s                  ; No                         ; No                         ; 3.08 V                      ; 3.08e-06 V                  ; 3.13 V             ; -0.0523 V          ; 0.237 V                             ; 0.168 V                             ; 6.67e-10 s                 ; 6.11e-10 s                 ; No                        ; No                        ;
; HEX1[1]       ; 3.3-V LVTTL  ; 0 s                 ; 0 s                 ; 3.08 V                       ; 3.08e-06 V                   ; 3.13 V              ; -0.0523 V           ; 0.237 V                              ; 0.168 V                              ; 6.67e-10 s                  ; 6.11e-10 s                  ; No                         ; No                         ; 3.08 V                      ; 3.08e-06 V                  ; 3.13 V             ; -0.0523 V          ; 0.237 V                             ; 0.168 V                             ; 6.67e-10 s                 ; 6.11e-10 s                 ; No                        ; No                        ;
; HEX1[0]       ; 3.3-V LVTTL  ; 0 s                 ; 0 s                 ; 3.08 V                       ; 3.08e-06 V                   ; 3.13 V              ; -0.0523 V           ; 0.237 V                              ; 0.168 V                              ; 6.67e-10 s                  ; 6.11e-10 s                  ; No                         ; No                         ; 3.08 V                      ; 3.08e-06 V                  ; 3.13 V             ; -0.0523 V          ; 0.237 V                             ; 0.168 V                             ; 6.67e-10 s                 ; 6.11e-10 s                 ; No                        ; No                        ;
; ROM_OUT[10]   ; 2.5 V        ; 0 s                 ; 0 s                 ; 2.32 V                       ; 1.08e-06 V                   ; 2.36 V              ; -0.0113 V           ; 0.122 V                              ; 0.022 V                              ; 4.5e-10 s                   ; 4.45e-10 s                  ; Yes                        ; Yes                        ; 2.32 V                      ; 1.08e-06 V                  ; 2.36 V             ; -0.0113 V          ; 0.122 V                             ; 0.022 V                             ; 4.5e-10 s                  ; 4.45e-10 s                 ; Yes                       ; Yes                       ;
; ROM_OUT[9]    ; 2.5 V        ; 0 s                 ; 0 s                 ; 2.32 V                       ; 1.08e-06 V                   ; 2.36 V              ; -0.0113 V           ; 0.122 V                              ; 0.022 V                              ; 4.5e-10 s                   ; 4.45e-10 s                  ; Yes                        ; Yes                        ; 2.32 V                      ; 1.08e-06 V                  ; 2.36 V             ; -0.0113 V          ; 0.122 V                             ; 0.022 V                             ; 4.5e-10 s                  ; 4.45e-10 s                 ; Yes                       ; Yes                       ;
; ROM_OUT[8]    ; 2.5 V        ; 0 s                 ; 0 s                 ; 2.32 V                       ; 1.08e-06 V                   ; 2.36 V              ; -0.0113 V           ; 0.122 V                              ; 0.022 V                              ; 4.5e-10 s                   ; 4.45e-10 s                  ; Yes                        ; Yes                        ; 2.32 V                      ; 1.08e-06 V                  ; 2.36 V             ; -0.0113 V          ; 0.122 V                             ; 0.022 V                             ; 4.5e-10 s                  ; 4.45e-10 s                 ; Yes                       ; Yes                       ;
; ROM_OUT[7]    ; 2.5 V        ; 0 s                 ; 0 s                 ; 2.32 V                       ; 1.08e-06 V                   ; 2.36 V              ; -0.0113 V           ; 0.122 V                              ; 0.022 V                              ; 4.5e-10 s                   ; 4.45e-10 s                  ; Yes                        ; Yes                        ; 2.32 V                      ; 1.08e-06 V                  ; 2.36 V             ; -0.0113 V          ; 0.122 V                             ; 0.022 V                             ; 4.5e-10 s                  ; 4.45e-10 s                 ; Yes                       ; Yes                       ;
; ROM_OUT[6]    ; 2.5 V        ; 0 s                 ; 0 s                 ; 2.32 V                       ; 1.08e-06 V                   ; 2.36 V              ; -0.0113 V           ; 0.122 V                              ; 0.022 V                              ; 4.5e-10 s                   ; 4.45e-10 s                  ; Yes                        ; Yes                        ; 2.32 V                      ; 1.08e-06 V                  ; 2.36 V             ; -0.0113 V          ; 0.122 V                             ; 0.022 V                             ; 4.5e-10 s                  ; 4.45e-10 s                 ; Yes                       ; Yes                       ;
; ROM_OUT[5]    ; 2.5 V        ; 0 s                 ; 0 s                 ; 2.32 V                       ; 1.08e-06 V                   ; 2.33 V              ; -0.00341 V          ; 0.17 V                               ; 0.084 V                              ; 3.33e-09 s                  ; 3.24e-09 s                  ; Yes                        ; Yes                        ; 2.32 V                      ; 1.08e-06 V                  ; 2.33 V             ; -0.00341 V         ; 0.17 V                              ; 0.084 V                             ; 3.33e-09 s                 ; 3.24e-09 s                 ; Yes                       ; Yes                       ;
; ROM_OUT[4]    ; 2.5 V        ; 0 s                 ; 0 s                 ; 2.32 V                       ; 1.08e-06 V                   ; 2.36 V              ; -0.0113 V           ; 0.122 V                              ; 0.022 V                              ; 4.5e-10 s                   ; 4.45e-10 s                  ; Yes                        ; Yes                        ; 2.32 V                      ; 1.08e-06 V                  ; 2.36 V             ; -0.0113 V          ; 0.122 V                             ; 0.022 V                             ; 4.5e-10 s                  ; 4.45e-10 s                 ; Yes                       ; Yes                       ;
; ROM_OUT[3]    ; 2.5 V        ; 0 s                 ; 0 s                 ; 2.32 V                       ; 1.08e-06 V                   ; 2.36 V              ; -0.0113 V           ; 0.122 V                              ; 0.022 V                              ; 4.5e-10 s                   ; 4.45e-10 s                  ; Yes                        ; Yes                        ; 2.32 V                      ; 1.08e-06 V                  ; 2.36 V             ; -0.0113 V          ; 0.122 V                             ; 0.022 V                             ; 4.5e-10 s                  ; 4.45e-10 s                 ; Yes                       ; Yes                       ;
; ROM_OUT[2]    ; 2.5 V        ; 0 s                 ; 0 s                 ; 2.32 V                       ; 1.08e-06 V                   ; 2.36 V              ; -0.0113 V           ; 0.122 V                              ; 0.022 V                              ; 4.5e-10 s                   ; 4.45e-10 s                  ; Yes                        ; Yes                        ; 2.32 V                      ; 1.08e-06 V                  ; 2.36 V             ; -0.0113 V          ; 0.122 V                             ; 0.022 V                             ; 4.5e-10 s                  ; 4.45e-10 s                 ; Yes                       ; Yes                       ;
; ROM_OUT[1]    ; 2.5 V        ; 0 s                 ; 0 s                 ; 2.32 V                       ; 1.08e-06 V                   ; 2.36 V              ; -0.0113 V           ; 0.122 V                              ; 0.022 V                              ; 4.5e-10 s                   ; 4.45e-10 s                  ; Yes                        ; Yes                        ; 2.32 V                      ; 1.08e-06 V                  ; 2.36 V             ; -0.0113 V          ; 0.122 V                             ; 0.022 V                             ; 4.5e-10 s                  ; 4.45e-10 s                 ; Yes                       ; Yes                       ;
; ROM_OUT[0]    ; 2.5 V        ; 0 s                 ; 0 s                 ; 2.32 V                       ; 1.08e-06 V                   ; 2.36 V              ; -0.0113 V           ; 0.122 V                              ; 0.022 V                              ; 4.5e-10 s                   ; 4.45e-10 s                  ; Yes                        ; Yes                        ; 2.32 V                      ; 1.08e-06 V                  ; 2.36 V             ; -0.0113 V          ; 0.122 V                             ; 0.022 V                             ; 4.5e-10 s                  ; 4.45e-10 s                 ; Yes                       ; Yes                       ;
; ~ALTERA_DCLK~ ; 3.3-V LVTTL  ; 0 s                 ; 0 s                 ; 3.08 V                       ; 1.02e-06 V                   ; 3.14 V              ; -0.0402 V           ; 0.146 V                              ; 0.156 V                              ; 4.62e-10 s                  ; 4.36e-10 s                  ; Yes                        ; Yes                        ; 3.08 V                      ; 1.02e-06 V                  ; 3.14 V             ; -0.0402 V          ; 0.146 V                             ; 0.156 V                             ; 4.62e-10 s                 ; 4.36e-10 s                 ; Yes                       ; Yes                       ;
; ~ALTERA_nCEO~ ; 3.3-V LVTTL  ; 0 s                 ; 0 s                 ; 3.08 V                       ; 2.06e-06 V                   ; 3.12 V              ; -0.0308 V           ; 0.224 V                              ; 0.218 V                              ; 1.32e-09 s                  ; 1.07e-09 s                  ; No                         ; Yes                        ; 3.08 V                      ; 2.06e-06 V                  ; 3.12 V             ; -0.0308 V          ; 0.224 V                             ; 0.218 V                             ; 1.32e-09 s                 ; 1.07e-09 s                 ; No                        ; Yes                       ;
+---------------+--------------+---------------------+---------------------+------------------------------+------------------------------+---------------------+---------------------+--------------------------------------+--------------------------------------+-----------------------------+-----------------------------+----------------------------+----------------------------+-----------------------------+-----------------------------+--------------------+--------------------+-------------------------------------+-------------------------------------+----------------------------+----------------------------+---------------------------+---------------------------+


+--------------------------------------------------------------------------------------------------------------------------------------------------------------------------------------------------------------------------------------------------------------------------------------------------------------------------------------------------------------------------------------------------------------------------------------------------------------------------------------------------------------------------------------------------------------------------------------------------------------------------------------------------------------------------------------------+
; Fast Corner Signal Integrity Metrics                                                                                                                                                                                                                                                                                                                                                                                                                                                                                                                                                                                                                                                       ;
+---------------+--------------+---------------------+---------------------+------------------------------+------------------------------+---------------------+---------------------+--------------------------------------+--------------------------------------+-----------------------------+-----------------------------+----------------------------+----------------------------+-----------------------------+-----------------------------+--------------------+--------------------+-------------------------------------+-------------------------------------+----------------------------+----------------------------+---------------------------+---------------------------+
; Pin           ; I/O Standard ; Board Delay on Rise ; Board Delay on Fall ; Steady State Voh at FPGA Pin ; Steady State Vol at FPGA Pin ; Voh Max at FPGA Pin ; Vol Min at FPGA Pin ; Ringback Voltage on Rise at FPGA Pin ; Ringback Voltage on Fall at FPGA Pin ; 10-90 Rise Time at FPGA Pin ; 90-10 Fall Time at FPGA Pin ; Monotonic Rise at FPGA Pin ; Monotonic Fall at FPGA Pin ; Steady State Voh at Far-end ; Steady State Vol at Far-end ; Voh Max at Far-end ; Vol Min at Far-end ; Ringback Voltage on Rise at Far-end ; Ringback Voltage on Fall at Far-end ; 10-90 Rise Time at Far-end ; 90-10 Fall Time at Far-end ; Monotonic Rise at Far-end ; Monotonic Fall at Far-end ;
+---------------+--------------+---------------------+---------------------+------------------------------+------------------------------+---------------------+---------------------+--------------------------------------+--------------------------------------+-----------------------------+-----------------------------+----------------------------+----------------------------+-----------------------------+-----------------------------+--------------------+--------------------+-------------------------------------+-------------------------------------+----------------------------+----------------------------+---------------------------+---------------------------+
; Cout          ; 3.3-V LVTTL  ; 0 s                 ; 0 s                 ; 3.46 V                       ; 1.29e-07 V                   ; 3.55 V              ; -0.053 V            ; 0.341 V                              ; 0.35 V                               ; 9.04e-10 s                  ; 7.28e-10 s                  ; No                         ; No                         ; 3.46 V                      ; 1.29e-07 V                  ; 3.55 V             ; -0.053 V           ; 0.341 V                             ; 0.35 V                              ; 9.04e-10 s                 ; 7.28e-10 s                 ; No                        ; No                        ;
; PC[2]         ; 3.3-V LVTTL  ; 0 s                 ; 0 s                 ; 3.46 V                       ; 1.29e-07 V                   ; 3.48 V              ; -0.0136 V           ; 0.352 V                              ; 0.346 V                              ; 4.12e-09 s                  ; 3.34e-09 s                  ; No                         ; Yes                        ; 3.46 V                      ; 1.29e-07 V                  ; 3.48 V             ; -0.0136 V          ; 0.352 V                             ; 0.346 V                             ; 4.12e-09 s                 ; 3.34e-09 s                 ; No                        ; Yes                       ;
; PC[1]         ; 3.3-V LVTTL  ; 0 s                 ; 0 s                 ; 3.46 V                       ; 1.29e-07 V                   ; 3.55 V              ; -0.053 V            ; 0.341 V                              ; 0.35 V                               ; 9.04e-10 s                  ; 7.28e-10 s                  ; No                         ; No                         ; 3.46 V                      ; 1.29e-07 V                  ; 3.55 V             ; -0.053 V           ; 0.341 V                             ; 0.35 V                              ; 9.04e-10 s                 ; 7.28e-10 s                 ; No                        ; No                        ;
; PC[0]         ; 3.3-V LVTTL  ; 0 s                 ; 0 s                 ; 3.46 V                       ; 1.29e-07 V                   ; 3.55 V              ; -0.053 V            ; 0.341 V                              ; 0.35 V                               ; 9.04e-10 s                  ; 7.28e-10 s                  ; No                         ; No                         ; 3.46 V                      ; 1.29e-07 V                  ; 3.55 V             ; -0.053 V           ; 0.341 V                             ; 0.35 V                              ; 9.04e-10 s                 ; 7.28e-10 s                 ; No                        ; No                        ;
; PULSO         ; 2.5 V        ; 0 s                 ; 0 s                 ; 2.62 V                       ; 4.11e-08 V                   ; 2.73 V              ; -0.0566 V           ; 0.191 V                              ; 0.12 V                               ; 2.69e-10 s                  ; 2.76e-10 s                  ; Yes                        ; Yes                        ; 2.62 V                      ; 4.11e-08 V                  ; 2.73 V             ; -0.0566 V          ; 0.191 V                             ; 0.12 V                              ; 2.69e-10 s                 ; 2.76e-10 s                 ; Yes                       ; Yes                       ;
; ACC[7]        ; 2.5 V        ; 0 s                 ; 0 s                 ; 2.62 V                       ; 4.11e-08 V                   ; 2.73 V              ; -0.0566 V           ; 0.191 V                              ; 0.12 V                               ; 2.69e-10 s                  ; 2.76e-10 s                  ; Yes                        ; Yes                        ; 2.62 V                      ; 4.11e-08 V                  ; 2.73 V             ; -0.0566 V          ; 0.191 V                             ; 0.12 V                              ; 2.69e-10 s                 ; 2.76e-10 s                 ; Yes                       ; Yes                       ;
; ACC[6]        ; 2.5 V        ; 0 s                 ; 0 s                 ; 2.62 V                       ; 4.11e-08 V                   ; 2.73 V              ; -0.0566 V           ; 0.191 V                              ; 0.12 V                               ; 2.69e-10 s                  ; 2.76e-10 s                  ; Yes                        ; Yes                        ; 2.62 V                      ; 4.11e-08 V                  ; 2.73 V             ; -0.0566 V          ; 0.191 V                             ; 0.12 V                              ; 2.69e-10 s                 ; 2.76e-10 s                 ; Yes                       ; Yes                       ;
; ACC[5]        ; 2.5 V        ; 0 s                 ; 0 s                 ; 2.62 V                       ; 4.11e-08 V                   ; 2.73 V              ; -0.0566 V           ; 0.191 V                              ; 0.12 V                               ; 2.69e-10 s                  ; 2.76e-10 s                  ; Yes                        ; Yes                        ; 2.62 V                      ; 4.11e-08 V                  ; 2.73 V             ; -0.0566 V          ; 0.191 V                             ; 0.12 V                              ; 2.69e-10 s                 ; 2.76e-10 s                 ; Yes                       ; Yes                       ;
; ACC[4]        ; 2.5 V        ; 0 s                 ; 0 s                 ; 2.62 V                       ; 4.11e-08 V                   ; 2.73 V              ; -0.0566 V           ; 0.191 V                              ; 0.12 V                               ; 2.69e-10 s                  ; 2.76e-10 s                  ; Yes                        ; Yes                        ; 2.62 V                      ; 4.11e-08 V                  ; 2.73 V             ; -0.0566 V          ; 0.191 V                             ; 0.12 V                              ; 2.69e-10 s                 ; 2.76e-10 s                 ; Yes                       ; Yes                       ;
; ACC[3]        ; 2.5 V        ; 0 s                 ; 0 s                 ; 2.62 V                       ; 4.11e-08 V                   ; 2.73 V              ; -0.0566 V           ; 0.191 V                              ; 0.12 V                               ; 2.69e-10 s                  ; 2.76e-10 s                  ; Yes                        ; Yes                        ; 2.62 V                      ; 4.11e-08 V                  ; 2.73 V             ; -0.0566 V          ; 0.191 V                             ; 0.12 V                              ; 2.69e-10 s                 ; 2.76e-10 s                 ; Yes                       ; Yes                       ;
; ACC[2]        ; 2.5 V        ; 0 s                 ; 0 s                 ; 2.62 V                       ; 4.11e-08 V                   ; 2.73 V              ; -0.0566 V           ; 0.191 V                              ; 0.12 V                               ; 2.69e-10 s                  ; 2.76e-10 s                  ; Yes                        ; Yes                        ; 2.62 V                      ; 4.11e-08 V                  ; 2.73 V             ; -0.0566 V          ; 0.191 V                             ; 0.12 V                              ; 2.69e-10 s                 ; 2.76e-10 s                 ; Yes                       ; Yes                       ;
; ACC[1]        ; 2.5 V        ; 0 s                 ; 0 s                 ; 2.62 V                       ; 4.11e-08 V                   ; 2.73 V              ; -0.0566 V           ; 0.191 V                              ; 0.12 V                               ; 2.69e-10 s                  ; 2.76e-10 s                  ; Yes                        ; Yes                        ; 2.62 V                      ; 4.11e-08 V                  ; 2.73 V             ; -0.0566 V          ; 0.191 V                             ; 0.12 V                              ; 2.69e-10 s                 ; 2.76e-10 s                 ; Yes                       ; Yes                       ;
; ACC[0]        ; 2.5 V        ; 0 s                 ; 0 s                 ; 2.62 V                       ; 4.11e-08 V                   ; 2.73 V              ; -0.0566 V           ; 0.191 V                              ; 0.12 V                               ; 2.69e-10 s                  ; 2.76e-10 s                  ; Yes                        ; Yes                        ; 2.62 V                      ; 4.11e-08 V                  ; 2.73 V             ; -0.0566 V          ; 0.191 V                             ; 0.12 V                              ; 2.69e-10 s                 ; 2.76e-10 s                 ; Yes                       ; Yes                       ;
; HEX0[6]       ; 3.3-V LVTTL  ; 0 s                 ; 0 s                 ; 3.46 V                       ; 1.9e-07 V                    ; 3.59 V              ; -0.0873 V           ; 0.332 V                              ; 0.189 V                              ; 4.6e-10 s                   ; 4.2e-10 s                   ; No                         ; Yes                        ; 3.46 V                      ; 1.9e-07 V                   ; 3.59 V             ; -0.0873 V          ; 0.332 V                             ; 0.189 V                             ; 4.6e-10 s                  ; 4.2e-10 s                  ; No                        ; Yes                       ;
; HEX0[5]       ; 3.3-V LVTTL  ; 0 s                 ; 0 s                 ; 3.46 V                       ; 1.9e-07 V                    ; 3.59 V              ; -0.0873 V           ; 0.332 V                              ; 0.189 V                              ; 4.6e-10 s                   ; 4.2e-10 s                   ; No                         ; Yes                        ; 3.46 V                      ; 1.9e-07 V                   ; 3.59 V             ; -0.0873 V          ; 0.332 V                             ; 0.189 V                             ; 4.6e-10 s                  ; 4.2e-10 s                  ; No                        ; Yes                       ;
; HEX0[4]       ; 3.3-V LVTTL  ; 0 s                 ; 0 s                 ; 3.46 V                       ; 1.9e-07 V                    ; 3.59 V              ; -0.0873 V           ; 0.332 V                              ; 0.189 V                              ; 4.6e-10 s                   ; 4.2e-10 s                   ; No                         ; Yes                        ; 3.46 V                      ; 1.9e-07 V                   ; 3.59 V             ; -0.0873 V          ; 0.332 V                             ; 0.189 V                             ; 4.6e-10 s                  ; 4.2e-10 s                  ; No                        ; Yes                       ;
; HEX0[3]       ; 3.3-V LVTTL  ; 0 s                 ; 0 s                 ; 3.46 V                       ; 1.9e-07 V                    ; 3.59 V              ; -0.0873 V           ; 0.332 V                              ; 0.189 V                              ; 4.6e-10 s                   ; 4.2e-10 s                   ; No                         ; Yes                        ; 3.46 V                      ; 1.9e-07 V                   ; 3.59 V             ; -0.0873 V          ; 0.332 V                             ; 0.189 V                             ; 4.6e-10 s                  ; 4.2e-10 s                  ; No                        ; Yes                       ;
; HEX0[2]       ; 3.3-V LVTTL  ; 0 s                 ; 0 s                 ; 3.46 V                       ; 1.9e-07 V                    ; 3.59 V              ; -0.0873 V           ; 0.332 V                              ; 0.189 V                              ; 4.6e-10 s                   ; 4.2e-10 s                   ; No                         ; Yes                        ; 3.46 V                      ; 1.9e-07 V                   ; 3.59 V             ; -0.0873 V          ; 0.332 V                             ; 0.189 V                             ; 4.6e-10 s                  ; 4.2e-10 s                  ; No                        ; Yes                       ;
; HEX0[1]       ; 3.3-V LVTTL  ; 0 s                 ; 0 s                 ; 3.46 V                       ; 1.9e-07 V                    ; 3.59 V              ; -0.0873 V           ; 0.332 V                              ; 0.189 V                              ; 4.6e-10 s                   ; 4.2e-10 s                   ; No                         ; Yes                        ; 3.46 V                      ; 1.9e-07 V                   ; 3.59 V             ; -0.0873 V          ; 0.332 V                             ; 0.189 V                             ; 4.6e-10 s                  ; 4.2e-10 s                  ; No                        ; Yes                       ;
; HEX0[0]       ; 3.3-V LVTTL  ; 0 s                 ; 0 s                 ; 3.46 V                       ; 1.9e-07 V                    ; 3.59 V              ; -0.0873 V           ; 0.332 V                              ; 0.189 V                              ; 4.6e-10 s                   ; 4.2e-10 s                   ; No                         ; Yes                        ; 3.46 V                      ; 1.9e-07 V                   ; 3.59 V             ; -0.0873 V          ; 0.332 V                             ; 0.189 V                             ; 4.6e-10 s                  ; 4.2e-10 s                  ; No                        ; Yes                       ;
; HEX1[6]       ; 3.3-V LVTTL  ; 0 s                 ; 0 s                 ; 3.46 V                       ; 1.9e-07 V                    ; 3.59 V              ; -0.0873 V           ; 0.332 V                              ; 0.189 V                              ; 4.6e-10 s                   ; 4.2e-10 s                   ; No                         ; Yes                        ; 3.46 V                      ; 1.9e-07 V                   ; 3.59 V             ; -0.0873 V          ; 0.332 V                             ; 0.189 V                             ; 4.6e-10 s                  ; 4.2e-10 s                  ; No                        ; Yes                       ;
; HEX1[5]       ; 3.3-V LVTTL  ; 0 s                 ; 0 s                 ; 3.46 V                       ; 1.9e-07 V                    ; 3.59 V              ; -0.0873 V           ; 0.332 V                              ; 0.189 V                              ; 4.6e-10 s                   ; 4.2e-10 s                   ; No                         ; Yes                        ; 3.46 V                      ; 1.9e-07 V                   ; 3.59 V             ; -0.0873 V          ; 0.332 V                             ; 0.189 V                             ; 4.6e-10 s                  ; 4.2e-10 s                  ; No                        ; Yes                       ;
; HEX1[4]       ; 3.3-V LVTTL  ; 0 s                 ; 0 s                 ; 3.46 V                       ; 1.9e-07 V                    ; 3.59 V              ; -0.0873 V           ; 0.332 V                              ; 0.189 V                              ; 4.6e-10 s                   ; 4.2e-10 s                   ; No                         ; Yes                        ; 3.46 V                      ; 1.9e-07 V                   ; 3.59 V             ; -0.0873 V          ; 0.332 V                             ; 0.189 V                             ; 4.6e-10 s                  ; 4.2e-10 s                  ; No                        ; Yes                       ;
; HEX1[3]       ; 3.3-V LVTTL  ; 0 s                 ; 0 s                 ; 3.46 V                       ; 1.9e-07 V                    ; 3.59 V              ; -0.0873 V           ; 0.332 V                              ; 0.189 V                              ; 4.6e-10 s                   ; 4.2e-10 s                   ; No                         ; Yes                        ; 3.46 V                      ; 1.9e-07 V                   ; 3.59 V             ; -0.0873 V          ; 0.332 V                             ; 0.189 V                             ; 4.6e-10 s                  ; 4.2e-10 s                  ; No                        ; Yes                       ;
; HEX1[2]       ; 3.3-V LVTTL  ; 0 s                 ; 0 s                 ; 3.46 V                       ; 1.9e-07 V                    ; 3.59 V              ; -0.0873 V           ; 0.332 V                              ; 0.189 V                              ; 4.6e-10 s                   ; 4.2e-10 s                   ; No                         ; Yes                        ; 3.46 V                      ; 1.9e-07 V                   ; 3.59 V             ; -0.0873 V          ; 0.332 V                             ; 0.189 V                             ; 4.6e-10 s                  ; 4.2e-10 s                  ; No                        ; Yes                       ;
; HEX1[1]       ; 3.3-V LVTTL  ; 0 s                 ; 0 s                 ; 3.46 V                       ; 1.9e-07 V                    ; 3.59 V              ; -0.0873 V           ; 0.332 V                              ; 0.189 V                              ; 4.6e-10 s                   ; 4.2e-10 s                   ; No                         ; Yes                        ; 3.46 V                      ; 1.9e-07 V                   ; 3.59 V             ; -0.0873 V          ; 0.332 V                             ; 0.189 V                             ; 4.6e-10 s                  ; 4.2e-10 s                  ; No                        ; Yes                       ;
; HEX1[0]       ; 3.3-V LVTTL  ; 0 s                 ; 0 s                 ; 3.46 V                       ; 1.9e-07 V                    ; 3.59 V              ; -0.0873 V           ; 0.332 V                              ; 0.189 V                              ; 4.6e-10 s                   ; 4.2e-10 s                   ; No                         ; Yes                        ; 3.46 V                      ; 1.9e-07 V                   ; 3.59 V             ; -0.0873 V          ; 0.332 V                             ; 0.189 V                             ; 4.6e-10 s                  ; 4.2e-10 s                  ; No                        ; Yes                       ;
; ROM_OUT[10]   ; 2.5 V        ; 0 s                 ; 0 s                 ; 2.62 V                       ; 4.11e-08 V                   ; 2.73 V              ; -0.0566 V           ; 0.191 V                              ; 0.12 V                               ; 2.69e-10 s                  ; 2.76e-10 s                  ; Yes                        ; Yes                        ; 2.62 V                      ; 4.11e-08 V                  ; 2.73 V             ; -0.0566 V          ; 0.191 V                             ; 0.12 V                              ; 2.69e-10 s                 ; 2.76e-10 s                 ; Yes                       ; Yes                       ;
; ROM_OUT[9]    ; 2.5 V        ; 0 s                 ; 0 s                 ; 2.62 V                       ; 4.11e-08 V                   ; 2.73 V              ; -0.0566 V           ; 0.191 V                              ; 0.12 V                               ; 2.69e-10 s                  ; 2.76e-10 s                  ; Yes                        ; Yes                        ; 2.62 V                      ; 4.11e-08 V                  ; 2.73 V             ; -0.0566 V          ; 0.191 V                             ; 0.12 V                              ; 2.69e-10 s                 ; 2.76e-10 s                 ; Yes                       ; Yes                       ;
; ROM_OUT[8]    ; 2.5 V        ; 0 s                 ; 0 s                 ; 2.62 V                       ; 4.11e-08 V                   ; 2.73 V              ; -0.0566 V           ; 0.191 V                              ; 0.12 V                               ; 2.69e-10 s                  ; 2.76e-10 s                  ; Yes                        ; Yes                        ; 2.62 V                      ; 4.11e-08 V                  ; 2.73 V             ; -0.0566 V          ; 0.191 V                             ; 0.12 V                              ; 2.69e-10 s                 ; 2.76e-10 s                 ; Yes                       ; Yes                       ;
; ROM_OUT[7]    ; 2.5 V        ; 0 s                 ; 0 s                 ; 2.62 V                       ; 4.11e-08 V                   ; 2.73 V              ; -0.0566 V           ; 0.191 V                              ; 0.12 V                               ; 2.69e-10 s                  ; 2.76e-10 s                  ; Yes                        ; Yes                        ; 2.62 V                      ; 4.11e-08 V                  ; 2.73 V             ; -0.0566 V          ; 0.191 V                             ; 0.12 V                              ; 2.69e-10 s                 ; 2.76e-10 s                 ; Yes                       ; Yes                       ;
; ROM_OUT[6]    ; 2.5 V        ; 0 s                 ; 0 s                 ; 2.62 V                       ; 4.11e-08 V                   ; 2.73 V              ; -0.0566 V           ; 0.191 V                              ; 0.12 V                               ; 2.69e-10 s                  ; 2.76e-10 s                  ; Yes                        ; Yes                        ; 2.62 V                      ; 4.11e-08 V                  ; 2.73 V             ; -0.0566 V          ; 0.191 V                             ; 0.12 V                              ; 2.69e-10 s                 ; 2.76e-10 s                 ; Yes                       ; Yes                       ;
; ROM_OUT[5]    ; 2.5 V        ; 0 s                 ; 0 s                 ; 2.62 V                       ; 4.11e-08 V                   ; 2.64 V              ; -0.011 V            ; 0.212 V                              ; 0.198 V                              ; 2.38e-09 s                  ; 2.29e-09 s                  ; No                         ; Yes                        ; 2.62 V                      ; 4.11e-08 V                  ; 2.64 V             ; -0.011 V           ; 0.212 V                             ; 0.198 V                             ; 2.38e-09 s                 ; 2.29e-09 s                 ; No                        ; Yes                       ;
; ROM_OUT[4]    ; 2.5 V        ; 0 s                 ; 0 s                 ; 2.62 V                       ; 4.11e-08 V                   ; 2.73 V              ; -0.0566 V           ; 0.191 V                              ; 0.12 V                               ; 2.69e-10 s                  ; 2.76e-10 s                  ; Yes                        ; Yes                        ; 2.62 V                      ; 4.11e-08 V                  ; 2.73 V             ; -0.0566 V          ; 0.191 V                             ; 0.12 V                              ; 2.69e-10 s                 ; 2.76e-10 s                 ; Yes                       ; Yes                       ;
; ROM_OUT[3]    ; 2.5 V        ; 0 s                 ; 0 s                 ; 2.62 V                       ; 4.11e-08 V                   ; 2.73 V              ; -0.0566 V           ; 0.191 V                              ; 0.12 V                               ; 2.69e-10 s                  ; 2.76e-10 s                  ; Yes                        ; Yes                        ; 2.62 V                      ; 4.11e-08 V                  ; 2.73 V             ; -0.0566 V          ; 0.191 V                             ; 0.12 V                              ; 2.69e-10 s                 ; 2.76e-10 s                 ; Yes                       ; Yes                       ;
; ROM_OUT[2]    ; 2.5 V        ; 0 s                 ; 0 s                 ; 2.62 V                       ; 4.11e-08 V                   ; 2.73 V              ; -0.0566 V           ; 0.191 V                              ; 0.12 V                               ; 2.69e-10 s                  ; 2.76e-10 s                  ; Yes                        ; Yes                        ; 2.62 V                      ; 4.11e-08 V                  ; 2.73 V             ; -0.0566 V          ; 0.191 V                             ; 0.12 V                              ; 2.69e-10 s                 ; 2.76e-10 s                 ; Yes                       ; Yes                       ;
; ROM_OUT[1]    ; 2.5 V        ; 0 s                 ; 0 s                 ; 2.62 V                       ; 4.11e-08 V                   ; 2.73 V              ; -0.0566 V           ; 0.191 V                              ; 0.12 V                               ; 2.69e-10 s                  ; 2.76e-10 s                  ; Yes                        ; Yes                        ; 2.62 V                      ; 4.11e-08 V                  ; 2.73 V             ; -0.0566 V          ; 0.191 V                             ; 0.12 V                              ; 2.69e-10 s                 ; 2.76e-10 s                 ; Yes                       ; Yes                       ;
; ROM_OUT[0]    ; 2.5 V        ; 0 s                 ; 0 s                 ; 2.62 V                       ; 4.11e-08 V                   ; 2.73 V              ; -0.0566 V           ; 0.191 V                              ; 0.12 V                               ; 2.69e-10 s                  ; 2.76e-10 s                  ; Yes                        ; Yes                        ; 2.62 V                      ; 4.11e-08 V                  ; 2.73 V             ; -0.0566 V          ; 0.191 V                             ; 0.12 V                              ; 2.69e-10 s                 ; 2.76e-10 s                 ; Yes                       ; Yes                       ;
; ~ALTERA_DCLK~ ; 3.3-V LVTTL  ; 0 s                 ; 0 s                 ; 3.46 V                       ; 6.52e-08 V                   ; 3.58 V              ; -0.064 V            ; 0.234 V                              ; 0.085 V                              ; 2.93e-10 s                  ; 3.07e-10 s                  ; Yes                        ; Yes                        ; 3.46 V                      ; 6.52e-08 V                  ; 3.58 V             ; -0.064 V           ; 0.234 V                             ; 0.085 V                             ; 2.93e-10 s                 ; 3.07e-10 s                 ; Yes                       ; Yes                       ;
; ~ALTERA_nCEO~ ; 3.3-V LVTTL  ; 0 s                 ; 0 s                 ; 3.46 V                       ; 1.29e-07 V                   ; 3.55 V              ; -0.053 V            ; 0.341 V                              ; 0.35 V                               ; 9.04e-10 s                  ; 7.28e-10 s                  ; No                         ; No                         ; 3.46 V                      ; 1.29e-07 V                  ; 3.55 V             ; -0.053 V           ; 0.341 V                             ; 0.35 V                              ; 9.04e-10 s                 ; 7.28e-10 s                 ; No                        ; No                        ;
+---------------+--------------+---------------------+---------------------+------------------------------+------------------------------+---------------------+---------------------+--------------------------------------+--------------------------------------+-----------------------------+-----------------------------+----------------------------+----------------------------+-----------------------------+-----------------------------+--------------------+--------------------+-------------------------------------+-------------------------------------+----------------------------+----------------------------+---------------------------+---------------------------+


+-------------------------------------------------------------------------------------------------------------------+
; Setup Transfers                                                                                                   ;
+-----------------------------------+-----------------------------------+----------+----------+----------+----------+
; From Clock                        ; To Clock                          ; RR Paths ; FR Paths ; RF Paths ; FF Paths ;
+-----------------------------------+-----------------------------------+----------+----------+----------+----------+
; ANTIRREBOTE:inst7|inst10          ; ANTIRREBOTE:inst7|inst10          ; 66       ; 0        ; 0        ; 0        ;
; CLOCK_50                          ; ANTIRREBOTE:inst7|inst10          ; 292      ; 0        ; 0        ; 0        ;
; CONTADOR_RIZO:inst|FFD:inst|inst  ; ANTIRREBOTE:inst7|inst10          ; 1        ; 1        ; 0        ; 0        ;
; ANTIRREBOTE:inst7|inst10          ; CLOCK_50                          ; 1        ; 1        ; 0        ; 0        ;
; CLOCK_50                          ; CLOCK_50                          ; 234      ; 0        ; 0        ; 0        ;
; CONTADOR_RIZO:inst|FFD:inst1|inst ; CLOCK_50                          ; 1        ; 2        ; 0        ; 0        ;
; CONTADOR_RIZO:inst|FFD:inst|inst  ; CLOCK_50                          ; 1        ; 1        ; 0        ; 0        ;
; CONTADOR_RIZO:inst|FFD:inst1|inst ; CONTADOR_RIZO:inst|FFD:inst1|inst ; 0        ; 0        ; 0        ; 1        ;
; CONTADOR_RIZO:inst|FFD:inst1|inst ; CONTADOR_RIZO:inst|FFD:inst|inst  ; 0        ; 0        ; 1        ; 1        ;
+-----------------------------------+-----------------------------------+----------+----------+----------+----------+
Entries labeled "false path" only account for clock-to-clock false paths and not path-based false paths. As a result, actual path counts may be lower than reported.


+-------------------------------------------------------------------------------------------------------------------+
; Hold Transfers                                                                                                    ;
+-----------------------------------+-----------------------------------+----------+----------+----------+----------+
; From Clock                        ; To Clock                          ; RR Paths ; FR Paths ; RF Paths ; FF Paths ;
+-----------------------------------+-----------------------------------+----------+----------+----------+----------+
; ANTIRREBOTE:inst7|inst10          ; ANTIRREBOTE:inst7|inst10          ; 66       ; 0        ; 0        ; 0        ;
; CLOCK_50                          ; ANTIRREBOTE:inst7|inst10          ; 292      ; 0        ; 0        ; 0        ;
; CONTADOR_RIZO:inst|FFD:inst|inst  ; ANTIRREBOTE:inst7|inst10          ; 1        ; 1        ; 0        ; 0        ;
; ANTIRREBOTE:inst7|inst10          ; CLOCK_50                          ; 1        ; 1        ; 0        ; 0        ;
; CLOCK_50                          ; CLOCK_50                          ; 234      ; 0        ; 0        ; 0        ;
; CONTADOR_RIZO:inst|FFD:inst1|inst ; CLOCK_50                          ; 1        ; 2        ; 0        ; 0        ;
; CONTADOR_RIZO:inst|FFD:inst|inst  ; CLOCK_50                          ; 1        ; 1        ; 0        ; 0        ;
; CONTADOR_RIZO:inst|FFD:inst1|inst ; CONTADOR_RIZO:inst|FFD:inst1|inst ; 0        ; 0        ; 0        ; 1        ;
; CONTADOR_RIZO:inst|FFD:inst1|inst ; CONTADOR_RIZO:inst|FFD:inst|inst  ; 0        ; 0        ; 1        ; 1        ;
+-----------------------------------+-----------------------------------+----------+----------+----------+----------+
Entries labeled "false path" only account for clock-to-clock false paths and not path-based false paths. As a result, actual path counts may be lower than reported.


+-------------------------------------------------------------------+
; Recovery Transfers                                                ;
+------------+----------+----------+----------+----------+----------+
; From Clock ; To Clock ; RR Paths ; FR Paths ; RF Paths ; FF Paths ;
+------------+----------+----------+----------+----------+----------+
; CLOCK_50   ; CLOCK_50 ; 22       ; 0        ; 0        ; 0        ;
+------------+----------+----------+----------+----------+----------+
Entries labeled "false path" only account for clock-to-clock false paths and not path-based false paths. As a result, actual path counts may be lower than reported.


+-------------------------------------------------------------------+
; Removal Transfers                                                 ;
+------------+----------+----------+----------+----------+----------+
; From Clock ; To Clock ; RR Paths ; FR Paths ; RF Paths ; FF Paths ;
+------------+----------+----------+----------+----------+----------+
; CLOCK_50   ; CLOCK_50 ; 22       ; 0        ; 0        ; 0        ;
+------------+----------+----------+----------+----------+----------+
Entries labeled "false path" only account for clock-to-clock false paths and not path-based false paths. As a result, actual path counts may be lower than reported.


---------------
; Report TCCS ;
---------------
No dedicated SERDES Transmitter circuitry present in device or used in design


---------------
; Report RSKM ;
---------------
No dedicated SERDES Receiver circuitry present in device or used in design


+------------------------------------------------+
; Unconstrained Paths                            ;
+---------------------------------+-------+------+
; Property                        ; Setup ; Hold ;
+---------------------------------+-------+------+
; Illegal Clocks                  ; 0     ; 0    ;
; Unconstrained Clocks            ; 0     ; 0    ;
; Unconstrained Input Ports       ; 3     ; 3    ;
; Unconstrained Input Port Paths  ; 37    ; 37   ;
; Unconstrained Output Ports      ; 38    ; 38   ;
; Unconstrained Output Port Paths ; 88    ; 88   ;
+---------------------------------+-------+------+


+------------------------------------+
; TimeQuest Timing Analyzer Messages ;
+------------------------------------+
Info: *******************************************************************
Info: Running Quartus II 64-Bit TimeQuest Timing Analyzer
    Info: Version 13.0.1 Build 232 06/12/2013 Service Pack 1 SJ Web Edition
    Info: Processing started: Mon Sep 28 19:24:33 2026
Info: Command: quartus_sta PROYECTO_TOP -c PROYECTO_TOP
Info: qsta_default_script.tcl version: #1
Warning (20028): Parallel compilation is not licensed and has been disabled
Info (21077): Core supply voltage is 1.2V
Info (21077): Low junction temperature is 0 degrees C
Info (21077): High junction temperature is 85 degrees C
Critical Warning (332012): Synopsys Design Constraints File file not found: 'PROYECTO_TOP.sdc'. A Synopsys Design Constraints File is required by the TimeQuest Timing Analyzer to get proper timing constraints. Without it, the Compiler will not properly optimize the design.
Info (332142): No user constrained base clocks found in the design. Calling "derive_clocks -period 1.0"
Info (332105): Deriving Clocks
    Info (332105): create_clock -period 1.000 -name CLOCK_50 CLOCK_50
    Info (332105): create_clock -period 1.000 -name CONTADOR_RIZO:inst|FFD:inst1|inst CONTADOR_RIZO:inst|FFD:inst1|inst
    Info (332105): create_clock -period 1.000 -name CONTADOR_RIZO:inst|FFD:inst|inst CONTADOR_RIZO:inst|FFD:inst|inst
    Info (332105): create_clock -period 1.000 -name ANTIRREBOTE:inst7|inst10 ANTIRREBOTE:inst7|inst10
Info (332143): No user constrained clock uncertainty found in the design. Calling "derive_clock_uncertainty"
Info (332123): Deriving Clock Uncertainty. Please refer to report_sdc in TimeQuest to see clock uncertainties.
Info: Found TIMEQUEST_REPORT_SCRIPT_INCLUDE_DEFAULT_ANALYSIS = ON
Info: Analyzing Slow 1200mV 85C Model
Critical Warning (332148): Timing requirements not met
    Info (11105): For recommendations on closing timing, run Report Timing Closure Recommendations in the TimeQuest Timing Analyzer.
Info (332146): Worst-case setup slack is -5.264
    Info (332119):     Slack End Point TNS Clock 
    Info (332119): ========= ============= =====================
    Info (332119):    -5.264       -37.879 ANTIRREBOTE:inst7|inst10 
    Info (332119):    -1.606       -20.927 CLOCK_50 
    Info (332119):     0.317         0.000 CONTADOR_RIZO:inst|FFD:inst1|inst 
    Info (332119):     0.375         0.000 CONTADOR_RIZO:inst|FFD:inst|inst 
Info (332146): Worst-case hold slack is -0.256
    Info (332119):     Slack End Point TNS Clock 
    Info (332119): ========= ============= =====================
    Info (332119):    -0.256        -0.256 ANTIRREBOTE:inst7|inst10 
    Info (332119):    -0.074        -0.074 CONTADOR_RIZO:inst|FFD:inst|inst 
    Info (332119):    -0.073        -0.118 CLOCK_50 
    Info (332119):     0.384         0.000 CONTADOR_RIZO:inst|FFD:inst1|inst 
Info (332146): Worst-case recovery slack is -0.717
    Info (332119):     Slack End Point TNS Clock 
    Info (332119): ========= ============= =====================
    Info (332119):    -0.717       -10.395 CLOCK_50 
Info (332146): Worst-case removal slack is 0.799
    Info (332119):     Slack End Point TNS Clock 
    Info (332119): ========= ============= =====================
    Info (332119):     0.799         0.000 CLOCK_50 
Info (332146): Worst-case minimum pulse width slack is -3.000
    Info (332119):     Slack End Point TNS Clock 
    Info (332119): ========= ============= =====================
    Info (332119):    -3.000       -29.187 CLOCK_50 
    Info (332119):    -1.000        -9.000 ANTIRREBOTE:inst7|inst10 
    Info (332119):    -1.000        -1.000 CONTADOR_RIZO:inst|FFD:inst1|inst 
    Info (332119):    -1.000        -1.000 CONTADOR_RIZO:inst|FFD:inst|inst 
Info: Analyzing Slow 1200mV 0C Model
Info (334003): Started post-fitting delay annotation
Info (334004): Delay annotation completed successfully
Info (332123): Deriving Clock Uncertainty. Please refer to report_sdc in TimeQuest to see clock uncertainties.
Critical Warning (332148): Timing requirements not met
    Info (11105): For recommendations on closing timing, run Report Timing Closure Recommendations in the TimeQuest Timing Analyzer.
Info (332146): Worst-case setup slack is -4.668
    Info (332119):     Slack End Point TNS Clock 
    Info (332119): ========= ============= =====================
    Info (332119):    -4.668       -33.594 ANTIRREBOTE:inst7|inst10 
    Info (332119):    -1.331       -16.302 CLOCK_50 
    Info (332119):     0.386         0.000 CONTADOR_RIZO:inst|FFD:inst|inst 
    Info (332119):     0.398         0.000 CONTADOR_RIZO:inst|FFD:inst1|inst 
Info (332146): Worst-case hold slack is -0.248
    Info (332119):     Slack End Point TNS Clock 
    Info (332119): ========= ============= =====================
    Info (332119):    -0.248        -0.248 ANTIRREBOTE:inst7|inst10 
    Info (332119):    -0.068        -0.083 CLOCK_50 
    Info (332119):    -0.054        -0.054 CONTADOR_RIZO:inst|FFD:inst|inst 
    Info (332119):     0.341         0.000 CONTADOR_RIZO:inst|FFD:inst1|inst 
Info (332146): Worst-case recovery slack is -0.531
    Info (332119):     Slack End Point TNS Clock 
    Info (332119): ========= ============= =====================
    Info (332119):    -0.531        -6.965 CLOCK_50 
Info (332146): Worst-case removal slack is 0.712
    Info (332119):     Slack End Point TNS Clock 
    Info (332119): ========= ============= =====================
    Info (332119):     0.712         0.000 CLOCK_50 
Info (332146): Worst-case minimum pulse width slack is -3.000
    Info (332119):     Slack End Point TNS Clock 
    Info (332119): ========= ============= =====================
    Info (332119):    -3.000       -29.191 CLOCK_50 
    Info (332119):    -1.000        -9.000 ANTIRREBOTE:inst7|inst10 
    Info (332119):    -1.000        -1.000 CONTADOR_RIZO:inst|FFD:inst1|inst 
    Info (332119):    -1.000        -1.000 CONTADOR_RIZO:inst|FFD:inst|inst 
Info: Analyzing Fast 1200mV 0C Model
Info (332123): Deriving Clock Uncertainty. Please refer to report_sdc in TimeQuest to see clock uncertainties.
Critical Warning (332148): Timing requirements not met
    Info (11105): For recommendations on closing timing, run Report Timing Closure Recommendations in the TimeQuest Timing Analyzer.
Info (332146): Worst-case setup slack is -2.235
    Info (332119):     Slack End Point TNS Clock 
    Info (332119): ========= ============= =====================
    Info (332119):    -2.235       -15.722 ANTIRREBOTE:inst7|inst10 
    Info (332119):    -0.461        -2.947 CLOCK_50 
    Info (332119):     0.453         0.000 CONTADOR_RIZO:inst|FFD:inst|inst 
    Info (332119):     0.624         0.000 CONTADOR_RIZO:inst|FFD:inst1|inst 
Info (332146): Worst-case hold slack is -0.196
    Info (332119):     Slack End Point TNS Clock 
    Info (332119): ========= ============= =====================
    Info (332119):    -0.196        -0.196 ANTIRREBOTE:inst7|inst10 
    Info (332119):    -0.105        -0.137 CLOCK_50 
    Info (332119):    -0.075        -0.075 CONTADOR_RIZO:inst|FFD:inst|inst 
    Info (332119):     0.206         0.000 CONTADOR_RIZO:inst|FFD:inst1|inst 
Info (332146): Worst-case recovery slack is 0.026
    Info (332119):     Slack End Point TNS Clock 
    Info (332119): ========= ============= =====================
    Info (332119):     0.026         0.000 CLOCK_50 
Info (332146): Worst-case removal slack is 0.450
    Info (332119):     Slack End Point TNS Clock 
    Info (332119): ========= ============= =====================
    Info (332119):     0.450         0.000 CLOCK_50 
Info (332146): Worst-case minimum pulse width slack is -3.000
    Info (332119):     Slack End Point TNS Clock 
    Info (332119): ========= ============= =====================
    Info (332119):    -3.000       -36.061 CLOCK_50 
    Info (332119):    -1.000        -9.000 ANTIRREBOTE:inst7|inst10 
    Info (332119):    -1.000        -1.000 CONTADOR_RIZO:inst|FFD:inst1|inst 
    Info (332119):    -1.000        -1.000 CONTADOR_RIZO:inst|FFD:inst|inst 
Info (332102): Design is not fully constrained for setup requirements
Info (332102): Design is not fully constrained for hold requirements
Info: Quartus II 64-Bit TimeQuest Timing Analyzer was successful. 0 errors, 5 warnings
    Info: Peak virtual memory: 4590 megabytes
    Info: Processing ended: Mon Sep 28 19:24:37 2026
    Info: Elapsed time: 00:00:04
    Info: Total CPU time (on all processors): 00:00:04


